  0
SECTION
  2
HEADER
  9
$ACADVER
  1
AC1018
  9
$HANDSEED
  5
FFFFFFFF
  9
$ANGBASE
  50
0.0
  9
$ANGDIR
  70
1
  9
$MEASUREMENT
  70
0
  9
$INSUNITS
  70
1
  0
ENDSEC
  0
SECTION
  2
TABLES
  0
TABLE
  2
APPID
  5
1
330
0
100
AcDbSymbolTable
 70
1
  0
APPID
  5
2
330
1
100
AcDbSymbolTableRecord
100
AcDbRegAppTableRecord
  2
ACAD
 70
0
  0
ENDTAB
  0
TABLE
  2
LTYPE
  5
3
330
0
100
AcDbSymbolTable
 70
6
  0
LTYPE
  5
4
330
3
100
AcDbSymbolTableRecord
100
AcDbLinetypeTableRecord
  2
ByBlock
 70
0
  3

 72
65
 73
0
 40
0
  0
LTYPE
  5
5
330
3
100
AcDbSymbolTableRecord
100
AcDbLinetypeTableRecord
  2
ByLayer
 70
0
  3

 72
65
 73
0
 40
0
  0
LTYPE
  5
6
330
3
100
AcDbSymbolTableRecord
100
AcDbLinetypeTableRecord
  2
CONTINUOUS
 70
0
  3
Solid line
 72
65
 73
0
 40
0
  0
LTYPE
  5
7
330
3
100
AcDbSymbolTableRecord
100
AcDbLinetypeTableRecord
  2
DASHDOT
 70
0
  3
Dash Dot ____ _ ____ _
 72
65
 73
4
 40
2
 49
1.25
 74
0
 49
-0.25
 74
0
 49
0.25
 74
0
 49
-0.25
 74
0
  0
LTYPE
  5
8
330
3
100
AcDbSymbolTableRecord
100
AcDbLinetypeTableRecord
  2
DASHED
 70
0
  3
Dashed __ __ __ __ __
 72
65
 73
2
 40
0.75
 49
0.5
 74
0
 49
-0.25
 74
0
  0
LTYPE
  5
9
330
3
100
AcDbSymbolTableRecord
100
AcDbLinetypeTableRecord
  2
DOTTED
 70
0
  3
Dotted .  .  .  .
 72
65
 73
2
 40
0.2
 49
0.0
 74
0
 49
-0.2
 74
0
  0
ENDTAB
  0
TABLE
  2
STYLE
  5
A
330
0
100
AcDbSymbolTable
 70
4
  0
STYLE
  5
B
330
A
100
AcDbSymbolTableRecord
100
AcDbTextStyleTableRecord
  2
KICAD
 70
0
 40
0
 41
1
 42
1
 50
0
 71
0
  3
isocp.shx
  0
STYLE
  5
C
330
A
100
AcDbSymbolTableRecord
100
AcDbTextStyleTableRecord
  2
KICADB
 70
0
 40
0
 41
1
 42
1
 50
0
 71
0
  3
isocp.shx
  0
STYLE
  5
D
330
A
100
AcDbSymbolTableRecord
100
AcDbTextStyleTableRecord
  2
KICADI
 70
0
 40
0
 41
1
 42
1
 50
15
 71
0
  3
isocp.shx
  0
STYLE
  5
E
330
A
100
AcDbSymbolTableRecord
100
AcDbTextStyleTableRecord
  2
KICADBI
 70
0
 40
0
 41
1
 42
1
 50
15
 71
0
  3
isocp.shx
  0
ENDTAB
  0
TABLE
  2
LAYER
  5
F
330
0
100
AcDbSymbolTable
 70
3
  0
LAYER
  5
12
330
F
100
AcDbSymbolTableRecord
100
AcDbLayerTableRecord
  2
0
 70
0
 62
7
  6
CONTINUOUS
390
10
  0
LAYER
  5
13
330
F
100
AcDbSymbolTableRecord
100
AcDbLayerTableRecord
  2
F.Silkscreen
 70
0
 62
41
420
15920545
  6
CONTINUOUS
390
10
  0
LAYER
  5
14
330
F
100
AcDbSymbolTableRecord
100
AcDbLayerTableRecord
  2
Edge.Cuts
 70
0
 62
254
420
13685453
  6
CONTINUOUS
390
10
  0
ENDTAB
  0
TABLE
  2
VPORT
  5
15
330
0
100
AcDbSymbolTable
 70
0
  0
ENDTAB
  0
TABLE
  2
VIEW
  5
16
330
0
100
AcDbSymbolTable
 70
0
  0
ENDTAB
  0
TABLE
  2
UCS
  5
17
330
0
100
AcDbSymbolTable
 70
0
  0
ENDTAB
  0
TABLE
  2
DIMSTYLE
  5
18
330
0
100
AcDbSymbolTable
 70
1
100
AcDbDimStyleTable
 71
0
  0
DIMSTYLE
105
19
330
18
100
AcDbSymbolTableRecord
100
AcDbDimStyleTableRecord
  2
Standard
 70
0
  0
ENDTAB
  0
TABLE
  2
BLOCK_RECORD
  5
1A
330
0
100
AcDbSymbolTable
 70
3
  0
BLOCK_RECORD
  5
1B
330
1A
100
AcDbSymbolTableRecord
100
AcDbBlockTableRecord
  2
*Model_Space
340
1E
 70
0
280
1
281
0
  0
BLOCK_RECORD
  5
1C
330
1A
100
AcDbSymbolTableRecord
100
AcDbBlockTableRecord
  2
*Paper_Space
340
1F
 70
0
280
1
281
0
  0
BLOCK_RECORD
  5
1D
330
1A
100
AcDbSymbolTableRecord
100
AcDbBlockTableRecord
  2
*Paper_Space0
340
20
 70
0
280
1
281
0
  0
ENDTAB
  0
ENDSEC
  0
SECTION
  2
BLOCKS
  0
BLOCK
  5
24
330
1B
100
AcDbEntity
  8
0
100
AcDbBlockBegin
  2
*Model_Space
 70
0
 10
0.0
 20
0.0
 30
0.0
  3
*Model_Space
  1

  0
ENDBLK
  5
23
330
1B
100
AcDbEntity
  8
0
100
AcDbBlockEnd
  0
BLOCK
  5
26
330
1C
100
AcDbEntity
 67
1
  8
0
100
AcDbBlockBegin
  2
*Paper_Space
 70
0
 10
0.0
 20
0.0
 30
0.0
  3
*Paper_Space
  1

  0
ENDBLK
  5
25
330
1C
100
AcDbEntity
 67
1
  8
0
100
AcDbBlockEnd
  0
BLOCK
  5
28
330
1D
100
AcDbEntity
 67
1
  8
0
100
AcDbBlockBegin
  2
*Paper_Space0
 70
0
 10
0.0
 20
0.0
 30
0.0
  3
*Paper_Space0
  1

  0
ENDBLK
  5
27
330
1D
100
AcDbEntity
 67
1
  8
0
100
AcDbBlockEnd
  0
ENDSEC
  0
SECTION
  2
ENTITIES
  0
LINE
  5
29
330
1B
100
AcDbEntity
  8
F.Silkscreen
  6
CONTINUOUS
100
AcDbLine
 10
6.3178458267716531
 20
-5.1553729921259839
 30
0
 11
6.3194175590551183
 21
-5.1557748425196852
 31
0
  0
LINE
  5
2A
330
1B
100
AcDbEntity
  8
F.Silkscreen
  6
CONTINUOUS
100
AcDbLine
 10
6.3194175590551183
 20
-5.1557748425196852
 30
0
 11
6.3205250393700787
 21
-5.1562997244094486
 31
0
  0
LINE
  5
2B
330
1B
100
AcDbEntity
  8
F.Silkscreen
  6
CONTINUOUS
100
AcDbLine
 10
6.3205250393700787
 20
-5.1562997244094486
 30
0
 11
6.3213883464566925
 21
-5.1570412204724407
 31
0
  0
LINE
  5
2C
330
1B
100
AcDbEntity
  8
F.Silkscreen
  6
CONTINUOUS
100
AcDbLine
 10
6.3213883464566925
 20
-5.1570412204724407
 30
0
 11
6.3219493700787401
 21
-5.1579837007874012
 31
0
  0
LINE
  5
2D
330
1B
100
AcDbEntity
  8
F.Silkscreen
  6
CONTINUOUS
100
AcDbLine
 10
6.3219493700787401
 20
-5.1579837007874012
 30
0
 11
6.3222577165354332
 21
-5.1591005118110234
 31
0
  0
LINE
  5
2E
330
1B
100
AcDbEntity
  8
F.Silkscreen
  6
CONTINUOUS
100
AcDbLine
 10
6.3222577165354332
 20
-5.1591005118110234
 30
0
 11
6.3223712598425195
 21
-5.1605439370078736
 31
0
  0
LINE
  5
2F
330
1B
100
AcDbEntity
  8
F.Silkscreen
  6
CONTINUOUS
100
AcDbLine
 10
6.3223712598425195
 20
-5.1605439370078736
 30
0
 11
6.3222566535433069
 21
-5.1619855511811021
 31
0
  0
LINE
  5
30
330
1B
100
AcDbEntity
  8
F.Silkscreen
  6
CONTINUOUS
100
AcDbLine
 10
6.3222566535433069
 20
-5.1619855511811021
 30
0
 11
6.3219493700787401
 21
-5.1630681102362201
 31
0
  0
LINE
  5
31
330
1B
100
AcDbEntity
  8
F.Silkscreen
  6
CONTINUOUS
100
AcDbLine
 10
6.3219493700787401
 20
-5.1630681102362201
 30
0
 11
6.3213902755905513
 21
-5.163963582677165
 31
0
  0
LINE
  5
32
330
1B
100
AcDbEntity
  8
F.Silkscreen
  6
CONTINUOUS
100
AcDbLine
 10
6.3213902755905513
 20
-5.163963582677165
 30
0
 11
6.3205250393700787
 21
-5.1646655511811019
 31
0
  0
LINE
  5
33
330
1B
100
AcDbEntity
  8
F.Silkscreen
  6
CONTINUOUS
100
AcDbLine
 10
6.3205250393700787
 20
-5.1646655511811019
 30
0
 11
6.3194145275590552
 21
-5.1651381889763774
 31
0
  0
LINE
  5
34
330
1B
100
AcDbEntity
  8
F.Silkscreen
  6
CONTINUOUS
100
AcDbLine
 10
6.3194145275590552
 20
-5.1651381889763774
 30
0
 11
6.3178025590551181
 21
-5.1654660629921256
 31
0
  0
LINE
  5
35
330
1B
100
AcDbEntity
  8
F.Silkscreen
  6
CONTINUOUS
100
AcDbLine
 10
6.3178025590551181
 20
-5.1654660629921256
 30
0
 11
6.3135727559055113
 21
-5.165675196850394
 31
0
  0
LINE
  5
36
330
1B
100
AcDbEntity
  8
F.Silkscreen
  6
CONTINUOUS
100
AcDbLine
 10
6.3135727559055113
 20
-5.165675196850394
 30
0
 11
6.309216771653543
 21
-5.165675196850394
 31
0
  0
LINE
  5
37
330
1B
100
AcDbEntity
  8
F.Silkscreen
  6
CONTINUOUS
100
AcDbLine
 10
6.309216771653543
 20
-5.165675196850394
 30
0
 11
6.309216771653543
 21
-5.1550773228346456
 31
0
  0
LINE
  5
38
330
1B
100
AcDbEntity
  8
F.Silkscreen
  6
CONTINUOUS
100
AcDbLine
 10
6.309216771653543
 20
-5.1550773228346456
 30
0
 11
6.3135727559055113
 21
-5.1550773228346456
 31
0
  0
LINE
  5
39
330
1B
100
AcDbEntity
  8
F.Silkscreen
  6
CONTINUOUS
100
AcDbLine
 10
6.3135727559055113
 20
-5.1550773228346456
 30
0
 11
6.3178458267716531
 21
-5.1553729921259839
 31
0
  0
LINE
  5
3A
330
1B
100
AcDbEntity
  8
F.Silkscreen
  6
CONTINUOUS
100
AcDbLine
 10
6.3165906692913385
 20
-5.1343082283464563
 30
0
 11
6.3189528346456694
 21
-5.1348876377952752
 31
0
  0
LINE
  5
3B
330
1B
100
AcDbEntity
  8
F.Silkscreen
  6
CONTINUOUS
100
AcDbLine
 10
6.3189528346456694
 20
-5.1348876377952752
 30
0
 11
6.3200374015748029
 21
-5.1356356299212598
 31
0
  0
LINE
  5
3C
330
1B
100
AcDbEntity
  8
F.Silkscreen
  6
CONTINUOUS
100
AcDbLine
 10
6.3200374015748029
 20
-5.1356356299212598
 30
0
 11
6.3207240551181103
 21
-5.1368650787401577
 31
0
  0
LINE
  5
3D
330
1B
100
AcDbEntity
  8
F.Silkscreen
  6
CONTINUOUS
100
AcDbLine
 10
6.3207240551181103
 20
-5.1368650787401577
 30
0
 11
6.3209865748031495
 21
-5.1387784251968505
 31
0
  0
LINE
  5
3E
330
1B
100
AcDbEntity
  8
F.Silkscreen
  6
CONTINUOUS
100
AcDbLine
 10
6.3209865748031495
 20
-5.1387784251968505
 30
0
 11
6.3207203149606297
 21
-5.1408078740157483
 31
0
  0
LINE
  5
3F
330
1B
100
AcDbEntity
  8
F.Silkscreen
  6
CONTINUOUS
100
AcDbLine
 10
6.3207203149606297
 20
-5.1408078740157483
 30
0
 11
6.3200292913385825
 21
-5.1421017322834643
 31
0
  0
LINE
  5
40
330
1B
100
AcDbEntity
  8
F.Silkscreen
  6
CONTINUOUS
100
AcDbLine
 10
6.3200292913385825
 20
-5.1421017322834643
 30
0
 11
6.3189528346456694
 21
-5.1428820078740154
 31
0
  0
LINE
  5
41
330
1B
100
AcDbEntity
  8
F.Silkscreen
  6
CONTINUOUS
100
AcDbLine
 10
6.3189528346456694
 20
-5.1428820078740154
 30
0
 11
6.316588818897638
 21
-5.1434893700787399
 31
0
  0
LINE
  5
42
330
1B
100
AcDbEntity
  8
F.Silkscreen
  6
CONTINUOUS
100
AcDbLine
 10
6.316588818897638
 20
-5.1434893700787399
 30
0
 11
6.3122818503937008
 21
-5.1437510236220474
 31
0
  0
LINE
  5
43
330
1B
100
AcDbEntity
  8
F.Silkscreen
  6
CONTINUOUS
100
AcDbLine
 10
6.3122818503937008
 20
-5.1437510236220474
 30
0
 11
6.309216771653543
 21
-5.1437510236220474
 31
0
  0
LINE
  5
44
330
1B
100
AcDbEntity
  8
F.Silkscreen
  6
CONTINUOUS
100
AcDbLine
 10
6.309216771653543
 20
-5.1437510236220474
 30
0
 11
6.309216771653543
 21
-5.1340582677165356
 31
0
  0
LINE
  5
45
330
1B
100
AcDbEntity
  8
F.Silkscreen
  6
CONTINUOUS
100
AcDbLine
 10
6.309216771653543
 20
-5.1340582677165356
 30
0
 11
6.3122818503937008
 21
-5.1340582677165356
 31
0
  0
LINE
  5
46
330
1B
100
AcDbEntity
  8
F.Silkscreen
  6
CONTINUOUS
100
AcDbLine
 10
6.3122818503937008
 20
-5.1340582677165356
 30
0
 11
6.3165906692913385
 21
-5.1343082283464563
 31
0
  0
LINE
  5
47
330
1B
100
AcDbEntity
  8
F.Silkscreen
  6
CONTINUOUS
100
AcDbLine
 10
5.8398930708661414
 20
-5.1549792913385826
 30
0
 11
5.8414648031496066
 21
-5.155381141732283
 31
0
  0
LINE
  5
48
330
1B
100
AcDbEntity
  8
F.Silkscreen
  6
CONTINUOUS
100
AcDbLine
 10
5.8414648031496066
 20
-5.155381141732283
 30
0
 11
5.842572283464567
 21
-5.1559060236220473
 31
0
  0
LINE
  5
49
330
1B
100
AcDbEntity
  8
F.Silkscreen
  6
CONTINUOUS
100
AcDbLine
 10
5.842572283464567
 20
-5.1559060236220473
 30
0
 11
5.8434355905511808
 21
-5.1566475196850394
 31
0
  0
LINE
  5
4A
330
1B
100
AcDbEntity
  8
F.Silkscreen
  6
CONTINUOUS
100
AcDbLine
 10
5.8434355905511808
 20
-5.1566475196850394
 30
0
 11
5.8439966141732285
 21
-5.1575899999999999
 31
0
  0
LINE
  5
4B
330
1B
100
AcDbEntity
  8
F.Silkscreen
  6
CONTINUOUS
100
AcDbLine
 10
5.8439966141732285
 20
-5.1575899999999999
 30
0
 11
5.8443049606299216
 21
-5.1587068110236221
 31
0
  0
LINE
  5
4C
330
1B
100
AcDbEntity
  8
F.Silkscreen
  6
CONTINUOUS
100
AcDbLine
 10
5.8443049606299216
 20
-5.1587068110236221
 30
0
 11
5.8444185039370078
 21
-5.1601502362204723
 31
0
  0
LINE
  5
4D
330
1B
100
AcDbEntity
  8
F.Silkscreen
  6
CONTINUOUS
100
AcDbLine
 10
5.8444185039370078
 20
-5.1601502362204723
 30
0
 11
5.8443038976377952
 21
-5.1615918503937008
 31
0
  0
LINE
  5
4E
330
1B
100
AcDbEntity
  8
F.Silkscreen
  6
CONTINUOUS
100
AcDbLine
 10
5.8443038976377952
 20
-5.1615918503937008
 30
0
 11
5.8439966141732285
 21
-5.1626744094488188
 31
0
  0
LINE
  5
4F
330
1B
100
AcDbEntity
  8
F.Silkscreen
  6
CONTINUOUS
100
AcDbLine
 10
5.8439966141732285
 20
-5.1626744094488188
 30
0
 11
5.8434375196850397
 21
-5.1635698818897637
 31
0
  0
LINE
  5
50
330
1B
100
AcDbEntity
  8
F.Silkscreen
  6
CONTINUOUS
100
AcDbLine
 10
5.8434375196850397
 20
-5.1635698818897637
 30
0
 11
5.842572283464567
 21
-5.1642718503937006
 31
0
  0
LINE
  5
51
330
1B
100
AcDbEntity
  8
F.Silkscreen
  6
CONTINUOUS
100
AcDbLine
 10
5.842572283464567
 20
-5.1642718503937006
 30
0
 11
5.8414617716535435
 21
-5.1647444881889761
 31
0
  0
LINE
  5
52
330
1B
100
AcDbEntity
  8
F.Silkscreen
  6
CONTINUOUS
100
AcDbLine
 10
5.8414617716535435
 20
-5.1647444881889761
 30
0
 11
5.8398498031496064
 21
-5.1650723622047243
 31
0
  0
LINE
  5
53
330
1B
100
AcDbEntity
  8
F.Silkscreen
  6
CONTINUOUS
100
AcDbLine
 10
5.8398498031496064
 20
-5.1650723622047243
 30
0
 11
5.8356199999999996
 21
-5.1652814960629918
 31
0
  0
LINE
  5
54
330
1B
100
AcDbEntity
  8
F.Silkscreen
  6
CONTINUOUS
100
AcDbLine
 10
5.8356199999999996
 20
-5.1652814960629918
 30
0
 11
5.8312640157480313
 21
-5.1652814960629918
 31
0
  0
LINE
  5
55
330
1B
100
AcDbEntity
  8
F.Silkscreen
  6
CONTINUOUS
100
AcDbLine
 10
5.8312640157480313
 20
-5.1652814960629918
 30
0
 11
5.8312640157480313
 21
-5.1546836220472443
 31
0
  0
LINE
  5
56
330
1B
100
AcDbEntity
  8
F.Silkscreen
  6
CONTINUOUS
100
AcDbLine
 10
5.8312640157480313
 20
-5.1546836220472443
 30
0
 11
5.8356199999999996
 21
-5.1546836220472443
 31
0
  0
LINE
  5
57
330
1B
100
AcDbEntity
  8
F.Silkscreen
  6
CONTINUOUS
100
AcDbLine
 10
5.8356199999999996
 20
-5.1546836220472443
 30
0
 11
5.8398930708661414
 21
-5.1549792913385826
 31
0
  0
LINE
  5
58
330
1B
100
AcDbEntity
  8
F.Silkscreen
  6
CONTINUOUS
100
AcDbLine
 10
5.8386379133858268
 20
-5.133914527559055
 30
0
 11
5.8410000787401577
 21
-5.1344939370078739
 31
0
  0
LINE
  5
59
330
1B
100
AcDbEntity
  8
F.Silkscreen
  6
CONTINUOUS
100
AcDbLine
 10
5.8410000787401577
 20
-5.1344939370078739
 30
0
 11
5.8420846456692912
 21
-5.1352419291338585
 31
0
  0
LINE
  5
5A
330
1B
100
AcDbEntity
  8
F.Silkscreen
  6
CONTINUOUS
100
AcDbLine
 10
5.8420846456692912
 20
-5.1352419291338585
 30
0
 11
5.8427712992125986
 21
-5.1364713779527555
 31
0
  0
LINE
  5
5B
330
1B
100
AcDbEntity
  8
F.Silkscreen
  6
CONTINUOUS
100
AcDbLine
 10
5.8427712992125986
 20
-5.1364713779527555
 30
0
 11
5.8430338188976378
 21
-5.1383847244094483
 31
0
  0
LINE
  5
5C
330
1B
100
AcDbEntity
  8
F.Silkscreen
  6
CONTINUOUS
100
AcDbLine
 10
5.8430338188976378
 20
-5.1383847244094483
 30
0
 11
5.842767559055118
 21
-5.1404141732283462
 31
0
  0
LINE
  5
5D
330
1B
100
AcDbEntity
  8
F.Silkscreen
  6
CONTINUOUS
100
AcDbLine
 10
5.842767559055118
 20
-5.1404141732283462
 30
0
 11
5.8420765354330708
 21
-5.141708031496063
 31
0
  0
LINE
  5
5E
330
1B
100
AcDbEntity
  8
F.Silkscreen
  6
CONTINUOUS
100
AcDbLine
 10
5.8420765354330708
 20
-5.141708031496063
 30
0
 11
5.8410000787401577
 21
-5.1424883070866141
 31
0
  0
LINE
  5
5F
330
1B
100
AcDbEntity
  8
F.Silkscreen
  6
CONTINUOUS
100
AcDbLine
 10
5.8410000787401577
 20
-5.1424883070866141
 30
0
 11
5.8386360629921255
 21
-5.1430956692913385
 31
0
  0
LINE
  5
60
330
1B
100
AcDbEntity
  8
F.Silkscreen
  6
CONTINUOUS
100
AcDbLine
 10
5.8386360629921255
 20
-5.1430956692913385
 30
0
 11
5.8343290944881891
 21
-5.1433573228346452
 31
0
  0
LINE
  5
61
330
1B
100
AcDbEntity
  8
F.Silkscreen
  6
CONTINUOUS
100
AcDbLine
 10
5.8343290944881891
 20
-5.1433573228346452
 30
0
 11
5.8312640157480313
 21
-5.1433573228346452
 31
0
  0
LINE
  5
62
330
1B
100
AcDbEntity
  8
F.Silkscreen
  6
CONTINUOUS
100
AcDbLine
 10
5.8312640157480313
 20
-5.1433573228346452
 30
0
 11
5.8312640157480313
 21
-5.1336645669291334
 31
0
  0
LINE
  5
63
330
1B
100
AcDbEntity
  8
F.Silkscreen
  6
CONTINUOUS
100
AcDbLine
 10
5.8312640157480313
 20
-5.1336645669291334
 30
0
 11
5.8343290944881891
 21
-5.1336645669291334
 31
0
  0
LINE
  5
64
330
1B
100
AcDbEntity
  8
F.Silkscreen
  6
CONTINUOUS
100
AcDbLine
 10
5.8343290944881891
 20
-5.1336645669291334
 30
0
 11
5.8386379133858268
 21
-5.133914527559055
 31
0
  0
LINE
  5
65
330
1B
100
AcDbEntity
  8
F.Silkscreen
  6
CONTINUOUS
100
AcDbLine
 10
5.7144668110236223
 20
-5.1526564173228344
 30
0
 11
5.70165125984252
 21
-5.1526564173228344
 31
0
  0
LINE
  5
66
330
1B
100
AcDbEntity
  8
F.Silkscreen
  6
CONTINUOUS
100
AcDbLine
 10
5.70165125984252
 20
-5.1526564173228344
 30
0
 11
5.70760468503937
 21
-5.1346555511811021
 31
0
  0
LINE
  5
67
330
1B
100
AcDbEntity
  8
F.Silkscreen
  6
CONTINUOUS
100
AcDbLine
 10
5.70760468503937
 20
-5.1346555511811021
 30
0
 11
5.7085962992125987
 21
-5.1346555511811021
 31
0
  0
LINE
  5
68
330
1B
100
AcDbEntity
  8
F.Silkscreen
  6
CONTINUOUS
100
AcDbLine
 10
5.7085962992125987
 20
-5.1346555511811021
 30
0
 11
5.7144668110236223
 21
-5.1526564173228344
 31
0
  0
LINE
  5
69
330
1B
100
AcDbEntity
  8
F.Silkscreen
  6
CONTINUOUS
100
AcDbLine
 10
6.1873014566929134
 20
-5.1526564173228344
 30
0
 11
6.1744859055118111
 21
-5.1526564173228344
 31
0
  0
LINE
  5
6A
330
1B
100
AcDbEntity
  8
F.Silkscreen
  6
CONTINUOUS
100
AcDbLine
 10
6.1744859055118111
 20
-5.1526564173228344
 30
0
 11
6.1804393307086611
 21
-5.1346555511811021
 31
0
  0
LINE
  5
6B
330
1B
100
AcDbEntity
  8
F.Silkscreen
  6
CONTINUOUS
100
AcDbLine
 10
6.1804393307086611
 20
-5.1346555511811021
 30
0
 11
6.1814309448818898
 21
-5.1346555511811021
 31
0
  0
LINE
  5
6C
330
1B
100
AcDbEntity
  8
F.Silkscreen
  6
CONTINUOUS
100
AcDbLine
 10
6.1814309448818898
 20
-5.1346555511811021
 30
0
 11
6.1873014566929134
 21
-5.1526564173228344
 31
0
  0
LINE
  5
6D
330
1B
100
AcDbEntity
  8
F.Silkscreen
  6
CONTINUOUS
100
AcDbLine
 10
6.3236296850393696
 20
-4.9809440944881889
 30
0
 11
6.3249081102362199
 21
-4.9822225196850392
 31
0
  0
LINE
  5
6E
330
1B
100
AcDbEntity
  8
F.Silkscreen
  6
CONTINUOUS
100
AcDbLine
 10
6.3249081102362199
 20
-4.9822225196850392
 30
0
 11
6.3249081102362199
 21
-4.9840304724409448
 31
0
  0
LINE
  5
6F
330
1B
100
AcDbEntity
  8
F.Silkscreen
  6
CONTINUOUS
100
AcDbLine
 10
6.3249081102362199
 20
-4.9840304724409448
 30
0
 11
6.3236296850393696
 21
-4.9853088976377951
 31
0
  0
LINE
  5
70
330
1B
100
AcDbEntity
  8
F.Silkscreen
  6
CONTINUOUS
100
AcDbLine
 10
6.3236296850393696
 20
-4.9853088976377951
 30
0
 11
6.3227257086614168
 21
-4.9854887007874016
 31
0
  0
LINE
  5
71
330
1B
100
AcDbEntity
  8
F.Silkscreen
  6
CONTINUOUS
100
AcDbLine
 10
6.3227257086614168
 20
-4.9854887007874016
 30
0
 11
6.1081587795275585
 21
-4.9854887007874016
 31
0
  0
LINE
  5
72
330
1B
100
AcDbEntity
  8
F.Silkscreen
  6
CONTINUOUS
100
AcDbLine
 10
6.1081587795275585
 20
-4.9854887007874016
 30
0
 11
6.1081587795275585
 21
-5.1106855511811027
 31
0
  0
LINE
  5
73
330
1B
100
AcDbEntity
  8
F.Silkscreen
  6
CONTINUOUS
100
AcDbLine
 10
6.1081587795275585
 20
-5.1106855511811027
 30
0
 11
6.3227257086614168
 21
-5.1106855511811027
 31
0
  0
LINE
  5
74
330
1B
100
AcDbEntity
  8
F.Silkscreen
  6
CONTINUOUS
100
AcDbLine
 10
6.3227257086614168
 20
-5.1106855511811027
 30
0
 11
6.3236296850393696
 21
-5.1108653543307083
 31
0
  0
LINE
  5
75
330
1B
100
AcDbEntity
  8
F.Silkscreen
  6
CONTINUOUS
100
AcDbLine
 10
6.3236296850393696
 20
-5.1108653543307083
 30
0
 11
6.3240404330708664
 21
-5.1112761023622042
 31
0
  0
LINE
  5
76
330
1B
100
AcDbEntity
  8
F.Silkscreen
  6
CONTINUOUS
100
AcDbLine
 10
6.3240404330708664
 20
-5.1112761023622042
 30
0
 11
6.3866036614173227
 21
-5.1112761023622042
 31
0
  0
LINE
  5
77
330
1B
100
AcDbEntity
  8
F.Silkscreen
  6
CONTINUOUS
100
AcDbLine
 10
6.3866036614173227
 20
-5.1112761023622042
 30
0
 11
6.3866036614173227
 21
-4.983126496062992
 31
0
  0
LINE
  5
78
330
1B
100
AcDbEntity
  8
F.Silkscreen
  6
CONTINUOUS
100
AcDbLine
 10
6.3866036614173227
 20
-4.983126496062992
 30
0
 11
6.3867834645669292
 21
-4.9822225196850392
 31
0
  0
LINE
  5
79
330
1B
100
AcDbEntity
  8
F.Silkscreen
  6
CONTINUOUS
100
AcDbLine
 10
6.3867834645669292
 20
-4.9822225196850392
 30
0
 11
6.3880618897637795
 21
-4.9809440944881889
 31
0
  0
LINE
  5
7A
330
1B
100
AcDbEntity
  8
F.Silkscreen
  6
CONTINUOUS
100
AcDbLine
 10
6.3880618897637795
 20
-4.9809440944881889
 30
0
 11
6.3889658661417323
 21
-4.9807642913385823
 31
0
  0
LINE
  5
7B
330
1B
100
AcDbEntity
  8
F.Silkscreen
  6
CONTINUOUS
100
AcDbLine
 10
6.3889658661417323
 20
-4.9807642913385823
 30
0
 11
6.6058949999999994
 21
-4.9807642913385823
 31
0
  0
LINE
  5
7C
330
1B
100
AcDbEntity
  8
F.Silkscreen
  6
CONTINUOUS
100
AcDbLine
 10
6.6058949999999994
 20
-4.9807642913385823
 30
0
 11
6.6067989763779522
 21
-4.9809440944881889
 31
0
  0
LINE
  5
7D
330
1B
100
AcDbEntity
  8
F.Silkscreen
  6
CONTINUOUS
100
AcDbLine
 10
6.6067989763779522
 20
-4.9809440944881889
 30
0
 11
6.6080774015748034
 21
-4.9822225196850392
 31
0
  0
LINE
  5
7E
330
1B
100
AcDbEntity
  8
F.Silkscreen
  6
CONTINUOUS
100
AcDbLine
 10
6.6080774015748034
 20
-4.9822225196850392
 30
0
 11
6.6080774015748034
 21
-4.9840304724409448
 31
0
  0
LINE
  5
7F
330
1B
100
AcDbEntity
  8
F.Silkscreen
  6
CONTINUOUS
100
AcDbLine
 10
6.6080774015748034
 20
-4.9840304724409448
 30
0
 11
6.6067989763779522
 21
-4.9853088976377951
 31
0
  0
LINE
  5
80
330
1B
100
AcDbEntity
  8
F.Silkscreen
  6
CONTINUOUS
100
AcDbLine
 10
6.6067989763779522
 20
-4.9853088976377951
 30
0
 11
6.6058949999999994
 21
-4.9854887007874016
 31
0
  0
LINE
  5
81
330
1B
100
AcDbEntity
  8
F.Silkscreen
  6
CONTINUOUS
100
AcDbLine
 10
6.6058949999999994
 20
-4.9854887007874016
 30
0
 11
6.391328070866142
 21
-4.9854887007874016
 31
0
  0
LINE
  5
82
330
1B
100
AcDbEntity
  8
F.Silkscreen
  6
CONTINUOUS
100
AcDbLine
 10
6.391328070866142
 20
-4.9854887007874016
 30
0
 11
6.391328070866142
 21
-5.1106855511811027
 31
0
  0
LINE
  5
83
330
1B
100
AcDbEntity
  8
F.Silkscreen
  6
CONTINUOUS
100
AcDbLine
 10
6.391328070866142
 20
-5.1106855511811027
 30
0
 11
6.6058949999999994
 21
-5.1106855511811027
 31
0
  0
LINE
  5
84
330
1B
100
AcDbEntity
  8
F.Silkscreen
  6
CONTINUOUS
100
AcDbLine
 10
6.6058949999999994
 20
-5.1106855511811027
 30
0
 11
6.6067989763779522
 21
-5.1108653543307083
 31
0
  0
LINE
  5
85
330
1B
100
AcDbEntity
  8
F.Silkscreen
  6
CONTINUOUS
100
AcDbLine
 10
6.6067989763779522
 20
-5.1108653543307083
 30
0
 11
6.6080774015748034
 21
-5.1121437795275586
 31
0
  0
LINE
  5
86
330
1B
100
AcDbEntity
  8
F.Silkscreen
  6
CONTINUOUS
100
AcDbLine
 10
6.6080774015748034
 20
-5.1121437795275586
 30
0
 11
6.6080774015748034
 21
-5.1139517322834642
 31
0
  0
LINE
  5
87
330
1B
100
AcDbEntity
  8
F.Silkscreen
  6
CONTINUOUS
100
AcDbLine
 10
6.6080774015748034
 20
-5.1139517322834642
 30
0
 11
6.6067989763779522
 21
-5.1152301574803145
 31
0
  0
LINE
  5
88
330
1B
100
AcDbEntity
  8
F.Silkscreen
  6
CONTINUOUS
100
AcDbLine
 10
6.6067989763779522
 20
-5.1152301574803145
 30
0
 11
6.6058949999999994
 21
-5.115409960629921
 31
0
  0
LINE
  5
89
330
1B
100
AcDbEntity
  8
F.Silkscreen
  6
CONTINUOUS
100
AcDbLine
 10
6.6058949999999994
 20
-5.115409960629921
 30
0
 11
6.5591430314960633
 21
-5.115409960629921
 31
0
  0
LINE
  5
8A
330
1B
100
AcDbEntity
  8
F.Silkscreen
  6
CONTINUOUS
100
AcDbLine
 10
6.5591430314960633
 20
-5.115409960629921
 30
0
 11
6.5591430314960633
 21
-5.1864729527559055
 31
0
  0
LINE
  5
8B
330
1B
100
AcDbEntity
  8
F.Silkscreen
  6
CONTINUOUS
100
AcDbLine
 10
6.5591430314960633
 20
-5.1864729527559055
 30
0
 11
6.5590862992125984
 21
-5.1870490157480313
 31
0
  0
LINE
  5
8C
330
1B
100
AcDbEntity
  8
F.Silkscreen
  6
CONTINUOUS
100
AcDbLine
 10
6.5590862992125984
 20
-5.1870490157480313
 30
0
 11
6.5586453937007869
 21
-5.1881134251968506
 31
0
  0
LINE
  5
8D
330
1B
100
AcDbEntity
  8
F.Silkscreen
  6
CONTINUOUS
100
AcDbLine
 10
6.5586453937007869
 20
-5.1881134251968506
 30
0
 11
6.5578307480314963
 21
-5.1889280708661421
 31
0
  0
LINE
  5
8E
330
1B
100
AcDbEntity
  8
F.Silkscreen
  6
CONTINUOUS
100
AcDbLine
 10
6.5578307480314963
 20
-5.1889280708661421
 30
0
 11
6.5571633858267715
 21
-5.1892044881889765
 31
0
  0
LINE
  5
8F
330
1B
100
AcDbEntity
  8
F.Silkscreen
  6
CONTINUOUS
100
AcDbLine
 10
6.5571633858267715
 20
-5.1892044881889765
 30
0
 11
6.5571633858267715
 21
-5.4496242519685039
 31
0
  0
LINE
  5
90
330
1B
100
AcDbEntity
  8
F.Silkscreen
  6
CONTINUOUS
100
AcDbLine
 10
6.5571633858267715
 20
-5.4496242519685039
 30
0
 11
6.5572641732283463
 21
-5.4498675984251967
 31
0
  0
LINE
  5
91
330
1B
100
AcDbEntity
  8
F.Silkscreen
  6
CONTINUOUS
100
AcDbLine
 10
6.5572641732283463
 20
-5.4498675984251967
 30
0
 11
6.5572641732283463
 21
-5.4518184645669292
 31
0
  0
LINE
  5
92
330
1B
100
AcDbEntity
  8
F.Silkscreen
  6
CONTINUOUS
100
AcDbLine
 10
6.5572641732283463
 20
-5.4518184645669292
 30
0
 11
6.5571633858267715
 21
-5.4520617716535433
 31
0
  0
LINE
  5
93
330
1B
100
AcDbEntity
  8
F.Silkscreen
  6
CONTINUOUS
100
AcDbLine
 10
6.5571633858267715
 20
-5.4520617716535433
 30
0
 11
6.5571633858267715
 21
-5.5807642913385829
 31
0
  0
LINE
  5
94
330
1B
100
AcDbEntity
  8
F.Silkscreen
  6
CONTINUOUS
100
AcDbLine
 10
6.5571633858267715
 20
-5.5807642913385829
 30
0
 11
6.5570673228346452
 21
-5.5817397244094487
 31
0
  0
LINE
  5
95
330
1B
100
AcDbEntity
  8
F.Silkscreen
  6
CONTINUOUS
100
AcDbLine
 10
6.5570673228346452
 20
-5.5817397244094487
 30
0
 11
6.5563207480314958
 21
-5.5835421259842519
 31
0
  0
LINE
  5
96
330
1B
100
AcDbEntity
  8
F.Silkscreen
  6
CONTINUOUS
100
AcDbLine
 10
6.5563207480314958
 20
-5.5835421259842519
 30
0
 11
6.5549412204724407
 21
-5.5849216535433071
 31
0
  0
LINE
  5
97
330
1B
100
AcDbEntity
  8
F.Silkscreen
  6
CONTINUOUS
100
AcDbLine
 10
6.5549412204724407
 20
-5.5849216535433071
 30
0
 11
6.5531388188976374
 21
-5.5856682283464565
 31
0
  0
LINE
  5
98
330
1B
100
AcDbEntity
  8
F.Silkscreen
  6
CONTINUOUS
100
AcDbLine
 10
6.5531388188976374
 20
-5.5856682283464565
 30
0
 11
6.5521633858267716
 21
-5.5857642913385828
 31
0
  0
LINE
  5
99
330
1B
100
AcDbEntity
  8
F.Silkscreen
  6
CONTINUOUS
100
AcDbLine
 10
6.5521633858267716
 20
-5.5857642913385828
 30
0
 11
6.0801161417322831
 21
-5.5857642913385828
 31
0
  0
LINE
  5
9A
330
1B
100
AcDbEntity
  8
F.Silkscreen
  6
CONTINUOUS
100
AcDbLine
 10
6.0801161417322831
 20
-5.5857642913385828
 30
0
 11
6.0791407086614173
 21
-5.5856682283464565
 31
0
  0
LINE
  5
9B
330
1B
100
AcDbEntity
  8
F.Silkscreen
  6
CONTINUOUS
100
AcDbLine
 10
6.0791407086614173
 20
-5.5856682283464565
 30
0
 11
6.0791230708661415
 21
-5.5856682283464565
 31
0
  0
LINE
  5
9C
330
1B
100
AcDbEntity
  8
F.Silkscreen
  6
CONTINUOUS
100
AcDbLine
 10
6.0791230708661415
 20
-5.5856682283464565
 30
0
 11
6.0781476377952757
 21
-5.5857642913385828
 31
0
  0
LINE
  5
9D
330
1B
100
AcDbEntity
  8
F.Silkscreen
  6
CONTINUOUS
100
AcDbLine
 10
6.0781476377952757
 20
-5.5857642913385828
 30
0
 11
5.6061003937007872
 21
-5.5857642913385828
 31
0
  0
LINE
  5
9E
330
1B
100
AcDbEntity
  8
F.Silkscreen
  6
CONTINUOUS
100
AcDbLine
 10
5.6061003937007872
 20
-5.5857642913385828
 30
0
 11
5.6051249606299214
 21
-5.5856682283464565
 31
0
  0
LINE
  5
9F
330
1B
100
AcDbEntity
  8
F.Silkscreen
  6
CONTINUOUS
100
AcDbLine
 10
5.6051249606299214
 20
-5.5856682283464565
 30
0
 11
5.6047312598425192
 21
-5.5856682283464565
 31
0
  0
LINE
  5
A0
330
1B
100
AcDbEntity
  8
F.Silkscreen
  6
CONTINUOUS
100
AcDbLine
 10
5.6047312598425192
 20
-5.5856682283464565
 30
0
 11
5.6029288582677168
 21
-5.5849216535433071
 31
0
  0
LINE
  5
A1
330
1B
100
AcDbEntity
  8
F.Silkscreen
  6
CONTINUOUS
100
AcDbLine
 10
5.6029288582677168
 20
-5.5849216535433071
 30
0
 11
5.6015493307086617
 21
-5.5835421259842519
 31
0
  0
LINE
  5
A2
330
1B
100
AcDbEntity
  8
F.Silkscreen
  6
CONTINUOUS
100
AcDbLine
 10
5.6015493307086617
 20
-5.5835421259842519
 30
0
 11
5.6008027559055114
 21
-5.5817397244094487
 31
0
  0
LINE
  5
A3
330
1B
100
AcDbEntity
  8
F.Silkscreen
  6
CONTINUOUS
100
AcDbLine
 10
5.6008027559055114
 20
-5.5817397244094487
 30
0
 11
5.600706692913386
 21
-5.5807642913385829
 31
0
  0
LINE
  5
A4
330
1B
100
AcDbEntity
  8
F.Silkscreen
  6
CONTINUOUS
100
AcDbLine
 10
5.600706692913386
 20
-5.5807642913385829
 30
0
 11
5.600706692913386
 21
-5.1882446062992127
 31
0
  0
LINE
  5
A5
330
1B
100
AcDbEntity
  8
F.Silkscreen
  6
CONTINUOUS
100
AcDbLine
 10
5.600706692913386
 20
-5.1882446062992127
 30
0
 11
5.6008027559055114
 21
-5.187269173228346
 31
0
  0
LINE
  5
A6
330
1B
100
AcDbEntity
  8
F.Silkscreen
  6
CONTINUOUS
100
AcDbLine
 10
5.6008027559055114
 20
-5.187269173228346
 30
0
 11
5.6015493307086617
 21
-5.1854667716535428
 31
0
  0
LINE
  5
A7
330
1B
100
AcDbEntity
  8
F.Silkscreen
  6
CONTINUOUS
100
AcDbLine
 10
5.6015493307086617
 20
-5.1854667716535428
 30
0
 11
5.6029288582677168
 21
-5.1840872440944885
 31
0
  0
LINE
  5
A8
330
1B
100
AcDbEntity
  8
F.Silkscreen
  6
CONTINUOUS
100
AcDbLine
 10
5.6029288582677168
 20
-5.1840872440944885
 30
0
 11
5.6035818503937005
 21
-5.1838167322834643
 31
0
  0
LINE
  5
A9
330
1B
100
AcDbEntity
  8
F.Silkscreen
  6
CONTINUOUS
100
AcDbLine
 10
5.6035818503937005
 20
-5.1838167322834643
 30
0
 11
5.6035655511811022
 21
-5.1838100000000003
 31
0
  0
LINE
  5
AA
330
1B
100
AcDbEntity
  8
F.Silkscreen
  6
CONTINUOUS
100
AcDbLine
 10
5.6035655511811022
 20
-5.1838100000000003
 30
0
 11
5.6027509055118108
 21
-5.1829953543307088
 31
0
  0
LINE
  5
AB
330
1B
100
AcDbEntity
  8
F.Silkscreen
  6
CONTINUOUS
100
AcDbLine
 10
5.6027509055118108
 20
-5.1829953543307088
 30
0
 11
5.6023100000000001
 21
-5.1819309448818895
 31
0
  0
LINE
  5
AC
330
1B
100
AcDbEntity
  8
F.Silkscreen
  6
CONTINUOUS
100
AcDbLine
 10
5.6023100000000001
 20
-5.1819309448818895
 30
0
 11
5.6022532677165353
 21
-5.1813548818897637
 31
0
  0
LINE
  5
AD
330
1B
100
AcDbEntity
  8
F.Silkscreen
  6
CONTINUOUS
100
AcDbLine
 10
5.6022532677165353
 20
-5.1813548818897637
 30
0
 11
5.6022532677165353
 21
-5.1193469685039368
 31
0
  0
LINE
  5
AE
330
1B
100
AcDbEntity
  8
F.Silkscreen
  6
CONTINUOUS
100
AcDbLine
 10
5.6022532677165353
 20
-5.1193469685039368
 30
0
 11
5.4967414566929129
 21
-5.1193469685039368
 31
0
  0
LINE
  5
AF
330
1B
100
AcDbEntity
  8
F.Silkscreen
  6
CONTINUOUS
100
AcDbLine
 10
5.4967414566929129
 20
-5.1193469685039368
 30
0
 11
5.4958374803149601
 21
-5.1191671653543303
 31
0
  0
LINE
  5
B0
330
1B
100
AcDbEntity
  8
F.Silkscreen
  6
CONTINUOUS
100
AcDbLine
 10
5.4958374803149601
 20
-5.1191671653543303
 30
0
 11
5.4945590551181098
 21
-5.11788874015748
 31
0
  0
LINE
  5
B1
330
1B
100
AcDbEntity
  8
F.Silkscreen
  6
CONTINUOUS
100
AcDbLine
 10
5.4945590551181098
 20
-5.11788874015748
 30
0
 11
5.4943792519685042
 21
-5.1169847637795272
 31
0
  0
LINE
  5
B2
330
1B
100
AcDbEntity
  8
F.Silkscreen
  6
CONTINUOUS
100
AcDbLine
 10
5.4943792519685042
 20
-5.1169847637795272
 30
0
 11
5.4943792519685042
 21
-4.9870635039370077
 31
0
  0
LINE
  5
B3
330
1B
100
AcDbEntity
  8
F.Silkscreen
  6
CONTINUOUS
100
AcDbLine
 10
5.4943792519685042
 20
-4.9870635039370077
 30
0
 11
5.4945590551181098
 21
-4.9861595275590549
 31
0
  0
LINE
  5
B4
330
1B
100
AcDbEntity
  8
F.Silkscreen
  6
CONTINUOUS
100
AcDbLine
 10
5.4945590551181098
 20
-4.9861595275590549
 30
0
 11
5.4958374803149601
 21
-4.9848811023622046
 31
0
  0
LINE
  5
B5
330
1B
100
AcDbEntity
  8
F.Silkscreen
  6
CONTINUOUS
100
AcDbLine
 10
5.4958374803149601
 20
-4.9848811023622046
 30
0
 11
5.4967414566929129
 21
-4.9847012992125981
 31
0
  0
LINE
  5
B6
330
1B
100
AcDbEntity
  8
F.Silkscreen
  6
CONTINUOUS
100
AcDbLine
 10
5.4967414566929129
 20
-4.9847012992125981
 30
0
 11
5.7136705905511809
 21
-4.9847012992125981
 31
0
  0
LINE
  5
B7
330
1B
100
AcDbEntity
  8
F.Silkscreen
  6
CONTINUOUS
100
AcDbLine
 10
5.7136705905511809
 20
-4.9847012992125981
 30
0
 11
5.7145745669291337
 21
-4.9848811023622046
 31
0
  0
LINE
  5
B8
330
1B
100
AcDbEntity
  8
F.Silkscreen
  6
CONTINUOUS
100
AcDbLine
 10
5.7145745669291337
 20
-4.9848811023622046
 30
0
 11
5.715852992125984
 21
-4.9861595275590549
 31
0
  0
LINE
  5
B9
330
1B
100
AcDbEntity
  8
F.Silkscreen
  6
CONTINUOUS
100
AcDbLine
 10
5.715852992125984
 20
-4.9861595275590549
 30
0
 11
5.715852992125984
 21
-4.9879674803149605
 31
0
  0
LINE
  5
BA
330
1B
100
AcDbEntity
  8
F.Silkscreen
  6
CONTINUOUS
100
AcDbLine
 10
5.715852992125984
 20
-4.9879674803149605
 30
0
 11
5.7145745669291337
 21
-4.9892459055118108
 31
0
  0
LINE
  5
BB
330
1B
100
AcDbEntity
  8
F.Silkscreen
  6
CONTINUOUS
100
AcDbLine
 10
5.7145745669291337
 20
-4.9892459055118108
 30
0
 11
5.7136705905511809
 21
-4.9894257086614173
 31
0
  0
LINE
  5
BC
330
1B
100
AcDbEntity
  8
F.Silkscreen
  6
CONTINUOUS
100
AcDbLine
 10
5.7136705905511809
 20
-4.9894257086614173
 30
0
 11
5.4991036614173225
 21
-4.9894257086614173
 31
0
  0
LINE
  5
BD
330
1B
100
AcDbEntity
  8
F.Silkscreen
  6
CONTINUOUS
100
AcDbLine
 10
5.4991036614173225
 20
-4.9894257086614173
 30
0
 11
5.4991036614173225
 21
-5.1146225590551184
 31
0
  0
LINE
  5
BE
330
1B
100
AcDbEntity
  8
F.Silkscreen
  6
CONTINUOUS
100
AcDbLine
 10
5.4991036614173225
 20
-5.1146225590551184
 30
0
 11
5.603078937007874
 21
-5.1146225590551184
 31
0
  0
LINE
  5
BF
330
1B
100
AcDbEntity
  8
F.Silkscreen
  6
CONTINUOUS
100
AcDbLine
 10
5.603078937007874
 20
-5.1146225590551184
 30
0
 11
5.6035655511811022
 21
-5.1141359448818893
 31
0
  0
LINE
  5
C0
330
1B
100
AcDbEntity
  8
F.Silkscreen
  6
CONTINUOUS
100
AcDbLine
 10
5.6035655511811022
 20
-5.1141359448818893
 30
0
 11
5.6046299606299215
 21
-5.1136950393700786
 31
0
  0
LINE
  5
C1
330
1B
100
AcDbEntity
  8
F.Silkscreen
  6
CONTINUOUS
100
AcDbLine
 10
5.6046299606299215
 20
-5.1136950393700786
 30
0
 11
5.6047590944881884
 21
-5.1136822834645672
 31
0
  0
LINE
  5
C2
330
1B
100
AcDbEntity
  8
F.Silkscreen
  6
CONTINUOUS
100
AcDbLine
 10
5.6047590944881884
 20
-5.1136822834645672
 30
0
 11
5.6047620078740152
 21
-5.1136527952755904
 31
0
  0
LINE
  5
C3
330
1B
100
AcDbEntity
  8
F.Silkscreen
  6
CONTINUOUS
100
AcDbLine
 10
5.6047620078740152
 20
-5.1136527952755904
 30
0
 11
5.6052029133858268
 21
-5.1125883858267711
 31
0
  0
LINE
  5
C4
330
1B
100
AcDbEntity
  8
F.Silkscreen
  6
CONTINUOUS
100
AcDbLine
 10
5.6052029133858268
 20
-5.1125883858267711
 30
0
 11
5.6060175590551182
 21
-5.1117737401574805
 31
0
  0
LINE
  5
C5
330
1B
100
AcDbEntity
  8
F.Silkscreen
  6
CONTINUOUS
100
AcDbLine
 10
5.6060175590551182
 20
-5.1117737401574805
 30
0
 11
5.6070819685039366
 21
-5.111332834645669
 31
0
  0
LINE
  5
C6
330
1B
100
AcDbEntity
  8
F.Silkscreen
  6
CONTINUOUS
100
AcDbLine
 10
5.6070819685039366
 20
-5.111332834645669
 30
0
 11
5.6076580314960625
 21
-5.1112761023622042
 31
0
  0
LINE
  5
C7
330
1B
100
AcDbEntity
  8
F.Silkscreen
  6
CONTINUOUS
100
AcDbLine
 10
5.6076580314960625
 20
-5.1112761023622042
 30
0
 11
5.7850288582677161
 21
-5.1112761023622042
 31
0
  0
LINE
  5
C8
330
1B
100
AcDbEntity
  8
F.Silkscreen
  6
CONTINUOUS
100
AcDbLine
 10
5.7850288582677161
 20
-5.1112761023622042
 30
0
 11
5.7850288582677161
 21
-4.9870635039370077
 31
0
  0
LINE
  5
C9
330
1B
100
AcDbEntity
  8
F.Silkscreen
  6
CONTINUOUS
100
AcDbLine
 10
5.7850288582677161
 20
-4.9870635039370077
 30
0
 11
5.7852086614173226
 21
-4.9861595275590549
 31
0
  0
LINE
  5
CA
330
1B
100
AcDbEntity
  8
F.Silkscreen
  6
CONTINUOUS
100
AcDbLine
 10
5.7852086614173226
 20
-4.9861595275590549
 30
0
 11
5.7864870866141729
 21
-4.9848811023622046
 31
0
  0
LINE
  5
CB
330
1B
100
AcDbEntity
  8
F.Silkscreen
  6
CONTINUOUS
100
AcDbLine
 10
5.7864870866141729
 20
-4.9848811023622046
 30
0
 11
5.7873910629921257
 21
-4.9847012992125981
 31
0
  0
LINE
  5
CC
330
1B
100
AcDbEntity
  8
F.Silkscreen
  6
CONTINUOUS
100
AcDbLine
 10
5.7873910629921257
 20
-4.9847012992125981
 30
0
 11
6.0043201968503936
 21
-4.9847012992125981
 31
0
  0
LINE
  5
CD
330
1B
100
AcDbEntity
  8
F.Silkscreen
  6
CONTINUOUS
100
AcDbLine
 10
6.0043201968503936
 20
-4.9847012992125981
 30
0
 11
6.0052241732283465
 21
-4.9848811023622046
 31
0
  0
LINE
  5
CE
330
1B
100
AcDbEntity
  8
F.Silkscreen
  6
CONTINUOUS
100
AcDbLine
 10
6.0052241732283465
 20
-4.9848811023622046
 30
0
 11
6.0065025984251967
 21
-4.9861595275590549
 31
0
  0
LINE
  5
CF
330
1B
100
AcDbEntity
  8
F.Silkscreen
  6
CONTINUOUS
100
AcDbLine
 10
6.0065025984251967
 20
-4.9861595275590549
 30
0
 11
6.0065025984251967
 21
-4.9879674803149605
 31
0
  0
LINE
  5
D0
330
1B
100
AcDbEntity
  8
F.Silkscreen
  6
CONTINUOUS
100
AcDbLine
 10
6.0065025984251967
 20
-4.9879674803149605
 30
0
 11
6.0052241732283465
 21
-4.9892459055118108
 31
0
  0
LINE
  5
D1
330
1B
100
AcDbEntity
  8
F.Silkscreen
  6
CONTINUOUS
100
AcDbLine
 10
6.0052241732283465
 20
-4.9892459055118108
 30
0
 11
6.0043201968503936
 21
-4.9894257086614173
 31
0
  0
LINE
  5
D2
330
1B
100
AcDbEntity
  8
F.Silkscreen
  6
CONTINUOUS
100
AcDbLine
 10
6.0043201968503936
 20
-4.9894257086614173
 30
0
 11
5.7897532677165353
 21
-4.9894257086614173
 31
0
  0
LINE
  5
D3
330
1B
100
AcDbEntity
  8
F.Silkscreen
  6
CONTINUOUS
100
AcDbLine
 10
5.7897532677165353
 20
-4.9894257086614173
 30
0
 11
5.7897532677165353
 21
-5.1112761023622042
 31
0
  0
LINE
  5
D4
330
1B
100
AcDbEntity
  8
F.Silkscreen
  6
CONTINUOUS
100
AcDbLine
 10
5.7897532677165353
 20
-5.1112761023622042
 30
0
 11
6.1034343700787401
 21
-5.1112761023622042
 31
0
  0
LINE
  5
D5
330
1B
100
AcDbEntity
  8
F.Silkscreen
  6
CONTINUOUS
100
AcDbLine
 10
6.1034343700787401
 20
-5.1112761023622042
 30
0
 11
6.1034343700787401
 21
-4.983126496062992
 31
0
  0
LINE
  5
D6
330
1B
100
AcDbEntity
  8
F.Silkscreen
  6
CONTINUOUS
100
AcDbLine
 10
6.1034343700787401
 20
-4.983126496062992
 30
0
 11
6.1036141732283467
 21
-4.9822225196850392
 31
0
  0
LINE
  5
D7
330
1B
100
AcDbEntity
  8
F.Silkscreen
  6
CONTINUOUS
100
AcDbLine
 10
6.1036141732283467
 20
-4.9822225196850392
 30
0
 11
6.1048925984251969
 21
-4.9809440944881889
 31
0
  0
LINE
  5
D8
330
1B
100
AcDbEntity
  8
F.Silkscreen
  6
CONTINUOUS
100
AcDbLine
 10
6.1048925984251969
 20
-4.9809440944881889
 30
0
 11
6.1057965748031497
 21
-4.9807642913385823
 31
0
  0
LINE
  5
D9
330
1B
100
AcDbEntity
  8
F.Silkscreen
  6
CONTINUOUS
100
AcDbLine
 10
6.1057965748031497
 20
-4.9807642913385823
 30
0
 11
6.3227257086614168
 21
-4.9807642913385823
 31
0
  0
LINE
  5
DA
330
1B
100
AcDbEntity
  8
F.Silkscreen
  6
CONTINUOUS
100
AcDbLine
 10
6.3227257086614168
 20
-4.9807642913385823
 30
0
 11
6.3236296850393696
 21
-4.9809440944881889
 31
0
  0
LINE
  5
DB
330
1B
100
AcDbEntity
  8
F.Silkscreen
  6
CONTINUOUS
100
AcDbLine
 10
6.0847224409448817
 20
-5.4558430314960633
 30
0
 11
6.0847224409448817
 21
-5.575764291338583
 31
0
  0
LINE
  5
DC
330
1B
100
AcDbEntity
  8
F.Silkscreen
  6
CONTINUOUS
100
AcDbLine
 10
6.0847224409448817
 20
-5.575764291338583
 30
0
 11
6.5471633858267717
 21
-5.575764291338583
 31
0
  0
LINE
  5
DD
330
1B
100
AcDbEntity
  8
F.Silkscreen
  6
CONTINUOUS
100
AcDbLine
 10
6.5471633858267717
 20
-5.575764291338583
 30
0
 11
6.5471633858267717
 21
-5.4558430314960633
 31
0
  0
LINE
  5
DE
330
1B
100
AcDbEntity
  8
F.Silkscreen
  6
CONTINUOUS
100
AcDbLine
 10
6.5471633858267717
 20
-5.4558430314960633
 30
0
 11
6.0847224409448817
 21
-5.4558430314960633
 31
0
  0
LINE
  5
DF
330
1B
100
AcDbEntity
  8
F.Silkscreen
  6
CONTINUOUS
100
AcDbLine
 10
5.6107066929133858
 20
-5.4558430314960633
 30
0
 11
5.6107066929133858
 21
-5.575764291338583
 31
0
  0
LINE
  5
E0
330
1B
100
AcDbEntity
  8
F.Silkscreen
  6
CONTINUOUS
100
AcDbLine
 10
5.6107066929133858
 20
-5.575764291338583
 30
0
 11
6.0731476377952758
 21
-5.575764291338583
 31
0
  0
LINE
  5
E1
330
1B
100
AcDbEntity
  8
F.Silkscreen
  6
CONTINUOUS
100
AcDbLine
 10
6.0731476377952758
 20
-5.575764291338583
 30
0
 11
6.0731476377952758
 21
-5.4558430314960633
 31
0
  0
LINE
  5
E2
330
1B
100
AcDbEntity
  8
F.Silkscreen
  6
CONTINUOUS
100
AcDbLine
 10
6.0731476377952758
 20
-5.4558430314960633
 30
0
 11
5.6107066929133858
 21
-5.4558430314960633
 31
0
  0
LINE
  5
E3
330
1B
100
AcDbEntity
  8
F.Silkscreen
  6
CONTINUOUS
100
AcDbLine
 10
6.4367326771653541
 20
-5.1894257086614175
 30
0
 11
6.4367326771653541
 21
-5.1904011417322833
 31
0
  0
LINE
  5
E4
330
1B
100
AcDbEntity
  8
F.Silkscreen
  6
CONTINUOUS
100
AcDbLine
 10
6.4367326771653541
 20
-5.1904011417322833
 30
0
 11
6.4359861023622047
 21
-5.1922035433070866
 31
0
  0
LINE
  5
E5
330
1B
100
AcDbEntity
  8
F.Silkscreen
  6
CONTINUOUS
100
AcDbLine
 10
6.4359861023622047
 20
-5.1922035433070866
 30
0
 11
6.4346065748031496
 21
-5.1935830708661417
 31
0
  0
LINE
  5
E6
330
1B
100
AcDbEntity
  8
F.Silkscreen
  6
CONTINUOUS
100
AcDbLine
 10
6.4346065748031496
 20
-5.1935830708661417
 30
0
 11
6.4328041732283463
 21
-5.1943296456692911
 31
0
  0
LINE
  5
E7
330
1B
100
AcDbEntity
  8
F.Silkscreen
  6
CONTINUOUS
100
AcDbLine
 10
6.4328041732283463
 20
-5.1943296456692911
 30
0
 11
6.4318287401574805
 21
-5.1944257086614174
 31
0
  0
LINE
  5
E8
330
1B
100
AcDbEntity
  8
F.Silkscreen
  6
CONTINUOUS
100
AcDbLine
 10
6.4318287401574805
 20
-5.1944257086614174
 30
0
 11
6.3500570866141732
 21
-5.1944257086614174
 31
0
  0
LINE
  5
E9
330
1B
100
AcDbEntity
  8
F.Silkscreen
  6
CONTINUOUS
100
AcDbLine
 10
6.3500570866141732
 20
-5.1944257086614174
 30
0
 11
6.3490816535433066
 21
-5.1943296456692911
 31
0
  0
LINE
  5
EA
330
1B
100
AcDbEntity
  8
F.Silkscreen
  6
CONTINUOUS
100
AcDbLine
 10
6.3490816535433066
 20
-5.1943296456692911
 30
0
 11
6.3472792519685042
 21
-5.1935830708661417
 31
0
  0
LINE
  5
EB
330
1B
100
AcDbEntity
  8
F.Silkscreen
  6
CONTINUOUS
100
AcDbLine
 10
6.3472792519685042
 20
-5.1935830708661417
 30
0
 11
6.345899724409449
 21
-5.1922035433070866
 31
0
  0
LINE
  5
EC
330
1B
100
AcDbEntity
  8
F.Silkscreen
  6
CONTINUOUS
100
AcDbLine
 10
6.345899724409449
 20
-5.1922035433070866
 30
0
 11
6.3451531496062987
 21
-5.1904011417322833
 31
0
  0
LINE
  5
ED
330
1B
100
AcDbEntity
  8
F.Silkscreen
  6
CONTINUOUS
100
AcDbLine
 10
6.3451531496062987
 20
-5.1904011417322833
 30
0
 11
6.3451531496062987
 21
-5.1894257086614175
 31
0
  0
LINE
  5
EE
330
1B
100
AcDbEntity
  8
F.Silkscreen
  6
CONTINUOUS
100
AcDbLine
 10
6.3451531496062987
 20
-5.1894257086614175
 30
0
 11
6.2866474803149606
 21
-5.1894257086614175
 31
0
  0
LINE
  5
EF
330
1B
100
AcDbEntity
  8
F.Silkscreen
  6
CONTINUOUS
100
AcDbLine
 10
6.2866474803149606
 20
-5.1894257086614175
 30
0
 11
6.2859861023622043
 21
-5.1910224409448817
 31
0
  0
LINE
  5
F0
330
1B
100
AcDbEntity
  8
F.Silkscreen
  6
CONTINUOUS
100
AcDbLine
 10
6.2859861023622043
 20
-5.1910224409448817
 30
0
 11
6.2846065748031492
 21
-5.1924019685039369
 31
0
  0
LINE
  5
F1
330
1B
100
AcDbEntity
  8
F.Silkscreen
  6
CONTINUOUS
100
AcDbLine
 10
6.2846065748031492
 20
-5.1924019685039369
 30
0
 11
6.2828041732283459
 21
-5.1931485433070863
 31
0
  0
LINE
  5
F2
330
1B
100
AcDbEntity
  8
F.Silkscreen
  6
CONTINUOUS
100
AcDbLine
 10
6.2828041732283459
 20
-5.1931485433070863
 30
0
 11
6.2818287401574802
 21
-5.1932446062992126
 31
0
  0
LINE
  5
F3
330
1B
100
AcDbEntity
  8
F.Silkscreen
  6
CONTINUOUS
100
AcDbLine
 10
6.2818287401574802
 20
-5.1932446062992126
 30
0
 11
6.2000570866141729
 21
-5.1932446062992126
 31
0
  0
LINE
  5
F4
330
1B
100
AcDbEntity
  8
F.Silkscreen
  6
CONTINUOUS
100
AcDbLine
 10
6.2000570866141729
 20
-5.1932446062992126
 30
0
 11
6.1990816535433071
 21
-5.1931485433070863
 31
0
  0
LINE
  5
F5
330
1B
100
AcDbEntity
  8
F.Silkscreen
  6
CONTINUOUS
100
AcDbLine
 10
6.1990816535433071
 20
-5.1931485433070863
 30
0
 11
6.1972792519685038
 21
-5.1924019685039369
 31
0
  0
LINE
  5
F6
330
1B
100
AcDbEntity
  8
F.Silkscreen
  6
CONTINUOUS
100
AcDbLine
 10
6.1972792519685038
 20
-5.1924019685039369
 30
0
 11
6.1958997244094487
 21
-5.1910224409448817
 31
0
  0
LINE
  5
F7
330
1B
100
AcDbEntity
  8
F.Silkscreen
  6
CONTINUOUS
100
AcDbLine
 10
6.1958997244094487
 20
-5.1910224409448817
 30
0
 11
6.1952383464566925
 21
-5.1894257086614175
 31
0
  0
LINE
  5
F8
330
1B
100
AcDbEntity
  8
F.Silkscreen
  6
CONTINUOUS
100
AcDbLine
 10
6.1952383464566925
 20
-5.1894257086614175
 30
0
 11
6.1471438582677163
 21
-5.1894257086614175
 31
0
  0
LINE
  5
F9
330
1B
100
AcDbEntity
  8
F.Silkscreen
  6
CONTINUOUS
100
AcDbLine
 10
6.1471438582677163
 20
-5.1894257086614175
 30
0
 11
6.146645551181102
 21
-5.1906287401574804
 31
0
  0
LINE
  5
FA
330
1B
100
AcDbEntity
  8
F.Silkscreen
  6
CONTINUOUS
100
AcDbLine
 10
6.146645551181102
 20
-5.1906287401574804
 30
0
 11
6.1452660236220469
 21
-5.1920082677165356
 31
0
  0
LINE
  5
FB
330
1B
100
AcDbEntity
  8
F.Silkscreen
  6
CONTINUOUS
100
AcDbLine
 10
6.1452660236220469
 20
-5.1920082677165356
 30
0
 11
6.1434636220472436
 21
-5.192754842519685
 31
0
  0
LINE
  5
FC
330
1B
100
AcDbEntity
  8
F.Silkscreen
  6
CONTINUOUS
100
AcDbLine
 10
6.1434636220472436
 20
-5.192754842519685
 30
0
 11
6.1424881889763778
 21
-5.1928509055118113
 31
0
  0
LINE
  5
FD
330
1B
100
AcDbEntity
  8
F.Silkscreen
  6
CONTINUOUS
100
AcDbLine
 10
6.1424881889763778
 20
-5.1928509055118113
 30
0
 11
6.0847224409448817
 21
-5.1928509055118113
 31
0
  0
LINE
  5
FE
330
1B
100
AcDbEntity
  8
F.Silkscreen
  6
CONTINUOUS
100
AcDbLine
 10
6.0847224409448817
 20
-5.1928509055118113
 30
0
 11
6.0847224409448817
 21
-5.4458430314960626
 31
0
  0
LINE
  5
FF
330
1B
100
AcDbEntity
  8
F.Silkscreen
  6
CONTINUOUS
100
AcDbLine
 10
6.0847224409448817
 20
-5.4458430314960626
 30
0
 11
6.5471633858267717
 21
-5.4458430314960626
 31
0
  0
LINE
  5
100
330
1B
100
AcDbEntity
  8
F.Silkscreen
  6
CONTINUOUS
100
AcDbLine
 10
6.5471633858267717
 20
-5.4458430314960626
 30
0
 11
6.5471633858267717
 21
-5.1948194094488187
 31
0
  0
LINE
  5
101
330
1B
100
AcDbEntity
  8
F.Silkscreen
  6
CONTINUOUS
100
AcDbLine
 10
6.5471633858267717
 20
-5.1948194094488187
 30
0
 11
6.4905787401574804
 21
-5.1948194094488187
 31
0
  0
LINE
  5
102
330
1B
100
AcDbEntity
  8
F.Silkscreen
  6
CONTINUOUS
100
AcDbLine
 10
6.4905787401574804
 20
-5.1948194094488187
 30
0
 11
6.4896033070866137
 21
-5.1947233464566924
 31
0
  0
LINE
  5
103
330
1B
100
AcDbEntity
  8
F.Silkscreen
  6
CONTINUOUS
100
AcDbLine
 10
6.4896033070866137
 20
-5.1947233464566924
 30
0
 11
6.4878009055118104
 21
-5.193976771653543
 31
0
  0
LINE
  5
104
330
1B
100
AcDbEntity
  8
F.Silkscreen
  6
CONTINUOUS
100
AcDbLine
 10
6.4878009055118104
 20
-5.193976771653543
 30
0
 11
6.4864213779527562
 21
-5.1925972440944879
 31
0
  0
LINE
  5
105
330
1B
100
AcDbEntity
  8
F.Silkscreen
  6
CONTINUOUS
100
AcDbLine
 10
6.4864213779527562
 20
-5.1925972440944879
 30
0
 11
6.4856748031496059
 21
-5.1907948425196846
 31
0
  0
LINE
  5
106
330
1B
100
AcDbEntity
  8
F.Silkscreen
  6
CONTINUOUS
100
AcDbLine
 10
6.4856748031496059
 20
-5.1907948425196846
 30
0
 11
6.4856748031496059
 21
-5.1894257086614175
 31
0
  0
LINE
  5
107
330
1B
100
AcDbEntity
  8
F.Silkscreen
  6
CONTINUOUS
100
AcDbLine
 10
6.4856748031496059
 20
-5.1894257086614175
 30
0
 11
6.4367326771653541
 21
-5.1894257086614175
 31
0
  0
LINE
  5
108
330
1B
100
AcDbEntity
  8
F.Silkscreen
  6
CONTINUOUS
100
AcDbLine
 10
5.9627169291338582
 20
-5.1894257086614175
 30
0
 11
5.9627169291338582
 21
-5.1904011417322833
 31
0
  0
LINE
  5
109
330
1B
100
AcDbEntity
  8
F.Silkscreen
  6
CONTINUOUS
100
AcDbLine
 10
5.9627169291338582
 20
-5.1904011417322833
 30
0
 11
5.9619703543307088
 21
-5.1922035433070866
 31
0
  0
LINE
  5
10A
330
1B
100
AcDbEntity
  8
F.Silkscreen
  6
CONTINUOUS
100
AcDbLine
 10
5.9619703543307088
 20
-5.1922035433070866
 30
0
 11
5.9605908267716536
 21
-5.1935830708661417
 31
0
  0
LINE
  5
10B
330
1B
100
AcDbEntity
  8
F.Silkscreen
  6
CONTINUOUS
100
AcDbLine
 10
5.9605908267716536
 20
-5.1935830708661417
 30
0
 11
5.9587884251968504
 21
-5.1943296456692911
 31
0
  0
LINE
  5
10C
330
1B
100
AcDbEntity
  8
F.Silkscreen
  6
CONTINUOUS
100
AcDbLine
 10
5.9587884251968504
 20
-5.1943296456692911
 30
0
 11
5.9578129921259837
 21
-5.1944257086614174
 31
0
  0
LINE
  5
10D
330
1B
100
AcDbEntity
  8
F.Silkscreen
  6
CONTINUOUS
100
AcDbLine
 10
5.9578129921259837
 20
-5.1944257086614174
 30
0
 11
5.8760413385826773
 21
-5.1944257086614174
 31
0
  0
LINE
  5
10E
330
1B
100
AcDbEntity
  8
F.Silkscreen
  6
CONTINUOUS
100
AcDbLine
 10
5.8760413385826773
 20
-5.1944257086614174
 30
0
 11
5.8750659055118106
 21
-5.1943296456692911
 31
0
  0
LINE
  5
10F
330
1B
100
AcDbEntity
  8
F.Silkscreen
  6
CONTINUOUS
100
AcDbLine
 10
5.8750659055118106
 20
-5.1943296456692911
 30
0
 11
5.8732635039370074
 21
-5.1935830708661417
 31
0
  0
LINE
  5
110
330
1B
100
AcDbEntity
  8
F.Silkscreen
  6
CONTINUOUS
100
AcDbLine
 10
5.8732635039370074
 20
-5.1935830708661417
 30
0
 11
5.8718839763779522
 21
-5.1922035433070866
 31
0
  0
LINE
  5
111
330
1B
100
AcDbEntity
  8
F.Silkscreen
  6
CONTINUOUS
100
AcDbLine
 10
5.8718839763779522
 20
-5.1922035433070866
 30
0
 11
5.8711374015748028
 21
-5.1904011417322833
 31
0
  0
LINE
  5
112
330
1B
100
AcDbEntity
  8
F.Silkscreen
  6
CONTINUOUS
100
AcDbLine
 10
5.8711374015748028
 20
-5.1904011417322833
 30
0
 11
5.8711374015748028
 21
-5.1894257086614175
 31
0
  0
LINE
  5
113
330
1B
100
AcDbEntity
  8
F.Silkscreen
  6
CONTINUOUS
100
AcDbLine
 10
5.8711374015748028
 20
-5.1894257086614175
 30
0
 11
5.8126317322834646
 21
-5.1894257086614175
 31
0
  0
LINE
  5
114
330
1B
100
AcDbEntity
  8
F.Silkscreen
  6
CONTINUOUS
100
AcDbLine
 10
5.8126317322834646
 20
-5.1894257086614175
 30
0
 11
5.8119703543307084
 21
-5.1910224409448817
 31
0
  0
LINE
  5
115
330
1B
100
AcDbEntity
  8
F.Silkscreen
  6
CONTINUOUS
100
AcDbLine
 10
5.8119703543307084
 20
-5.1910224409448817
 30
0
 11
5.8105908267716533
 21
-5.1924019685039369
 31
0
  0
LINE
  5
116
330
1B
100
AcDbEntity
  8
F.Silkscreen
  6
CONTINUOUS
100
AcDbLine
 10
5.8105908267716533
 20
-5.1924019685039369
 30
0
 11
5.80878842519685
 21
-5.1931485433070863
 31
0
  0
LINE
  5
117
330
1B
100
AcDbEntity
  8
F.Silkscreen
  6
CONTINUOUS
100
AcDbLine
 10
5.80878842519685
 20
-5.1931485433070863
 30
0
 11
5.8078129921259842
 21
-5.1932446062992126
 31
0
  0
LINE
  5
118
330
1B
100
AcDbEntity
  8
F.Silkscreen
  6
CONTINUOUS
100
AcDbLine
 10
5.8078129921259842
 20
-5.1932446062992126
 30
0
 11
5.7260413385826769
 21
-5.1932446062992126
 31
0
  0
LINE
  5
119
330
1B
100
AcDbEntity
  8
F.Silkscreen
  6
CONTINUOUS
100
AcDbLine
 10
5.7260413385826769
 20
-5.1932446062992126
 30
0
 11
5.7250659055118112
 21
-5.1931485433070863
 31
0
  0
LINE
  5
11A
330
1B
100
AcDbEntity
  8
F.Silkscreen
  6
CONTINUOUS
100
AcDbLine
 10
5.7250659055118112
 20
-5.1931485433070863
 30
0
 11
5.7232635039370079
 21
-5.1924019685039369
 31
0
  0
LINE
  5
11B
330
1B
100
AcDbEntity
  8
F.Silkscreen
  6
CONTINUOUS
100
AcDbLine
 10
5.7232635039370079
 20
-5.1924019685039369
 30
0
 11
5.7218839763779528
 21
-5.1910224409448817
 31
0
  0
LINE
  5
11C
330
1B
100
AcDbEntity
  8
F.Silkscreen
  6
CONTINUOUS
100
AcDbLine
 10
5.7218839763779528
 20
-5.1910224409448817
 30
0
 11
5.7212225984251965
 21
-5.1894257086614175
 31
0
  0
LINE
  5
11D
330
1B
100
AcDbEntity
  8
F.Silkscreen
  6
CONTINUOUS
100
AcDbLine
 10
5.7212225984251965
 20
-5.1894257086614175
 30
0
 11
5.6731281102362203
 21
-5.1894257086614175
 31
0
  0
LINE
  5
11E
330
1B
100
AcDbEntity
  8
F.Silkscreen
  6
CONTINUOUS
100
AcDbLine
 10
5.6731281102362203
 20
-5.1894257086614175
 30
0
 11
5.6726298031496061
 21
-5.1906287401574804
 31
0
  0
LINE
  5
11F
330
1B
100
AcDbEntity
  8
F.Silkscreen
  6
CONTINUOUS
100
AcDbLine
 10
5.6726298031496061
 20
-5.1906287401574804
 30
0
 11
5.6712502755905509
 21
-5.1920082677165356
 31
0
  0
LINE
  5
120
330
1B
100
AcDbEntity
  8
F.Silkscreen
  6
CONTINUOUS
100
AcDbLine
 10
5.6712502755905509
 20
-5.1920082677165356
 30
0
 11
5.6694478740157477
 21
-5.192754842519685
 31
0
  0
LINE
  5
121
330
1B
100
AcDbEntity
  8
F.Silkscreen
  6
CONTINUOUS
100
AcDbLine
 10
5.6694478740157477
 20
-5.192754842519685
 30
0
 11
5.6684724409448819
 21
-5.1928509055118113
 31
0
  0
LINE
  5
122
330
1B
100
AcDbEntity
  8
F.Silkscreen
  6
CONTINUOUS
100
AcDbLine
 10
5.6684724409448819
 20
-5.1928509055118113
 30
0
 11
5.6107066929133858
 21
-5.1928509055118113
 31
0
  0
LINE
  5
123
330
1B
100
AcDbEntity
  8
F.Silkscreen
  6
CONTINUOUS
100
AcDbLine
 10
5.6107066929133858
 20
-5.1928509055118113
 30
0
 11
5.6107066929133858
 21
-5.4458430314960626
 31
0
  0
LINE
  5
124
330
1B
100
AcDbEntity
  8
F.Silkscreen
  6
CONTINUOUS
100
AcDbLine
 10
5.6107066929133858
 20
-5.4458430314960626
 30
0
 11
6.0731476377952758
 21
-5.4458430314960626
 31
0
  0
LINE
  5
125
330
1B
100
AcDbEntity
  8
F.Silkscreen
  6
CONTINUOUS
100
AcDbLine
 10
6.0731476377952758
 20
-5.4458430314960626
 30
0
 11
6.0731476377952758
 21
-5.1948194094488187
 31
0
  0
LINE
  5
126
330
1B
100
AcDbEntity
  8
F.Silkscreen
  6
CONTINUOUS
100
AcDbLine
 10
6.0731476377952758
 20
-5.1948194094488187
 30
0
 11
6.0165629921259844
 21
-5.1948194094488187
 31
0
  0
LINE
  5
127
330
1B
100
AcDbEntity
  8
F.Silkscreen
  6
CONTINUOUS
100
AcDbLine
 10
6.0165629921259844
 20
-5.1948194094488187
 30
0
 11
6.0155875590551178
 21
-5.1947233464566924
 31
0
  0
LINE
  5
128
330
1B
100
AcDbEntity
  8
F.Silkscreen
  6
CONTINUOUS
100
AcDbLine
 10
6.0155875590551178
 20
-5.1947233464566924
 30
0
 11
6.0137851574803145
 21
-5.193976771653543
 31
0
  0
LINE
  5
129
330
1B
100
AcDbEntity
  8
F.Silkscreen
  6
CONTINUOUS
100
AcDbLine
 10
6.0137851574803145
 20
-5.193976771653543
 30
0
 11
6.0124056299212594
 21
-5.1925972440944879
 31
0
  0
LINE
  5
12A
330
1B
100
AcDbEntity
  8
F.Silkscreen
  6
CONTINUOUS
100
AcDbLine
 10
6.0124056299212594
 20
-5.1925972440944879
 30
0
 11
6.0116590551181099
 21
-5.1907948425196846
 31
0
  0
LINE
  5
12B
330
1B
100
AcDbEntity
  8
F.Silkscreen
  6
CONTINUOUS
100
AcDbLine
 10
6.0116590551181099
 20
-5.1907948425196846
 30
0
 11
6.0116590551181099
 21
-5.1894257086614175
 31
0
  0
LINE
  5
12C
330
1B
100
AcDbEntity
  8
F.Silkscreen
  6
CONTINUOUS
100
AcDbLine
 10
6.0116590551181099
 20
-5.1894257086614175
 30
0
 11
5.9627169291338582
 21
-5.1894257086614175
 31
0
  0
LINE
  5
12D
330
1B
100
AcDbEntity
  8
F.Silkscreen
  6
CONTINUOUS
100
AcDbLine
 10
6.285783503937008
 20
-5.1834162598425193
 30
0
 11
6.2855325984251964
 21
-5.1835201968503934
 31
0
  0
LINE
  5
12E
330
1B
100
AcDbEntity
  8
F.Silkscreen
  6
CONTINUOUS
100
AcDbLine
 10
6.2855325984251964
 20
-5.1835201968503934
 30
0
 11
6.2862696456692913
 21
-5.1835201968503934
 31
0
  0
LINE
  5
12F
330
1B
100
AcDbEntity
  8
F.Silkscreen
  6
CONTINUOUS
100
AcDbLine
 10
6.2862696456692913
 20
-5.1835201968503934
 30
0
 11
6.2862696456692913
 21
-5.1829301181102361
 31
0
  0
LINE
  5
130
330
1B
100
AcDbEntity
  8
F.Silkscreen
  6
CONTINUOUS
100
AcDbLine
 10
6.2862696456692913
 20
-5.1829301181102361
 30
0
 11
6.285783503937008
 21
-5.1834162598425193
 31
0
  0
LINE
  5
131
330
1B
100
AcDbEntity
  8
F.Silkscreen
  6
CONTINUOUS
100
AcDbLine
 10
6.2928313385826771
 20
-5.1437510236220474
 30
0
 11
6.2928313385826771
 21
-5.165675196850394
 31
0
  0
LINE
  5
132
330
1B
100
AcDbEntity
  8
F.Silkscreen
  6
CONTINUOUS
100
AcDbLine
 10
6.2928313385826771
 20
-5.165675196850394
 30
0
 11
6.2928313385826771
 21
-5.178598937007874
 31
0
  0
LINE
  5
133
330
1B
100
AcDbEntity
  8
F.Silkscreen
  6
CONTINUOUS
100
AcDbLine
 10
6.2928313385826771
 20
-5.178598937007874
 30
0
 11
6.3161185433070868
 21
-5.178598937007874
 31
0
  0
LINE
  5
134
330
1B
100
AcDbEntity
  8
F.Silkscreen
  6
CONTINUOUS
100
AcDbLine
 10
6.3161185433070868
 20
-5.178598937007874
 30
0
 11
6.32253968503937
 21
-5.1782785433070861
 31
0
  0
LINE
  5
135
330
1B
100
AcDbEntity
  8
F.Silkscreen
  6
CONTINUOUS
100
AcDbLine
 10
6.32253968503937
 20
-5.1782785433070861
 30
0
 11
6.3272609448818899
 21
-5.1774377952755906
 31
0
  0
LINE
  5
136
330
1B
100
AcDbEntity
  8
F.Silkscreen
  6
CONTINUOUS
100
AcDbLine
 10
6.3272609448818899
 20
-5.1774377952755906
 30
0
 11
6.3313748818897633
 21
-5.1759633858267717
 31
0
  0
LINE
  5
137
330
1B
100
AcDbEntity
  8
F.Silkscreen
  6
CONTINUOUS
100
AcDbLine
 10
6.3313748818897633
 20
-5.1759633858267717
 30
0
 11
6.3343033464566929
 21
-5.1741239370078738
 31
0
  0
LINE
  5
138
330
1B
100
AcDbEntity
  8
F.Silkscreen
  6
CONTINUOUS
100
AcDbLine
 10
6.3343033464566929
 20
-5.1741239370078738
 30
0
 11
6.3365307086614173
 21
-5.171719133858268
 31
0
  0
LINE
  5
139
330
1B
100
AcDbEntity
  8
F.Silkscreen
  6
CONTINUOUS
100
AcDbLine
 10
6.3365307086614173
 20
-5.171719133858268
 30
0
 11
6.3379525590551182
 21
-5.1688628740157476
 31
0
  0
LINE
  5
13A
330
1B
100
AcDbEntity
  8
F.Silkscreen
  6
CONTINUOUS
100
AcDbLine
 10
6.3379525590551182
 20
-5.1688628740157476
 30
0
 11
6.3387172834645664
 21
-5.1656337795275586
 31
0
  0
LINE
  5
13B
330
1B
100
AcDbEntity
  8
F.Silkscreen
  6
CONTINUOUS
100
AcDbLine
 10
6.3387172834645664
 20
-5.1656337795275586
 30
0
 11
6.3389874803149606
 21
-5.1618564960629918
 31
0
  0
LINE
  5
13C
330
1B
100
AcDbEntity
  8
F.Silkscreen
  6
CONTINUOUS
100
AcDbLine
 10
6.3389874803149606
 20
-5.1618564960629918
 30
0
 11
6.3386474803149602
 21
-5.1581346456692909
 31
0
  0
LINE
  5
13D
330
1B
100
AcDbEntity
  8
F.Silkscreen
  6
CONTINUOUS
100
AcDbLine
 10
6.3386474803149602
 20
-5.1581346456692909
 30
0
 11
6.3377202755905513
 21
-5.1552705118110236
 31
0
  0
LINE
  5
13E
330
1B
100
AcDbEntity
  8
F.Silkscreen
  6
CONTINUOUS
100
AcDbLine
 10
6.3377202755905513
 20
-5.1552705118110236
 30
0
 11
6.3362830314960625
 21
-5.1530724015748026
 31
0
  0
LINE
  5
13F
330
1B
100
AcDbEntity
  8
F.Silkscreen
  6
CONTINUOUS
100
AcDbLine
 10
6.3362830314960625
 20
-5.1530724015748026
 30
0
 11
6.3343290944881891
 21
-5.151245708661417
 31
0
  0
LINE
  5
140
330
1B
100
AcDbEntity
  8
F.Silkscreen
  6
CONTINUOUS
100
AcDbLine
 10
6.3343290944881891
 20
-5.151245708661417
 30
0
 11
6.3319547637795273
 21
-5.1497524409448818
 31
0
  0
LINE
  5
141
330
1B
100
AcDbEntity
  8
F.Silkscreen
  6
CONTINUOUS
100
AcDbLine
 10
6.3319547637795273
 20
-5.1497524409448818
 30
0
 11
6.3290927559055117
 21
-5.1485938188976377
 31
0
  0
LINE
  5
142
330
1B
100
AcDbEntity
  8
F.Silkscreen
  6
CONTINUOUS
100
AcDbLine
 10
6.3290927559055117
 20
-5.1485938188976377
 30
0
 11
6.3290927559055117
 21
-5.1482656692913382
 31
0
  0
LINE
  5
143
330
1B
100
AcDbEntity
  8
F.Silkscreen
  6
CONTINUOUS
100
AcDbLine
 10
6.3290927559055117
 20
-5.1482656692913382
 30
0
 11
6.3320589763779527
 21
-5.147128346456693
 31
0
  0
LINE
  5
144
330
1B
100
AcDbEntity
  8
F.Silkscreen
  6
CONTINUOUS
100
AcDbLine
 10
6.3320589763779527
 20
-5.147128346456693
 30
0
 11
6.3341549212598425
 21
-5.1457294881889766
 31
0
  0
LINE
  5
145
330
1B
100
AcDbEntity
  8
F.Silkscreen
  6
CONTINUOUS
100
AcDbLine
 10
6.3341549212598425
 20
-5.1457294881889766
 30
0
 11
6.3355690551181105
 21
-5.1440900000000003
 31
0
  0
LINE
  5
146
330
1B
100
AcDbEntity
  8
F.Silkscreen
  6
CONTINUOUS
100
AcDbLine
 10
6.3355690551181105
 20
-5.1440900000000003
 30
0
 11
6.3365343700787404
 21
-5.1421079527559055
 31
0
  0
LINE
  5
147
330
1B
100
AcDbEntity
  8
F.Silkscreen
  6
CONTINUOUS
100
AcDbLine
 10
6.3365343700787404
 20
-5.1421079527559055
 30
0
 11
6.3371507480314957
 21
-5.139698779527559
 31
0
  0
LINE
  5
148
330
1B
100
AcDbEntity
  8
F.Silkscreen
  6
CONTINUOUS
100
AcDbLine
 10
6.3371507480314957
 20
-5.139698779527559
 30
0
 11
6.3373720078740154
 21
-5.1367663385826772
 31
0
  0
LINE
  5
149
330
1B
100
AcDbEntity
  8
F.Silkscreen
  6
CONTINUOUS
100
AcDbLine
 10
6.3373720078740154
 20
-5.1367663385826772
 30
0
 11
6.3370883070866144
 21
-5.1330255905511812
 31
0
  0
LINE
  5
14A
330
1B
100
AcDbEntity
  8
F.Silkscreen
  6
CONTINUOUS
100
AcDbLine
 10
6.3370883070866144
 20
-5.1330255905511812
 30
0
 11
6.3362974409448816
 21
-5.1299474803149607
 31
0
  0
LINE
  5
14B
330
1B
100
AcDbEntity
  8
F.Silkscreen
  6
CONTINUOUS
100
AcDbLine
 10
6.3362974409448816
 20
-5.1299474803149607
 30
0
 11
6.3348416535433065
 21
-5.127271811023622
 31
0
  0
LINE
  5
14C
330
1B
100
AcDbEntity
  8
F.Silkscreen
  6
CONTINUOUS
100
AcDbLine
 10
6.3348416535433065
 20
-5.127271811023622
 30
0
 11
6.3325797244094488
 21
-5.125065039370079
 31
0
  0
LINE
  5
14D
330
1B
100
AcDbEntity
  8
F.Silkscreen
  6
CONTINUOUS
100
AcDbLine
 10
6.3325797244094488
 20
-5.125065039370079
 30
0
 11
6.3296344488188971
 21
-5.1234234645669288
 31
0
  0
LINE
  5
14E
330
1B
100
AcDbEntity
  8
F.Silkscreen
  6
CONTINUOUS
100
AcDbLine
 10
6.3296344488188971
 20
-5.1234234645669288
 30
0
 11
6.3254724015748032
 21
-5.1221297637795278
 31
0
  0
LINE
  5
14F
330
1B
100
AcDbEntity
  8
F.Silkscreen
  6
CONTINUOUS
100
AcDbLine
 10
6.3254724015748032
 20
-5.1221297637795278
 30
0
 11
6.320722834645669
 21
-5.1214098031496063
 31
0
  0
LINE
  5
150
330
1B
100
AcDbEntity
  8
F.Silkscreen
  6
CONTINUOUS
100
AcDbLine
 10
6.320722834645669
 20
-5.1214098031496063
 30
0
 11
6.3142362598425192
 21
-5.1211345275590547
 31
0
  0
LINE
  5
151
330
1B
100
AcDbEntity
  8
F.Silkscreen
  6
CONTINUOUS
100
AcDbLine
 10
6.3142362598425192
 20
-5.1211345275590547
 30
0
 11
6.2928313385826771
 21
-5.1211345275590547
 31
0
  0
LINE
  5
152
330
1B
100
AcDbEntity
  8
F.Silkscreen
  6
CONTINUOUS
100
AcDbLine
 10
6.2928313385826771
 20
-5.1211345275590547
 30
0
 11
6.2928313385826771
 21
-5.1437510236220474
 31
0
  0
LINE
  5
153
330
1B
100
AcDbEntity
  8
F.Silkscreen
  6
CONTINUOUS
100
AcDbLine
 10
6.0045115354330711
 20
-5.1193088976377954
 30
0
 11
6.0043201968503936
 21
-5.1193469685039368
 31
0
  0
LINE
  5
154
330
1B
100
AcDbEntity
  8
F.Silkscreen
  6
CONTINUOUS
100
AcDbLine
 10
6.0043201968503936
 20
-5.1193469685039368
 30
0
 11
6.0038690157480312
 21
-5.1193469685039368
 31
0
  0
LINE
  5
155
330
1B
100
AcDbEntity
  8
F.Silkscreen
  6
CONTINUOUS
100
AcDbLine
 10
6.0038690157480312
 20
-5.1193469685039368
 30
0
 11
5.998724881889764
 21
-5.1196516929133855
 31
0
  0
LINE
  5
156
330
1B
100
AcDbEntity
  8
F.Silkscreen
  6
CONTINUOUS
100
AcDbLine
 10
5.998724881889764
 20
-5.1196516929133855
 30
0
 11
5.9930727559055113
 21
-5.1207539370078736
 31
0
  0
LINE
  5
157
330
1B
100
AcDbEntity
  8
F.Silkscreen
  6
CONTINUOUS
100
AcDbLine
 10
5.9930727559055113
 20
-5.1207539370078736
 30
0
 11
5.9895576377952757
 21
-5.1219925984251971
 31
0
  0
LINE
  5
158
330
1B
100
AcDbEntity
  8
F.Silkscreen
  6
CONTINUOUS
100
AcDbLine
 10
5.9895576377952757
 20
-5.1219925984251971
 30
0
 11
5.9864856299212601
 21
-5.1236477559055116
 31
0
  0
LINE
  5
159
330
1B
100
AcDbEntity
  8
F.Silkscreen
  6
CONTINUOUS
100
AcDbLine
 10
5.9864856299212601
 20
-5.1236477559055116
 30
0
 11
5.9838018503937009
 21
-5.1257193307086615
 31
0
  0
LINE
  5
15A
330
1B
100
AcDbEntity
  8
F.Silkscreen
  6
CONTINUOUS
100
AcDbLine
 10
5.9838018503937009
 20
-5.1257193307086615
 30
0
 11
5.9815105118110239
 21
-5.1282107480314956
 31
0
  0
LINE
  5
15B
330
1B
100
AcDbEntity
  8
F.Silkscreen
  6
CONTINUOUS
100
AcDbLine
 10
5.9815105118110239
 20
-5.1282107480314956
 30
0
 11
5.9795507874015748
 21
-5.1312318503937009
 31
0
  0
LINE
  5
15C
330
1B
100
AcDbEntity
  8
F.Silkscreen
  6
CONTINUOUS
100
AcDbLine
 10
5.9795507874015748
 20
-5.1312318503937009
 30
0
 11
5.9779277559055117
 21
-5.134860433070866
 31
0
  0
LINE
  5
15D
330
1B
100
AcDbEntity
  8
F.Silkscreen
  6
CONTINUOUS
100
AcDbLine
 10
5.9779277559055117
 20
-5.134860433070866
 30
0
 11
5.9768299606299209
 21
-5.1386950787401577
 31
0
  0
LINE
  5
15E
330
1B
100
AcDbEntity
  8
F.Silkscreen
  6
CONTINUOUS
100
AcDbLine
 10
5.9768299606299209
 20
-5.1386950787401577
 30
0
 11
5.9761177165354331
 21
-5.1432985039370074
 31
0
  0
LINE
  5
15F
330
1B
100
AcDbEntity
  8
F.Silkscreen
  6
CONTINUOUS
100
AcDbLine
 10
5.9761177165354331
 20
-5.1432985039370074
 30
0
 11
5.9758615748031492
 21
-5.1488010236220472
 31
0
  0
LINE
  5
160
330
1B
100
AcDbEntity
  8
F.Silkscreen
  6
CONTINUOUS
100
AcDbLine
 10
5.9758615748031492
 20
-5.1488010236220472
 30
0
 11
5.9761141338582675
 21
-5.1548218503937004
 31
0
  0
LINE
  5
161
330
1B
100
AcDbEntity
  8
F.Silkscreen
  6
CONTINUOUS
100
AcDbLine
 10
5.9761141338582675
 20
-5.1548218503937004
 30
0
 11
5.9768042913385822
 21
-5.1596836220472442
 31
0
  0
LINE
  5
162
330
1B
100
AcDbEntity
  8
F.Silkscreen
  6
CONTINUOUS
100
AcDbLine
 10
5.9768042913385822
 20
-5.1596836220472442
 30
0
 11
5.9778448425196853
 21
-5.1635709842519688
 31
0
  0
LINE
  5
163
330
1B
100
AcDbEntity
  8
F.Silkscreen
  6
CONTINUOUS
100
AcDbLine
 10
5.9778448425196853
 20
-5.1635709842519688
 30
0
 11
5.9794294094488185
 21
-5.1672472834645671
 31
0
  0
LINE
  5
164
330
1B
100
AcDbEntity
  8
F.Silkscreen
  6
CONTINUOUS
100
AcDbLine
 10
5.9794294094488185
 20
-5.1672472834645671
 30
0
 11
5.9813510236220475
 21
-5.1702207874015746
 31
0
  0
LINE
  5
165
330
1B
100
AcDbEntity
  8
F.Silkscreen
  6
CONTINUOUS
100
AcDbLine
 10
5.9813510236220475
 20
-5.1702207874015746
 30
0
 11
5.9835999212598425
 21
-5.1725930708661414
 31
0
  0
LINE
  5
166
330
1B
100
AcDbEntity
  8
F.Silkscreen
  6
CONTINUOUS
100
AcDbLine
 10
5.9835999212598425
 20
-5.1725930708661414
 30
0
 11
5.9862503543307088
 21
-5.1745186614173226
 31
0
  0
LINE
  5
167
330
1B
100
AcDbEntity
  8
F.Silkscreen
  6
CONTINUOUS
100
AcDbLine
 10
5.9862503543307088
 20
-5.1745186614173226
 30
0
 11
5.9892930314960626
 21
-5.1760225984251971
 31
0
  0
LINE
  5
168
330
1B
100
AcDbEntity
  8
F.Silkscreen
  6
CONTINUOUS
100
AcDbLine
 10
5.9892930314960626
 20
-5.1760225984251971
 30
0
 11
5.9927878740157476
 21
-5.1771004724409444
 31
0
  0
LINE
  5
169
330
1B
100
AcDbEntity
  8
F.Silkscreen
  6
CONTINUOUS
100
AcDbLine
 10
5.9927878740157476
 20
-5.1771004724409444
 30
0
 11
5.9984135433070866
 21
-5.1780124015748035
 31
0
  0
LINE
  5
16A
330
1B
100
AcDbEntity
  8
F.Silkscreen
  6
CONTINUOUS
100
AcDbLine
 10
5.9984135433070866
 20
-5.1780124015748035
 30
0
 11
6.0051670866141729
 21
-5.1783409448818896
 31
0
  0
LINE
  5
16B
330
1B
100
AcDbEntity
  8
F.Silkscreen
  6
CONTINUOUS
100
AcDbLine
 10
6.0051670866141729
 20
-5.1783409448818896
 30
0
 11
6.010547165354331
 21
-5.1781353937007877
 31
0
  0
LINE
  5
16C
330
1B
100
AcDbEntity
  8
F.Silkscreen
  6
CONTINUOUS
100
AcDbLine
 10
6.010547165354331
 20
-5.1781353937007877
 30
0
 11
6.0159705118110232
 21
-5.1775548425196849
 31
0
  0
LINE
  5
16D
330
1B
100
AcDbEntity
  8
F.Silkscreen
  6
CONTINUOUS
100
AcDbLine
 10
6.0159705118110232
 20
-5.1775548425196849
 30
0
 11
6.0208529527559058
 21
-5.1766894094488185
 31
0
  0
LINE
  5
16E
330
1B
100
AcDbEntity
  8
F.Silkscreen
  6
CONTINUOUS
100
AcDbLine
 10
6.0208529527559058
 20
-5.1766894094488185
 30
0
 11
6.0247870472440948
 21
-5.1757013779527554
 31
0
  0
LINE
  5
16F
330
1B
100
AcDbEntity
  8
F.Silkscreen
  6
CONTINUOUS
100
AcDbLine
 10
6.0247870472440948
 20
-5.1757013779527554
 30
0
 11
6.0247870472440948
 21
-5.1425699212598426
 31
0
  0
LINE
  5
170
330
1B
100
AcDbEntity
  8
F.Silkscreen
  6
CONTINUOUS
100
AcDbLine
 10
6.0247870472440948
 20
-5.1425699212598426
 30
0
 11
6.00116811023622
 21
-5.1425699212598426
 31
0
  0
LINE
  5
171
330
1B
100
AcDbEntity
  8
F.Silkscreen
  6
CONTINUOUS
100
AcDbLine
 10
6.00116811023622
 20
-5.1425699212598426
 30
0
 11
6.00116811023622
 21
-5.1561859842519686
 31
0
  0
LINE
  5
172
330
1B
100
AcDbEntity
  8
F.Silkscreen
  6
CONTINUOUS
100
AcDbLine
 10
6.00116811023622
 20
-5.1561859842519686
 30
0
 11
6.0095555511811023
 21
-5.1561859842519686
 31
0
  0
LINE
  5
173
330
1B
100
AcDbEntity
  8
F.Silkscreen
  6
CONTINUOUS
100
AcDbLine
 10
6.0095555511811023
 20
-5.1561859842519686
 30
0
 11
6.0095555511811023
 21
-5.1646419291338583
 31
0
  0
LINE
  5
174
330
1B
100
AcDbEntity
  8
F.Silkscreen
  6
CONTINUOUS
100
AcDbLine
 10
6.0095555511811023
 20
-5.1646419291338583
 30
0
 11
6.0081167716535431
 21
-5.1647248818897635
 31
0
  0
LINE
  5
175
330
1B
100
AcDbEntity
  8
F.Silkscreen
  6
CONTINUOUS
100
AcDbLine
 10
6.0081167716535431
 20
-5.1647248818897635
 30
0
 11
6.005935157480315
 21
-5.1647248818897635
 31
0
  0
LINE
  5
176
330
1B
100
AcDbEntity
  8
F.Silkscreen
  6
CONTINUOUS
100
AcDbLine
 10
6.005935157480315
 20
-5.1647248818897635
 30
0
 11
6.0023434645669287
 21
-5.1645047244094489
 31
0
  0
LINE
  5
177
330
1B
100
AcDbEntity
  8
F.Silkscreen
  6
CONTINUOUS
100
AcDbLine
 10
6.0023434645669287
 20
-5.1645047244094489
 30
0
 11
5.9998086614173225
 21
-5.1639351574803145
 31
0
  0
LINE
  5
178
330
1B
100
AcDbEntity
  8
F.Silkscreen
  6
CONTINUOUS
100
AcDbLine
 10
5.9998086614173225
 20
-5.1639351574803145
 30
0
 11
5.9977110236220472
 21
-5.1628616929133857
 31
0
  0
LINE
  5
179
330
1B
100
AcDbEntity
  8
F.Silkscreen
  6
CONTINUOUS
100
AcDbLine
 10
5.9977110236220472
 20
-5.1628616929133857
 30
0
 11
5.9961882677165352
 21
-5.1612811811023622
 31
0
  0
LINE
  5
17A
330
1B
100
AcDbEntity
  8
F.Silkscreen
  6
CONTINUOUS
100
AcDbLine
 10
5.9961882677165352
 20
-5.1612811811023622
 30
0
 11
5.9951655118110239
 21
-5.1592132677165354
 31
0
  0
LINE
  5
17B
330
1B
100
AcDbEntity
  8
F.Silkscreen
  6
CONTINUOUS
100
AcDbLine
 10
5.9951655118110239
 20
-5.1592132677165354
 30
0
 11
5.9945042913385826
 21
-5.1563446456692912
 31
0
  0
LINE
  5
17C
330
1B
100
AcDbEntity
  8
F.Silkscreen
  6
CONTINUOUS
100
AcDbLine
 10
5.9945042913385826
 20
-5.1563446456692912
 30
0
 11
5.9942059448818901
 21
-5.1530973622047247
 31
0
  0
LINE
  5
17D
330
1B
100
AcDbEntity
  8
F.Silkscreen
  6
CONTINUOUS
100
AcDbLine
 10
5.9942059448818901
 20
-5.1530973622047247
 30
0
 11
5.9940932283464567
 21
-5.1487901968503937
 31
0
  0
LINE
  5
17E
330
1B
100
AcDbEntity
  8
F.Silkscreen
  6
CONTINUOUS
100
AcDbLine
 10
5.9940932283464567
 20
-5.1487901968503937
 30
0
 11
5.994262834645669
 21
-5.1446398031496061
 31
0
  0
LINE
  5
17F
330
1B
100
AcDbEntity
  8
F.Silkscreen
  6
CONTINUOUS
100
AcDbLine
 10
5.994262834645669
 20
-5.1446398031496061
 30
0
 11
5.9947134645669289
 21
-5.1414881496062987
 31
0
  0
LINE
  5
180
330
1B
100
AcDbEntity
  8
F.Silkscreen
  6
CONTINUOUS
100
AcDbLine
 10
5.9947134645669289
 20
-5.1414881496062987
 30
0
 11
5.9955831496062988
 21
-5.1387063385826774
 31
0
  0
LINE
  5
181
330
1B
100
AcDbEntity
  8
F.Silkscreen
  6
CONTINUOUS
100
AcDbLine
 10
5.9955831496062988
 20
-5.1387063385826774
 30
0
 11
5.9968193307086617
 21
-5.1366345669291338
 31
0
  0
LINE
  5
182
330
1B
100
AcDbEntity
  8
F.Silkscreen
  6
CONTINUOUS
100
AcDbLine
 10
5.9968193307086617
 20
-5.1366345669291338
 30
0
 11
5.9985212204724405
 21
-5.1350364173228344
 31
0
  0
LINE
  5
183
330
1B
100
AcDbEntity
  8
F.Silkscreen
  6
CONTINUOUS
100
AcDbLine
 10
5.9985212204724405
 20
-5.1350364173228344
 30
0
 11
6.0007065354330704
 21
-5.1339372834645669
 31
0
  0
LINE
  5
184
330
1B
100
AcDbEntity
  8
F.Silkscreen
  6
CONTINUOUS
100
AcDbLine
 10
6.0007065354330704
 20
-5.1339372834645669
 30
0
 11
6.0032716141732285
 21
-5.1333354724409448
 31
0
  0
LINE
  5
185
330
1B
100
AcDbEntity
  8
F.Silkscreen
  6
CONTINUOUS
100
AcDbLine
 10
6.0032716141732285
 20
-5.1333354724409448
 30
0
 11
6.0067428740157478
 21
-5.1331079133858264
 31
0
  0
LINE
  5
186
330
1B
100
AcDbEntity
  8
F.Silkscreen
  6
CONTINUOUS
100
AcDbLine
 10
6.0067428740157478
 20
-5.1331079133858264
 30
0
 11
6.0100953543307085
 21
-5.133248622047244
 31
0
  0
LINE
  5
187
330
1B
100
AcDbEntity
  8
F.Silkscreen
  6
CONTINUOUS
100
AcDbLine
 10
6.0100953543307085
 20
-5.133248622047244
 30
0
 11
6.0138069291338585
 21
-5.1336920866141735
 31
0
  0
LINE
  5
188
330
1B
100
AcDbEntity
  8
F.Silkscreen
  6
CONTINUOUS
100
AcDbLine
 10
6.0138069291338585
 20
-5.1336920866141735
 30
0
 11
6.0175121259842514
 21
-5.1344280708661421
 31
0
  0
LINE
  5
189
330
1B
100
AcDbEntity
  8
F.Silkscreen
  6
CONTINUOUS
100
AcDbLine
 10
6.0175121259842514
 20
-5.1344280708661421
 30
0
 11
6.0210404724409443
 21
-5.1354518110236222
 31
0
  0
LINE
  5
18A
330
1B
100
AcDbEntity
  8
F.Silkscreen
  6
CONTINUOUS
100
AcDbLine
 10
6.0210404724409443
 20
-5.1354518110236222
 30
0
 11
6.0210404724409443
 21
-5.1211578346456692
 31
0
  0
LINE
  5
18B
330
1B
100
AcDbEntity
  8
F.Silkscreen
  6
CONTINUOUS
100
AcDbLine
 10
6.0210404724409443
 20
-5.1211578346456692
 30
0
 11
6.0178961023622044
 21
-5.1204149999999995
 31
0
  0
LINE
  5
18C
330
1B
100
AcDbEntity
  8
F.Silkscreen
  6
CONTINUOUS
100
AcDbLine
 10
6.0178961023622044
 20
-5.1204149999999995
 30
0
 11
6.0139655905511811
 21
-5.1198380314960632
 31
0
  0
LINE
  5
18D
330
1B
100
AcDbEntity
  8
F.Silkscreen
  6
CONTINUOUS
100
AcDbLine
 10
6.0139655905511811
 20
-5.1198380314960632
 30
0
 11
6.0096204330708662
 21
-5.1194269685039373
 31
0
  0
LINE
  5
18E
330
1B
100
AcDbEntity
  8
F.Silkscreen
  6
CONTINUOUS
100
AcDbLine
 10
6.0096204330708662
 20
-5.1194269685039373
 30
0
 11
6.0053185433070864
 21
-5.1192611023622048
 31
0
  0
LINE
  5
18F
330
1B
100
AcDbEntity
  8
F.Silkscreen
  6
CONTINUOUS
100
AcDbLine
 10
6.0053185433070864
 20
-5.1192611023622048
 30
0
 11
6.0045115354330711
 21
-5.1193088976377954
 31
0
  0
LINE
  5
190
330
1B
100
AcDbEntity
  8
F.Silkscreen
  6
CONTINUOUS
100
AcDbLine
 10
6.4743154330708661
 20
-5.1196516929133855
 30
0
 11
6.4686633070866142
 21
-5.1207539370078736
 31
0
  0
LINE
  5
191
330
1B
100
AcDbEntity
  8
F.Silkscreen
  6
CONTINUOUS
100
AcDbLine
 10
6.4686633070866142
 20
-5.1207539370078736
 30
0
 11
6.4651481889763778
 21
-5.1219925984251971
 31
0
  0
LINE
  5
192
330
1B
100
AcDbEntity
  8
F.Silkscreen
  6
CONTINUOUS
100
AcDbLine
 10
6.4651481889763778
 20
-5.1219925984251971
 30
0
 11
6.4620761811023621
 21
-5.1236477559055116
 31
0
  0
LINE
  5
193
330
1B
100
AcDbEntity
  8
F.Silkscreen
  6
CONTINUOUS
100
AcDbLine
 10
6.4620761811023621
 20
-5.1236477559055116
 30
0
 11
6.459392401574803
 21
-5.1257193307086615
 31
0
  0
LINE
  5
194
330
1B
100
AcDbEntity
  8
F.Silkscreen
  6
CONTINUOUS
100
AcDbLine
 10
6.459392401574803
 20
-5.1257193307086615
 30
0
 11
6.4571010629921259
 21
-5.1282107480314956
 31
0
  0
LINE
  5
195
330
1B
100
AcDbEntity
  8
F.Silkscreen
  6
CONTINUOUS
100
AcDbLine
 10
6.4571010629921259
 20
-5.1282107480314956
 30
0
 11
6.4551413385826768
 21
-5.1312318503937009
 31
0
  0
LINE
  5
196
330
1B
100
AcDbEntity
  8
F.Silkscreen
  6
CONTINUOUS
100
AcDbLine
 10
6.4551413385826768
 20
-5.1312318503937009
 30
0
 11
6.4535183070866138
 21
-5.134860433070866
 31
0
  0
LINE
  5
197
330
1B
100
AcDbEntity
  8
F.Silkscreen
  6
CONTINUOUS
100
AcDbLine
 10
6.4535183070866138
 20
-5.134860433070866
 30
0
 11
6.4524205118110238
 21
-5.1386950787401577
 31
0
  0
LINE
  5
198
330
1B
100
AcDbEntity
  8
F.Silkscreen
  6
CONTINUOUS
100
AcDbLine
 10
6.4524205118110238
 20
-5.1386950787401577
 30
0
 11
6.4517082677165352
 21
-5.1432985039370074
 31
0
  0
LINE
  5
199
330
1B
100
AcDbEntity
  8
F.Silkscreen
  6
CONTINUOUS
100
AcDbLine
 10
6.4517082677165352
 20
-5.1432985039370074
 30
0
 11
6.4514521259842521
 21
-5.1488010236220472
 31
0
  0
LINE
  5
19A
330
1B
100
AcDbEntity
  8
F.Silkscreen
  6
CONTINUOUS
100
AcDbLine
 10
6.4514521259842521
 20
-5.1488010236220472
 30
0
 11
6.4517046850393696
 21
-5.1548218503937004
 31
0
  0
LINE
  5
19B
330
1B
100
AcDbEntity
  8
F.Silkscreen
  6
CONTINUOUS
100
AcDbLine
 10
6.4517046850393696
 20
-5.1548218503937004
 30
0
 11
6.4523948425196851
 21
-5.1596836220472442
 31
0
  0
LINE
  5
19C
330
1B
100
AcDbEntity
  8
F.Silkscreen
  6
CONTINUOUS
100
AcDbLine
 10
6.4523948425196851
 20
-5.1596836220472442
 30
0
 11
6.4534353937007873
 21
-5.1635709842519688
 31
0
  0
LINE
  5
19D
330
1B
100
AcDbEntity
  8
F.Silkscreen
  6
CONTINUOUS
100
AcDbLine
 10
6.4534353937007873
 20
-5.1635709842519688
 30
0
 11
6.4550199606299214
 21
-5.1672472834645671
 31
0
  0
LINE
  5
19E
330
1B
100
AcDbEntity
  8
F.Silkscreen
  6
CONTINUOUS
100
AcDbLine
 10
6.4550199606299214
 20
-5.1672472834645671
 30
0
 11
6.4569415748031496
 21
-5.1702207874015746
 31
0
  0
LINE
  5
19F
330
1B
100
AcDbEntity
  8
F.Silkscreen
  6
CONTINUOUS
100
AcDbLine
 10
6.4569415748031496
 20
-5.1702207874015746
 30
0
 11
6.4591904724409446
 21
-5.1725930708661414
 31
0
  0
LINE
  5
1A0
330
1B
100
AcDbEntity
  8
F.Silkscreen
  6
CONTINUOUS
100
AcDbLine
 10
6.4591904724409446
 20
-5.1725930708661414
 30
0
 11
6.4618409055118109
 21
-5.1745186614173226
 31
0
  0
LINE
  5
1A1
330
1B
100
AcDbEntity
  8
F.Silkscreen
  6
CONTINUOUS
100
AcDbLine
 10
6.4618409055118109
 20
-5.1745186614173226
 30
0
 11
6.4648835826771656
 21
-5.1760225984251971
 31
0
  0
LINE
  5
1A2
330
1B
100
AcDbEntity
  8
F.Silkscreen
  6
CONTINUOUS
100
AcDbLine
 10
6.4648835826771656
 20
-5.1760225984251971
 30
0
 11
6.4683784251968506
 21
-5.1771004724409444
 31
0
  0
LINE
  5
1A3
330
1B
100
AcDbEntity
  8
F.Silkscreen
  6
CONTINUOUS
100
AcDbLine
 10
6.4683784251968506
 20
-5.1771004724409444
 30
0
 11
6.4740040944881887
 21
-5.1780124015748035
 31
0
  0
LINE
  5
1A4
330
1B
100
AcDbEntity
  8
F.Silkscreen
  6
CONTINUOUS
100
AcDbLine
 10
6.4740040944881887
 20
-5.1780124015748035
 30
0
 11
6.4807576377952758
 21
-5.1783409448818896
 31
0
  0
LINE
  5
1A5
330
1B
100
AcDbEntity
  8
F.Silkscreen
  6
CONTINUOUS
100
AcDbLine
 10
6.4807576377952758
 20
-5.1783409448818896
 30
0
 11
6.486137716535433
 21
-5.1781353937007877
 31
0
  0
LINE
  5
1A6
330
1B
100
AcDbEntity
  8
F.Silkscreen
  6
CONTINUOUS
100
AcDbLine
 10
6.486137716535433
 20
-5.1781353937007877
 30
0
 11
6.4915610629921261
 21
-5.1775548425196849
 31
0
  0
LINE
  5
1A7
330
1B
100
AcDbEntity
  8
F.Silkscreen
  6
CONTINUOUS
100
AcDbLine
 10
6.4915610629921261
 20
-5.1775548425196849
 30
0
 11
6.4964435039370079
 21
-5.1766894094488185
 31
0
  0
LINE
  5
1A8
330
1B
100
AcDbEntity
  8
F.Silkscreen
  6
CONTINUOUS
100
AcDbLine
 10
6.4964435039370079
 20
-5.1766894094488185
 30
0
 11
6.5003775984251968
 21
-5.1757013779527554
 31
0
  0
LINE
  5
1A9
330
1B
100
AcDbEntity
  8
F.Silkscreen
  6
CONTINUOUS
100
AcDbLine
 10
6.5003775984251968
 20
-5.1757013779527554
 30
0
 11
6.5003775984251968
 21
-5.1425699212598426
 31
0
  0
LINE
  5
1AA
330
1B
100
AcDbEntity
  8
F.Silkscreen
  6
CONTINUOUS
100
AcDbLine
 10
6.5003775984251968
 20
-5.1425699212598426
 30
0
 11
6.4767586614173229
 21
-5.1425699212598426
 31
0
  0
LINE
  5
1AB
330
1B
100
AcDbEntity
  8
F.Silkscreen
  6
CONTINUOUS
100
AcDbLine
 10
6.4767586614173229
 20
-5.1425699212598426
 30
0
 11
6.4767586614173229
 21
-5.1561859842519686
 31
0
  0
LINE
  5
1AC
330
1B
100
AcDbEntity
  8
F.Silkscreen
  6
CONTINUOUS
100
AcDbLine
 10
6.4767586614173229
 20
-5.1561859842519686
 30
0
 11
6.4851461023622043
 21
-5.1561859842519686
 31
0
  0
LINE
  5
1AD
330
1B
100
AcDbEntity
  8
F.Silkscreen
  6
CONTINUOUS
100
AcDbLine
 10
6.4851461023622043
 20
-5.1561859842519686
 30
0
 11
6.4851461023622043
 21
-5.1646419291338583
 31
0
  0
LINE
  5
1AE
330
1B
100
AcDbEntity
  8
F.Silkscreen
  6
CONTINUOUS
100
AcDbLine
 10
6.4851461023622043
 20
-5.1646419291338583
 30
0
 11
6.4837073228346451
 21
-5.1647248818897635
 31
0
  0
LINE
  5
1AF
330
1B
100
AcDbEntity
  8
F.Silkscreen
  6
CONTINUOUS
100
AcDbLine
 10
6.4837073228346451
 20
-5.1647248818897635
 30
0
 11
6.4815257086614171
 21
-5.1647248818897635
 31
0
  0
LINE
  5
1B0
330
1B
100
AcDbEntity
  8
F.Silkscreen
  6
CONTINUOUS
100
AcDbLine
 10
6.4815257086614171
 20
-5.1647248818897635
 30
0
 11
6.4779340157480316
 21
-5.1645047244094489
 31
0
  0
LINE
  5
1B1
330
1B
100
AcDbEntity
  8
F.Silkscreen
  6
CONTINUOUS
100
AcDbLine
 10
6.4779340157480316
 20
-5.1645047244094489
 30
0
 11
6.4753992125984254
 21
-5.1639351574803145
 31
0
  0
LINE
  5
1B2
330
1B
100
AcDbEntity
  8
F.Silkscreen
  6
CONTINUOUS
100
AcDbLine
 10
6.4753992125984254
 20
-5.1639351574803145
 30
0
 11
6.4733015748031493
 21
-5.1628616929133857
 31
0
  0
LINE
  5
1B3
330
1B
100
AcDbEntity
  8
F.Silkscreen
  6
CONTINUOUS
100
AcDbLine
 10
6.4733015748031493
 20
-5.1628616929133857
 30
0
 11
6.4717788188976373
 21
-5.1612811811023622
 31
0
  0
LINE
  5
1B4
330
1B
100
AcDbEntity
  8
F.Silkscreen
  6
CONTINUOUS
100
AcDbLine
 10
6.4717788188976373
 20
-5.1612811811023622
 30
0
 11
6.4707560629921259
 21
-5.1592132677165354
 31
0
  0
LINE
  5
1B5
330
1B
100
AcDbEntity
  8
F.Silkscreen
  6
CONTINUOUS
100
AcDbLine
 10
6.4707560629921259
 20
-5.1592132677165354
 30
0
 11
6.4700948425196847
 21
-5.1563446456692912
 31
0
  0
LINE
  5
1B6
330
1B
100
AcDbEntity
  8
F.Silkscreen
  6
CONTINUOUS
100
AcDbLine
 10
6.4700948425196847
 20
-5.1563446456692912
 30
0
 11
6.4697964960629921
 21
-5.1530973622047247
 31
0
  0
LINE
  5
1B7
330
1B
100
AcDbEntity
  8
F.Silkscreen
  6
CONTINUOUS
100
AcDbLine
 10
6.4697964960629921
 20
-5.1530973622047247
 30
0
 11
6.4696837795275588
 21
-5.1487901968503937
 31
0
  0
LINE
  5
1B8
330
1B
100
AcDbEntity
  8
F.Silkscreen
  6
CONTINUOUS
100
AcDbLine
 10
6.4696837795275588
 20
-5.1487901968503937
 30
0
 11
6.4698533858267719
 21
-5.1446398031496061
 31
0
  0
LINE
  5
1B9
330
1B
100
AcDbEntity
  8
F.Silkscreen
  6
CONTINUOUS
100
AcDbLine
 10
6.4698533858267719
 20
-5.1446398031496061
 30
0
 11
6.4703040157480309
 21
-5.1414881496062987
 31
0
  0
LINE
  5
1BA
330
1B
100
AcDbEntity
  8
F.Silkscreen
  6
CONTINUOUS
100
AcDbLine
 10
6.4703040157480309
 20
-5.1414881496062987
 30
0
 11
6.4711737007874017
 21
-5.1387063385826774
 31
0
  0
LINE
  5
1BB
330
1B
100
AcDbEntity
  8
F.Silkscreen
  6
CONTINUOUS
100
AcDbLine
 10
6.4711737007874017
 20
-5.1387063385826774
 30
0
 11
6.4724098818897637
 21
-5.1366345669291338
 31
0
  0
LINE
  5
1BC
330
1B
100
AcDbEntity
  8
F.Silkscreen
  6
CONTINUOUS
100
AcDbLine
 10
6.4724098818897637
 20
-5.1366345669291338
 30
0
 11
6.4741117716535435
 21
-5.1350364173228344
 31
0
  0
LINE
  5
1BD
330
1B
100
AcDbEntity
  8
F.Silkscreen
  6
CONTINUOUS
100
AcDbLine
 10
6.4741117716535435
 20
-5.1350364173228344
 30
0
 11
6.4762970866141734
 21
-5.1339372834645669
 31
0
  0
LINE
  5
1BE
330
1B
100
AcDbEntity
  8
F.Silkscreen
  6
CONTINUOUS
100
AcDbLine
 10
6.4762970866141734
 20
-5.1339372834645669
 30
0
 11
6.4788621653543306
 21
-5.1333354724409448
 31
0
  0
LINE
  5
1BF
330
1B
100
AcDbEntity
  8
F.Silkscreen
  6
CONTINUOUS
100
AcDbLine
 10
6.4788621653543306
 20
-5.1333354724409448
 30
0
 11
6.4823334251968499
 21
-5.1331079133858264
 31
0
  0
LINE
  5
1C0
330
1B
100
AcDbEntity
  8
F.Silkscreen
  6
CONTINUOUS
100
AcDbLine
 10
6.4823334251968499
 20
-5.1331079133858264
 30
0
 11
6.4856859055118106
 21
-5.133248622047244
 31
0
  0
LINE
  5
1C1
330
1B
100
AcDbEntity
  8
F.Silkscreen
  6
CONTINUOUS
100
AcDbLine
 10
6.4856859055118106
 20
-5.133248622047244
 30
0
 11
6.4893974803149606
 21
-5.1336920866141735
 31
0
  0
LINE
  5
1C2
330
1B
100
AcDbEntity
  8
F.Silkscreen
  6
CONTINUOUS
100
AcDbLine
 10
6.4893974803149606
 20
-5.1336920866141735
 30
0
 11
6.4931026771653544
 21
-5.1344280708661421
 31
0
  0
LINE
  5
1C3
330
1B
100
AcDbEntity
  8
F.Silkscreen
  6
CONTINUOUS
100
AcDbLine
 10
6.4931026771653544
 20
-5.1344280708661421
 30
0
 11
6.4966310236220473
 21
-5.1354518110236222
 31
0
  0
LINE
  5
1C4
330
1B
100
AcDbEntity
  8
F.Silkscreen
  6
CONTINUOUS
100
AcDbLine
 10
6.4966310236220473
 20
-5.1354518110236222
 30
0
 11
6.4966310236220473
 21
-5.1211578346456692
 31
0
  0
LINE
  5
1C5
330
1B
100
AcDbEntity
  8
F.Silkscreen
  6
CONTINUOUS
100
AcDbLine
 10
6.4966310236220473
 20
-5.1211578346456692
 30
0
 11
6.4934866535433073
 21
-5.1204149999999995
 31
0
  0
LINE
  5
1C6
330
1B
100
AcDbEntity
  8
F.Silkscreen
  6
CONTINUOUS
100
AcDbLine
 10
6.4934866535433073
 20
-5.1204149999999995
 30
0
 11
6.4895561417322831
 21
-5.1198380314960632
 31
0
  0
LINE
  5
1C7
330
1B
100
AcDbEntity
  8
F.Silkscreen
  6
CONTINUOUS
100
AcDbLine
 10
6.4895561417322831
 20
-5.1198380314960632
 30
0
 11
6.4852109842519683
 21
-5.1194269685039373
 31
0
  0
LINE
  5
1C8
330
1B
100
AcDbEntity
  8
F.Silkscreen
  6
CONTINUOUS
100
AcDbLine
 10
6.4852109842519683
 20
-5.1194269685039373
 30
0
 11
6.4809090944881884
 21
-5.1192611023622048
 31
0
  0
LINE
  5
1C9
330
1B
100
AcDbEntity
  8
F.Silkscreen
  6
CONTINUOUS
100
AcDbLine
 10
6.4809090944881884
 20
-5.1192611023622048
 30
0
 11
6.4743154330708661
 21
-5.1196516929133855
 31
0
  0
LINE
  5
1CA
330
1B
100
AcDbEntity
  8
F.Silkscreen
  6
CONTINUOUS
100
AcDbLine
 10
5.8148785826771654
 20
-5.1433573228346452
 30
0
 11
5.8148785826771654
 21
-5.1652814960629918
 31
0
  0
LINE
  5
1CB
330
1B
100
AcDbEntity
  8
F.Silkscreen
  6
CONTINUOUS
100
AcDbLine
 10
5.8148785826771654
 20
-5.1652814960629918
 30
0
 11
5.8148785826771654
 21
-5.1782052362204727
 31
0
  0
LINE
  5
1CC
330
1B
100
AcDbEntity
  8
F.Silkscreen
  6
CONTINUOUS
100
AcDbLine
 10
5.8148785826771654
 20
-5.1782052362204727
 30
0
 11
5.8381657874015751
 21
-5.1782052362204727
 31
0
  0
LINE
  5
1CD
330
1B
100
AcDbEntity
  8
F.Silkscreen
  6
CONTINUOUS
100
AcDbLine
 10
5.8381657874015751
 20
-5.1782052362204727
 30
0
 11
5.8445869291338584
 21
-5.1778848425196848
 31
0
  0
LINE
  5
1CE
330
1B
100
AcDbEntity
  8
F.Silkscreen
  6
CONTINUOUS
100
AcDbLine
 10
5.8445869291338584
 20
-5.1778848425196848
 30
0
 11
5.8493081889763774
 21
-5.1770440944881893
 31
0
  0
LINE
  5
1CF
330
1B
100
AcDbEntity
  8
F.Silkscreen
  6
CONTINUOUS
100
AcDbLine
 10
5.8493081889763774
 20
-5.1770440944881893
 30
0
 11
5.8534221259842516
 21
-5.1755696850393695
 31
0
  0
LINE
  5
1D0
330
1B
100
AcDbEntity
  8
F.Silkscreen
  6
CONTINUOUS
100
AcDbLine
 10
5.8534221259842516
 20
-5.1755696850393695
 30
0
 11
5.8563505905511812
 21
-5.1737302362204725
 31
0
  0
LINE
  5
1D1
330
1B
100
AcDbEntity
  8
F.Silkscreen
  6
CONTINUOUS
100
AcDbLine
 10
5.8563505905511812
 20
-5.1737302362204725
 30
0
 11
5.8585779527559056
 21
-5.1713254330708658
 31
0
  0
LINE
  5
1D2
330
1B
100
AcDbEntity
  8
F.Silkscreen
  6
CONTINUOUS
100
AcDbLine
 10
5.8585779527559056
 20
-5.1713254330708658
 30
0
 11
5.8599998031496066
 21
-5.1684691732283463
 31
0
  0
LINE
  5
1D3
330
1B
100
AcDbEntity
  8
F.Silkscreen
  6
CONTINUOUS
100
AcDbLine
 10
5.8599998031496066
 20
-5.1684691732283463
 30
0
 11
5.8607645275590547
 21
-5.1652400787401573
 31
0
  0
LINE
  5
1D4
330
1B
100
AcDbEntity
  8
F.Silkscreen
  6
CONTINUOUS
100
AcDbLine
 10
5.8607645275590547
 20
-5.1652400787401573
 30
0
 11
5.8610347244094489
 21
-5.1614627952755905
 31
0
  0
LINE
  5
1D5
330
1B
100
AcDbEntity
  8
F.Silkscreen
  6
CONTINUOUS
100
AcDbLine
 10
5.8610347244094489
 20
-5.1614627952755905
 30
0
 11
5.8606947244094485
 21
-5.1577409448818896
 31
0
  0
LINE
  5
1D6
330
1B
100
AcDbEntity
  8
F.Silkscreen
  6
CONTINUOUS
100
AcDbLine
 10
5.8606947244094485
 20
-5.1577409448818896
 30
0
 11
5.8597675196850396
 21
-5.1548768110236223
 31
0
  0
LINE
  5
1D7
330
1B
100
AcDbEntity
  8
F.Silkscreen
  6
CONTINUOUS
100
AcDbLine
 10
5.8597675196850396
 20
-5.1548768110236223
 30
0
 11
5.8583302755905509
 21
-5.1526787007874013
 31
0
  0
LINE
  5
1D8
330
1B
100
AcDbEntity
  8
F.Silkscreen
  6
CONTINUOUS
100
AcDbLine
 10
5.8583302755905509
 20
-5.1526787007874013
 30
0
 11
5.8563763385826766
 21
-5.1508520078740156
 31
0
  0
LINE
  5
1D9
330
1B
100
AcDbEntity
  8
F.Silkscreen
  6
CONTINUOUS
100
AcDbLine
 10
5.8563763385826766
 20
-5.1508520078740156
 30
0
 11
5.8540020078740156
 21
-5.1493587401574805
 31
0
  0
LINE
  5
1DA
330
1B
100
AcDbEntity
  8
F.Silkscreen
  6
CONTINUOUS
100
AcDbLine
 10
5.8540020078740156
 20
-5.1493587401574805
 30
0
 11
5.85114
 21
-5.1482001181102364
 31
0
  0
LINE
  5
1DB
330
1B
100
AcDbEntity
  8
F.Silkscreen
  6
CONTINUOUS
100
AcDbLine
 10
5.85114
 20
-5.1482001181102364
 30
0
 11
5.85114
 21
-5.1478719685039369
 31
0
  0
LINE
  5
1DC
330
1B
100
AcDbEntity
  8
F.Silkscreen
  6
CONTINUOUS
100
AcDbLine
 10
5.85114
 20
-5.1478719685039369
 30
0
 11
5.854106220472441
 21
-5.1467346456692908
 31
0
  0
LINE
  5
1DD
330
1B
100
AcDbEntity
  8
F.Silkscreen
  6
CONTINUOUS
100
AcDbLine
 10
5.854106220472441
 20
-5.1467346456692908
 30
0
 11
5.8562021653543308
 21
-5.1453357874015744
 31
0
  0
LINE
  5
1DE
330
1B
100
AcDbEntity
  8
F.Silkscreen
  6
CONTINUOUS
100
AcDbLine
 10
5.8562021653543308
 20
-5.1453357874015744
 30
0
 11
5.857616299212598
 21
-5.1436962992125981
 31
0
  0
LINE
  5
1DF
330
1B
100
AcDbEntity
  8
F.Silkscreen
  6
CONTINUOUS
100
AcDbLine
 10
5.857616299212598
 20
-5.1436962992125981
 30
0
 11
5.8585816141732279
 21
-5.1417142519685042
 31
0
  0
LINE
  5
1E0
330
1B
100
AcDbEntity
  8
F.Silkscreen
  6
CONTINUOUS
100
AcDbLine
 10
5.8585816141732279
 20
-5.1417142519685042
 30
0
 11
5.859197992125984
 21
-5.1393050787401577
 31
0
  0
LINE
  5
1E1
330
1B
100
AcDbEntity
  8
F.Silkscreen
  6
CONTINUOUS
100
AcDbLine
 10
5.859197992125984
 20
-5.1393050787401577
 30
0
 11
5.8594192519685038
 21
-5.1363726377952759
 31
0
  0
LINE
  5
1E2
330
1B
100
AcDbEntity
  8
F.Silkscreen
  6
CONTINUOUS
100
AcDbLine
 10
5.8594192519685038
 20
-5.1363726377952759
 30
0
 11
5.8591355511811019
 21
-5.132631889763779
 31
0
  0
LINE
  5
1E3
330
1B
100
AcDbEntity
  8
F.Silkscreen
  6
CONTINUOUS
100
AcDbLine
 10
5.8591355511811019
 20
-5.132631889763779
 30
0
 11
5.8583446850393699
 21
-5.1295537795275585
 31
0
  0
LINE
  5
1E4
330
1B
100
AcDbEntity
  8
F.Silkscreen
  6
CONTINUOUS
100
AcDbLine
 10
5.8583446850393699
 20
-5.1295537795275585
 30
0
 11
5.8568888976377949
 21
-5.1268781102362206
 31
0
  0
LINE
  5
1E5
330
1B
100
AcDbEntity
  8
F.Silkscreen
  6
CONTINUOUS
100
AcDbLine
 10
5.8568888976377949
 20
-5.1268781102362206
 30
0
 11
5.8546269685039372
 21
-5.1246713385826768
 31
0
  0
LINE
  5
1E6
330
1B
100
AcDbEntity
  8
F.Silkscreen
  6
CONTINUOUS
100
AcDbLine
 10
5.8546269685039372
 20
-5.1246713385826768
 30
0
 11
5.8516816929133855
 21
-5.1230297637795275
 31
0
  0
LINE
  5
1E7
330
1B
100
AcDbEntity
  8
F.Silkscreen
  6
CONTINUOUS
100
AcDbLine
 10
5.8516816929133855
 20
-5.1230297637795275
 30
0
 11
5.8475196456692915
 21
-5.1217360629921256
 31
0
  0
LINE
  5
1E8
330
1B
100
AcDbEntity
  8
F.Silkscreen
  6
CONTINUOUS
100
AcDbLine
 10
5.8475196456692915
 20
-5.1217360629921256
 30
0
 11
5.8427700787401573
 21
-5.1210161023622049
 31
0
  0
LINE
  5
1E9
330
1B
100
AcDbEntity
  8
F.Silkscreen
  6
CONTINUOUS
100
AcDbLine
 10
5.8427700787401573
 20
-5.1210161023622049
 30
0
 11
5.8362835039370076
 21
-5.1207408267716534
 31
0
  0
LINE
  5
1EA
330
1B
100
AcDbEntity
  8
F.Silkscreen
  6
CONTINUOUS
100
AcDbLine
 10
5.8362835039370076
 20
-5.1207408267716534
 30
0
 11
5.8148785826771654
 21
-5.1207408267716534
 31
0
  0
LINE
  5
1EB
330
1B
100
AcDbEntity
  8
F.Silkscreen
  6
CONTINUOUS
100
AcDbLine
 10
5.8148785826771654
 20
-5.1207408267716534
 30
0
 11
5.8148785826771654
 21
-5.1433573228346452
 31
0
  0
LINE
  5
1EC
330
1B
100
AcDbEntity
  8
F.Silkscreen
  6
CONTINUOUS
100
AcDbLine
 10
5.685310708661417
 20
-5.1526564173228344
 30
0
 11
5.6760201968503932
 21
-5.1779268897637794
 31
0
  0
LINE
  5
1ED
330
1B
100
AcDbEntity
  8
F.Silkscreen
  6
CONTINUOUS
100
AcDbLine
 10
5.6760201968503932
 20
-5.1779268897637794
 30
0
 11
5.6932169685039371
 21
-5.1779268897637794
 31
0
  0
LINE
  5
1EE
330
1B
100
AcDbEntity
  8
F.Silkscreen
  6
CONTINUOUS
100
AcDbLine
 10
5.6932169685039371
 20
-5.1779268897637794
 30
0
 11
5.6972700393700784
 21
-5.1658109055118109
 31
0
  0
LINE
  5
1EF
330
1B
100
AcDbEntity
  8
F.Silkscreen
  6
CONTINUOUS
100
AcDbLine
 10
5.6972700393700784
 20
-5.1658109055118109
 30
0
 11
5.7187650787401569
 21
-5.1658109055118109
 31
0
  0
LINE
  5
1F0
330
1B
100
AcDbEntity
  8
F.Silkscreen
  6
CONTINUOUS
100
AcDbLine
 10
5.7187650787401569
 20
-5.1658109055118109
 30
0
 11
5.7227352362204726
 21
-5.1779268897637794
 31
0
  0
LINE
  5
1F1
330
1B
100
AcDbEntity
  8
F.Silkscreen
  6
CONTINUOUS
100
AcDbLine
 10
5.7227352362204726
 20
-5.1779268897637794
 30
0
 11
5.7402601574803152
 21
-5.1779268897637794
 31
0
  0
LINE
  5
1F2
330
1B
100
AcDbEntity
  8
F.Silkscreen
  6
CONTINUOUS
100
AcDbLine
 10
5.7402601574803152
 20
-5.1779268897637794
 30
0
 11
5.7193420472440941
 21
-5.1205779133858265
 31
0
  0
LINE
  5
1F3
330
1B
100
AcDbEntity
  8
F.Silkscreen
  6
CONTINUOUS
100
AcDbLine
 10
5.7193420472440941
 20
-5.1205779133858265
 30
0
 11
5.6971041732283467
 21
-5.1205779133858265
 31
0
  0
LINE
  5
1F4
330
1B
100
AcDbEntity
  8
F.Silkscreen
  6
CONTINUOUS
100
AcDbLine
 10
5.6971041732283467
 20
-5.1205779133858265
 30
0
 11
5.685310708661417
 21
-5.1526564173228344
 31
0
  0
LINE
  5
1F5
330
1B
100
AcDbEntity
  8
F.Silkscreen
  6
CONTINUOUS
100
AcDbLine
 10
6.1581453543307081
 20
-5.1526564173228344
 30
0
 11
6.1512690157480314
 21
-5.1713602362204725
 31
0
  0
LINE
  5
1F6
330
1B
100
AcDbEntity
  8
F.Silkscreen
  6
CONTINUOUS
100
AcDbLine
 10
6.1512690157480314
 20
-5.1713602362204725
 30
0
 11
6.1512690157480314
 21
-5.1779268897637794
 31
0
  0
LINE
  5
1F7
330
1B
100
AcDbEntity
  8
F.Silkscreen
  6
CONTINUOUS
100
AcDbLine
 10
6.1512690157480314
 20
-5.1779268897637794
 30
0
 11
6.1660516141732282
 21
-5.1779268897637794
 31
0
  0
LINE
  5
1F8
330
1B
100
AcDbEntity
  8
F.Silkscreen
  6
CONTINUOUS
100
AcDbLine
 10
6.1660516141732282
 20
-5.1779268897637794
 30
0
 11
6.1701046850393704
 21
-5.1658109055118109
 31
0
  0
LINE
  5
1F9
330
1B
100
AcDbEntity
  8
F.Silkscreen
  6
CONTINUOUS
100
AcDbLine
 10
6.1701046850393704
 20
-5.1658109055118109
 30
0
 11
6.1915997244094489
 21
-5.1658109055118109
 31
0
  0
LINE
  5
1FA
330
1B
100
AcDbEntity
  8
F.Silkscreen
  6
CONTINUOUS
100
AcDbLine
 10
6.1915997244094489
 20
-5.1658109055118109
 30
0
 11
6.1955698818897638
 21
-5.1779268897637794
 31
0
  0
LINE
  5
1FB
330
1B
100
AcDbEntity
  8
F.Silkscreen
  6
CONTINUOUS
100
AcDbLine
 10
6.1955698818897638
 20
-5.1779268897637794
 30
0
 11
6.2130948031496063
 21
-5.1779268897637794
 31
0
  0
LINE
  5
1FC
330
1B
100
AcDbEntity
  8
F.Silkscreen
  6
CONTINUOUS
100
AcDbLine
 10
6.2130948031496063
 20
-5.1779268897637794
 30
0
 11
6.1921766929133861
 21
-5.1205779133858265
 31
0
  0
LINE
  5
1FD
330
1B
100
AcDbEntity
  8
F.Silkscreen
  6
CONTINUOUS
100
AcDbLine
 10
6.1921766929133861
 20
-5.1205779133858265
 30
0
 11
6.1699388188976378
 21
-5.1205779133858265
 31
0
  0
LINE
  5
1FE
330
1B
100
AcDbEntity
  8
F.Silkscreen
  6
CONTINUOUS
100
AcDbLine
 10
6.1699388188976378
 20
-5.1205779133858265
 30
0
 11
6.1581453543307081
 21
-5.1526564173228344
 31
0
  0
LINE
  5
1FF
330
1B
100
AcDbEntity
  8
F.Silkscreen
  6
CONTINUOUS
100
AcDbLine
 10
4.7267701181102364
 20
-5.5343820866141735
 30
0
 11
4.7270625196850391
 21
-5.5343820866141735
 31
0
  0
LINE
  5
200
330
1B
100
AcDbEntity
  8
F.Silkscreen
  6
CONTINUOUS
100
AcDbLine
 10
4.7270625196850391
 20
-5.5343820866141735
 30
0
 11
4.7273297637795277
 21
-5.5344927952755905
 31
0
  0
LINE
  5
201
330
1B
100
AcDbEntity
  8
F.Silkscreen
  6
CONTINUOUS
100
AcDbLine
 10
4.7273297637795277
 20
-5.5344927952755905
 30
0
 11
4.727613582677165
 21
-5.534548937007874
 31
0
  0
LINE
  5
202
330
1B
100
AcDbEntity
  8
F.Silkscreen
  6
CONTINUOUS
100
AcDbLine
 10
4.727613582677165
 20
-5.534548937007874
 30
0
 11
4.7278568503937004
 21
-5.5347111023622046
 31
0
  0
LINE
  5
203
330
1B
100
AcDbEntity
  8
F.Silkscreen
  6
CONTINUOUS
100
AcDbLine
 10
4.7278568503937004
 20
-5.5347111023622046
 30
0
 11
4.7281269291338583
 21
-5.5348229921259842
 31
0
  0
LINE
  5
204
330
1B
100
AcDbEntity
  8
F.Silkscreen
  6
CONTINUOUS
100
AcDbLine
 10
4.7281269291338583
 20
-5.5348229921259842
 30
0
 11
4.728331377952756
 21
-5.5350274409448819
 31
0
  0
LINE
  5
205
330
1B
100
AcDbEntity
  8
F.Silkscreen
  6
CONTINUOUS
100
AcDbLine
 10
4.728331377952756
 20
-5.5350274409448819
 30
0
 11
4.7285722047244096
 21
-5.5351879921259846
 31
0
  0
LINE
  5
206
330
1B
100
AcDbEntity
  8
F.Silkscreen
  6
CONTINUOUS
100
AcDbLine
 10
4.7285722047244096
 20
-5.5351879921259846
 30
0
 11
4.7287349212598428
 21
-5.5354309842519687
 31
0
  0
LINE
  5
207
330
1B
100
AcDbEntity
  8
F.Silkscreen
  6
CONTINUOUS
100
AcDbLine
 10
4.7287349212598428
 20
-5.5354309842519687
 30
0
 11
4.7289415748031498
 21
-5.5356376377952756
 31
0
  0
LINE
  5
208
330
1B
100
AcDbEntity
  8
F.Silkscreen
  6
CONTINUOUS
100
AcDbLine
 10
4.7289415748031498
 20
-5.5356376377952756
 30
0
 11
4.729052244094488
 21
-5.5359048425196846
 31
0
  0
LINE
  5
209
330
1B
100
AcDbEntity
  8
F.Silkscreen
  6
CONTINUOUS
100
AcDbLine
 10
4.729052244094488
 20
-5.5359048425196846
 30
0
 11
4.7292132677165357
 21
-5.5361452755905507
 31
0
  0
LINE
  5
20A
330
1B
100
AcDbEntity
  8
F.Silkscreen
  6
CONTINUOUS
100
AcDbLine
 10
4.7292132677165357
 20
-5.5361452755905507
 30
0
 11
4.7292705905511809
 21
-5.5364319291338582
 31
0
  0
LINE
  5
20B
330
1B
100
AcDbEntity
  8
F.Silkscreen
  6
CONTINUOUS
100
AcDbLine
 10
4.7292705905511809
 20
-5.5364319291338582
 30
0
 11
4.7293824803149604
 21
-5.536702047244094
 31
0
  0
LINE
  5
20C
330
1B
100
AcDbEntity
  8
F.Silkscreen
  6
CONTINUOUS
100
AcDbLine
 10
4.7293824803149604
 20
-5.536702047244094
 30
0
 11
4.7294385826771652
 21
-5.5372719685039371
 31
0
  0
LINE
  5
20D
330
1B
100
AcDbEntity
  8
F.Silkscreen
  6
CONTINUOUS
100
AcDbLine
 10
4.7294385826771652
 20
-5.5372719685039371
 30
0
 11
4.7294392125984253
 21
-5.5372750000000002
 31
0
  0
LINE
  5
20E
330
1B
100
AcDbEntity
  8
F.Silkscreen
  6
CONTINUOUS
100
AcDbLine
 10
4.7294392125984253
 20
-5.5372750000000002
 30
0
 11
4.7294389763779527
 21
-5.5372760236220468
 31
0
  0
LINE
  5
20F
330
1B
100
AcDbEntity
  8
F.Silkscreen
  6
CONTINUOUS
100
AcDbLine
 10
4.7294389763779527
 20
-5.5372760236220468
 30
0
 11
4.7294392125984253
 21
-5.5372781102362207
 31
0
  0
LINE
  5
210
330
1B
100
AcDbEntity
  8
F.Silkscreen
  6
CONTINUOUS
100
AcDbLine
 10
4.7294392125984253
 20
-5.5372781102362207
 30
0
 11
4.7294392125984253
 21
-5.5736954330708661
 31
0
  0
LINE
  5
211
330
1B
100
AcDbEntity
  8
F.Silkscreen
  6
CONTINUOUS
100
AcDbLine
 10
4.7294392125984253
 20
-5.5736954330708661
 30
0
 11
4.7377350393700786
 21
-5.5736954330708661
 31
0
  0
LINE
  5
212
330
1B
100
AcDbEntity
  8
F.Silkscreen
  6
CONTINUOUS
100
AcDbLine
 10
4.7377350393700786
 20
-5.5736954330708661
 30
0
 11
4.7383111023622044
 21
-5.5737521653543309
 31
0
  0
LINE
  5
213
330
1B
100
AcDbEntity
  8
F.Silkscreen
  6
CONTINUOUS
100
AcDbLine
 10
4.7383111023622044
 20
-5.5737521653543309
 30
0
 11
4.7393755118110237
 21
-5.5741930708661416
 31
0
  0
LINE
  5
214
330
1B
100
AcDbEntity
  8
F.Silkscreen
  6
CONTINUOUS
100
AcDbLine
 10
4.7393755118110237
 20
-5.5741930708661416
 30
0
 11
4.7401901574803151
 21
-5.575007716535433
 31
0
  0
LINE
  5
215
330
1B
100
AcDbEntity
  8
F.Silkscreen
  6
CONTINUOUS
100
AcDbLine
 10
4.7401901574803151
 20
-5.575007716535433
 30
0
 11
4.7406310629921258
 21
-5.5760721259842523
 31
0
  0
LINE
  5
216
330
1B
100
AcDbEntity
  8
F.Silkscreen
  6
CONTINUOUS
100
AcDbLine
 10
4.7406310629921258
 20
-5.5760721259842523
 30
0
 11
4.7406310629921258
 21
-5.577224251968504
 31
0
  0
LINE
  5
217
330
1B
100
AcDbEntity
  8
F.Silkscreen
  6
CONTINUOUS
100
AcDbLine
 10
4.7406310629921258
 20
-5.577224251968504
 30
0
 11
4.7401901574803151
 21
-5.5782886614173224
 31
0
  0
LINE
  5
218
330
1B
100
AcDbEntity
  8
F.Silkscreen
  6
CONTINUOUS
100
AcDbLine
 10
4.7401901574803151
 20
-5.5782886614173224
 30
0
 11
4.7393755118110237
 21
-5.5791033070866138
 31
0
  0
LINE
  5
219
330
1B
100
AcDbEntity
  8
F.Silkscreen
  6
CONTINUOUS
100
AcDbLine
 10
4.7393755118110237
 20
-5.5791033070866138
 30
0
 11
4.7383111023622044
 21
-5.5795442125984254
 31
0
  0
LINE
  5
21A
330
1B
100
AcDbEntity
  8
F.Silkscreen
  6
CONTINUOUS
100
AcDbLine
 10
4.7383111023622044
 20
-5.5795442125984254
 30
0
 11
4.7377350393700786
 21
-5.5796009448818893
 31
0
  0
LINE
  5
21B
330
1B
100
AcDbEntity
  8
F.Silkscreen
  6
CONTINUOUS
100
AcDbLine
 10
4.7377350393700786
 20
-5.5796009448818893
 30
0
 11
4.7152378740157479
 21
-5.5796009448818893
 31
0
  0
LINE
  5
21C
330
1B
100
AcDbEntity
  8
F.Silkscreen
  6
CONTINUOUS
100
AcDbLine
 10
4.7152378740157479
 20
-5.5796009448818893
 30
0
 11
4.714661811023622
 21
-5.5795442125984254
 31
0
  0
LINE
  5
21D
330
1B
100
AcDbEntity
  8
F.Silkscreen
  6
CONTINUOUS
100
AcDbLine
 10
4.714661811023622
 20
-5.5795442125984254
 30
0
 11
4.7135974015748028
 21
-5.5791033070866138
 31
0
  0
LINE
  5
21E
330
1B
100
AcDbEntity
  8
F.Silkscreen
  6
CONTINUOUS
100
AcDbLine
 10
4.7135974015748028
 20
-5.5791033070866138
 30
0
 11
4.7127827559055113
 21
-5.5782886614173224
 31
0
  0
LINE
  5
21F
330
1B
100
AcDbEntity
  8
F.Silkscreen
  6
CONTINUOUS
100
AcDbLine
 10
4.7127827559055113
 20
-5.5782886614173224
 30
0
 11
4.7123418503937007
 21
-5.577224251968504
 31
0
  0
LINE
  5
220
330
1B
100
AcDbEntity
  8
F.Silkscreen
  6
CONTINUOUS
100
AcDbLine
 10
4.7123418503937007
 20
-5.577224251968504
 30
0
 11
4.7123418503937007
 21
-5.5760721259842523
 31
0
  0
LINE
  5
221
330
1B
100
AcDbEntity
  8
F.Silkscreen
  6
CONTINUOUS
100
AcDbLine
 10
4.7123418503937007
 20
-5.5760721259842523
 30
0
 11
4.7127827559055113
 21
-5.575007716535433
 31
0
  0
LINE
  5
222
330
1B
100
AcDbEntity
  8
F.Silkscreen
  6
CONTINUOUS
100
AcDbLine
 10
4.7127827559055113
 20
-5.575007716535433
 30
0
 11
4.7135974015748028
 21
-5.5741930708661416
 31
0
  0
LINE
  5
223
330
1B
100
AcDbEntity
  8
F.Silkscreen
  6
CONTINUOUS
100
AcDbLine
 10
4.7135974015748028
 20
-5.5741930708661416
 30
0
 11
4.714661811023622
 21
-5.5737521653543309
 31
0
  0
LINE
  5
224
330
1B
100
AcDbEntity
  8
F.Silkscreen
  6
CONTINUOUS
100
AcDbLine
 10
4.714661811023622
 20
-5.5737521653543309
 30
0
 11
4.7152378740157479
 21
-5.5736954330708661
 31
0
  0
LINE
  5
225
330
1B
100
AcDbEntity
  8
F.Silkscreen
  6
CONTINUOUS
100
AcDbLine
 10
4.7152378740157479
 20
-5.5736954330708661
 30
0
 11
4.7235337007874012
 21
-5.5736954330708661
 31
0
  0
LINE
  5
226
330
1B
100
AcDbEntity
  8
F.Silkscreen
  6
CONTINUOUS
100
AcDbLine
 10
4.7235337007874012
 20
-5.5736954330708661
 30
0
 11
4.7235337007874012
 21
-5.5462814566929133
 31
0
  0
LINE
  5
227
330
1B
100
AcDbEntity
  8
F.Silkscreen
  6
CONTINUOUS
100
AcDbLine
 10
4.7235337007874012
 20
-5.5462814566929133
 30
0
 11
4.7210753149606299
 21
-5.5487398425196846
 31
0
  0
LINE
  5
228
330
1B
100
AcDbEntity
  8
F.Silkscreen
  6
CONTINUOUS
100
AcDbLine
 10
4.7210753149606299
 20
-5.5487398425196846
 30
0
 11
4.7208489370078741
 21
-5.548925590551181
 31
0
  0
LINE
  5
229
330
1B
100
AcDbEntity
  8
F.Silkscreen
  6
CONTINUOUS
100
AcDbLine
 10
4.7208489370078741
 20
-5.548925590551181
 30
0
 11
4.7207977952755904
 21
-5.5489846062992125
 31
0
  0
LINE
  5
22A
330
1B
100
AcDbEntity
  8
F.Silkscreen
  6
CONTINUOUS
100
AcDbLine
 10
4.7207977952755904
 20
-5.5489846062992125
 30
0
 11
4.7207088188976378
 21
-5.5490405511811023
 31
0
  0
LINE
  5
22B
330
1B
100
AcDbEntity
  8
F.Silkscreen
  6
CONTINUOUS
100
AcDbLine
 10
4.7207088188976378
 20
-5.5490405511811023
 30
0
 11
4.7206278740157481
 21
-5.5491070472440942
 31
0
  0
LINE
  5
22C
330
1B
100
AcDbEntity
  8
F.Silkscreen
  6
CONTINUOUS
100
AcDbLine
 10
4.7206278740157481
 20
-5.5491070472440942
 30
0
 11
4.7205559055118105
 21
-5.5491368503937011
 31
0
  0
LINE
  5
22D
330
1B
100
AcDbEntity
  8
F.Silkscreen
  6
CONTINUOUS
100
AcDbLine
 10
4.7205559055118105
 20
-5.5491368503937011
 30
0
 11
4.7203079133858266
 21
-5.5492929527559056
 31
0
  0
LINE
  5
22E
330
1B
100
AcDbEntity
  8
F.Silkscreen
  6
CONTINUOUS
100
AcDbLine
 10
4.7203079133858266
 20
-5.5492929527559056
 30
0
 11
4.7165583858267714
 21
-5.5511677165354332
 31
0
  0
LINE
  5
22F
330
1B
100
AcDbEntity
  8
F.Silkscreen
  6
CONTINUOUS
100
AcDbLine
 10
4.7165583858267714
 20
-5.5511677165354332
 30
0
 11
4.7160177559055114
 21
-5.5513746062992126
 31
0
  0
LINE
  5
230
330
1B
100
AcDbEntity
  8
F.Silkscreen
  6
CONTINUOUS
100
AcDbLine
 10
4.7160177559055114
 20
-5.5513746062992126
 30
0
 11
4.7148685433070865
 21
-5.5514562598425199
 31
0
  0
LINE
  5
231
330
1B
100
AcDbEntity
  8
F.Silkscreen
  6
CONTINUOUS
100
AcDbLine
 10
4.7148685433070865
 20
-5.5514562598425199
 30
0
 11
4.7137755905511813
 21
-5.5510919291338583
 31
0
  0
LINE
  5
232
330
1B
100
AcDbEntity
  8
F.Silkscreen
  6
CONTINUOUS
100
AcDbLine
 10
4.7137755905511813
 20
-5.5510919291338583
 30
0
 11
4.7129051968503939
 21
-5.5503370866141735
 31
0
  0
LINE
  5
233
330
1B
100
AcDbEntity
  8
F.Silkscreen
  6
CONTINUOUS
100
AcDbLine
 10
4.7129051968503939
 20
-5.5503370866141735
 30
0
 11
4.7123899606299213
 21
-5.5493065748031496
 31
0
  0
LINE
  5
234
330
1B
100
AcDbEntity
  8
F.Silkscreen
  6
CONTINUOUS
100
AcDbLine
 10
4.7123899606299213
 20
-5.5493065748031496
 30
0
 11
4.7123083070866141
 21
-5.5481573622047247
 31
0
  0
LINE
  5
235
330
1B
100
AcDbEntity
  8
F.Silkscreen
  6
CONTINUOUS
100
AcDbLine
 10
4.7123083070866141
 20
-5.5481573622047247
 30
0
 11
4.7126726377952757
 21
-5.5470644094488186
 31
0
  0
LINE
  5
236
330
1B
100
AcDbEntity
  8
F.Silkscreen
  6
CONTINUOUS
100
AcDbLine
 10
4.7126726377952757
 20
-5.5470644094488186
 30
0
 11
4.7134274803149605
 21
-5.5461940157480312
 31
0
  0
LINE
  5
237
330
1B
100
AcDbEntity
  8
F.Silkscreen
  6
CONTINUOUS
100
AcDbLine
 10
4.7134274803149605
 20
-5.5461940157480312
 30
0
 11
4.7139173622047243
 21
-5.5458856692913381
 31
0
  0
LINE
  5
238
330
1B
100
AcDbEntity
  8
F.Silkscreen
  6
CONTINUOUS
100
AcDbLine
 10
4.7139173622047243
 20
-5.5458856692913381
 30
0
 11
4.717238307086614
 21
-5.5442251968503937
 31
0
  0
LINE
  5
239
330
1B
100
AcDbEntity
  8
F.Silkscreen
  6
CONTINUOUS
100
AcDbLine
 10
4.717238307086614
 20
-5.5442251968503937
 30
0
 11
4.7204422047244092
 21
-5.5410212992125984
 31
0
  0
LINE
  5
23A
330
1B
100
AcDbEntity
  8
F.Silkscreen
  6
CONTINUOUS
100
AcDbLine
 10
4.7204422047244092
 20
-5.5410212992125984
 30
0
 11
4.7240296062992124
 21
-5.5356401968503937
 31
0
  0
LINE
  5
23B
330
1B
100
AcDbEntity
  8
F.Silkscreen
  6
CONTINUOUS
100
AcDbLine
 10
4.7240296062992124
 20
-5.5356401968503937
 30
0
 11
4.72403094488189
 21
-5.5356385039370082
 31
0
  0
LINE
  5
23C
330
1B
100
AcDbEntity
  8
F.Silkscreen
  6
CONTINUOUS
100
AcDbLine
 10
4.72403094488189
 20
-5.5356385039370082
 30
0
 11
4.7240313385826767
 21
-5.5356376377952756
 31
0
  0
LINE
  5
23D
330
1B
100
AcDbEntity
  8
F.Silkscreen
  6
CONTINUOUS
100
AcDbLine
 10
4.7240313385826767
 20
-5.5356376377952756
 30
0
 11
4.724033346456693
 21
-5.5356355905511814
 31
0
  0
LINE
  5
23E
330
1B
100
AcDbEntity
  8
F.Silkscreen
  6
CONTINUOUS
100
AcDbLine
 10
4.724033346456693
 20
-5.5356355905511814
 30
0
 11
4.7243963779527558
 21
-5.5351923622047243
 31
0
  0
LINE
  5
23F
330
1B
100
AcDbEntity
  8
F.Silkscreen
  6
CONTINUOUS
100
AcDbLine
 10
4.7243963779527558
 20
-5.5351923622047243
 30
0
 11
4.7246392519685037
 21
-5.5350296850393699
 31
0
  0
LINE
  5
240
330
1B
100
AcDbEntity
  8
F.Silkscreen
  6
CONTINUOUS
100
AcDbLine
 10
4.7246392519685037
 20
-5.5350296850393699
 30
0
 11
4.7248459842519681
 21
-5.5348229921259842
 31
0
  0
LINE
  5
241
330
1B
100
AcDbEntity
  8
F.Silkscreen
  6
CONTINUOUS
100
AcDbLine
 10
4.7248459842519681
 20
-5.5348229921259842
 30
0
 11
4.7251132677165355
 21
-5.5347122440944885
 31
0
  0
LINE
  5
242
330
1B
100
AcDbEntity
  8
F.Silkscreen
  6
CONTINUOUS
100
AcDbLine
 10
4.7251132677165355
 20
-5.5347122440944885
 30
0
 11
4.7253536614173228
 21
-5.5345512992125983
 31
0
  0
LINE
  5
243
330
1B
100
AcDbEntity
  8
F.Silkscreen
  6
CONTINUOUS
100
AcDbLine
 10
4.7253536614173228
 20
-5.5345512992125983
 30
0
 11
4.7256402755905507
 21
-5.5344939370078743
 31
0
  0
LINE
  5
244
330
1B
100
AcDbEntity
  8
F.Silkscreen
  6
CONTINUOUS
100
AcDbLine
 10
4.7256402755905507
 20
-5.5344939370078743
 30
0
 11
4.7259103937007874
 21
-5.5343820866141735
 31
0
  0
LINE
  5
245
330
1B
100
AcDbEntity
  8
F.Silkscreen
  6
CONTINUOUS
100
AcDbLine
 10
4.7259103937007874
 20
-5.5343820866141735
 30
0
 11
4.7261996850393704
 21
-5.5343820866141735
 31
0
  0
LINE
  5
246
330
1B
100
AcDbEntity
  8
F.Silkscreen
  6
CONTINUOUS
100
AcDbLine
 10
4.7261996850393704
 20
-5.5343820866141735
 30
0
 11
4.7264833464566927
 21
-5.5343253543307087
 31
0
  0
LINE
  5
247
330
1B
100
AcDbEntity
  8
F.Silkscreen
  6
CONTINUOUS
100
AcDbLine
 10
4.7264833464566927
 20
-5.5343253543307087
 30
0
 11
4.7267701181102364
 21
-5.5343820866141735
 31
0
  0
LINE
  5
248
330
1B
100
AcDbEntity
  8
F.Silkscreen
  6
CONTINUOUS
100
AcDbLine
 10
4.7942826377952752
 20
-5.5343553543307085
 30
0
 11
4.7943601181102364
 21
-5.5343501968503936
 31
0
  0
LINE
  5
249
330
1B
100
AcDbEntity
  8
F.Silkscreen
  6
CONTINUOUS
100
AcDbLine
 10
4.7943601181102364
 20
-5.5343501968503936
 30
0
 11
4.7944134645669294
 21
-5.5343682283464561
 31
0
  0
LINE
  5
24A
330
1B
100
AcDbEntity
  8
F.Silkscreen
  6
CONTINUOUS
100
AcDbLine
 10
4.7944134645669294
 20
-5.5343682283464561
 30
0
 11
4.7945540551181098
 21
-5.5343820866141735
 31
0
  0
LINE
  5
24B
330
1B
100
AcDbEntity
  8
F.Silkscreen
  6
CONTINUOUS
100
AcDbLine
 10
4.7945540551181098
 20
-5.5343820866141735
 30
0
 11
4.7949972440944881
 21
-5.5345656692913385
 31
0
  0
LINE
  5
24C
330
1B
100
AcDbEntity
  8
F.Silkscreen
  6
CONTINUOUS
100
AcDbLine
 10
4.7949972440944881
 20
-5.5345656692913385
 30
0
 11
4.7954514960629924
 21
-5.5347192913385825
 31
0
  0
LINE
  5
24D
330
1B
100
AcDbEntity
  8
F.Silkscreen
  6
CONTINUOUS
100
AcDbLine
 10
4.7954514960629924
 20
-5.5347192913385825
 30
0
 11
4.7955264566929134
 21
-5.5347848425196853
 31
0
  0
LINE
  5
24E
330
1B
100
AcDbEntity
  8
F.Silkscreen
  6
CONTINUOUS
100
AcDbLine
 10
4.7955264566929134
 20
-5.5347848425196853
 30
0
 11
4.7956184645669291
 21
-5.5348229921259842
 31
0
  0
LINE
  5
24F
330
1B
100
AcDbEntity
  8
F.Silkscreen
  6
CONTINUOUS
100
AcDbLine
 10
4.7956184645669291
 20
-5.5348229921259842
 30
0
 11
4.795957440944882
 21
-5.535161968503937
 31
0
  0
LINE
  5
250
330
1B
100
AcDbEntity
  8
F.Silkscreen
  6
CONTINUOUS
100
AcDbLine
 10
4.795957440944882
 20
-5.535161968503937
 30
0
 11
4.7963185826771655
 21
-5.5354779527559055
 31
0
  0
LINE
  5
251
330
1B
100
AcDbEntity
  8
F.Silkscreen
  6
CONTINUOUS
100
AcDbLine
 10
4.7963185826771655
 20
-5.5354779527559055
 30
0
 11
4.7963627559055118
 21
-5.5355672834645668
 31
0
  0
LINE
  5
252
330
1B
100
AcDbEntity
  8
F.Silkscreen
  6
CONTINUOUS
100
AcDbLine
 10
4.7963627559055118
 20
-5.5355672834645668
 30
0
 11
4.7964331102362205
 21
-5.5356376377952756
 31
0
  0
LINE
  5
253
330
1B
100
AcDbEntity
  8
F.Silkscreen
  6
CONTINUOUS
100
AcDbLine
 10
4.7964331102362205
 20
-5.5356376377952756
 30
0
 11
4.7966165748031493
 21
-5.5360805511811026
 31
0
  0
LINE
  5
254
330
1B
100
AcDbEntity
  8
F.Silkscreen
  6
CONTINUOUS
100
AcDbLine
 10
4.7966165748031493
 20
-5.5360805511811026
 30
0
 11
4.7968292913385824
 21
-5.5365107086614174
 31
0
  0
LINE
  5
255
330
1B
100
AcDbEntity
  8
F.Silkscreen
  6
CONTINUOUS
100
AcDbLine
 10
4.7968292913385824
 20
-5.5365107086614174
 30
0
 11
4.796835905511811
 21
-5.5366100393700783
 31
0
  0
LINE
  5
256
330
1B
100
AcDbEntity
  8
F.Silkscreen
  6
CONTINUOUS
100
AcDbLine
 10
4.796835905511811
 20
-5.5366100393700783
 30
0
 11
4.7968740157480312
 21
-5.536702047244094
 31
0
  0
LINE
  5
257
330
1B
100
AcDbEntity
  8
F.Silkscreen
  6
CONTINUOUS
100
AcDbLine
 10
4.7968740157480312
 20
-5.536702047244094
 30
0
 11
4.7968740157480312
 21
-5.5371817322834644
 31
0
  0
LINE
  5
258
330
1B
100
AcDbEntity
  8
F.Silkscreen
  6
CONTINUOUS
100
AcDbLine
 10
4.7968740157480312
 20
-5.5371817322834644
 30
0
 11
4.7969059055118111
 21
-5.5376602362204723
 31
0
  0
LINE
  5
259
330
1B
100
AcDbEntity
  8
F.Silkscreen
  6
CONTINUOUS
100
AcDbLine
 10
4.7969059055118111
 20
-5.5376602362204723
 30
0
 11
4.7968740157480312
 21
-5.5377545275590547
 31
0
  0
LINE
  5
25A
330
1B
100
AcDbEntity
  8
F.Silkscreen
  6
CONTINUOUS
100
AcDbLine
 10
4.7968740157480312
 20
-5.5377545275590547
 30
0
 11
4.7968740157480312
 21
-5.5378541732283466
 31
0
  0
LINE
  5
25B
330
1B
100
AcDbEntity
  8
F.Silkscreen
  6
CONTINUOUS
100
AcDbLine
 10
4.7968740157480312
 20
-5.5378541732283466
 30
0
 11
4.7966903937007874
 21
-5.538297362204724
 31
0
  0
LINE
  5
25C
330
1B
100
AcDbEntity
  8
F.Silkscreen
  6
CONTINUOUS
100
AcDbLine
 10
4.7966903937007874
 20
-5.538297362204724
 30
0
 11
4.7965368110236222
 21
-5.5387516141732283
 31
0
  0
LINE
  5
25D
330
1B
100
AcDbEntity
  8
F.Silkscreen
  6
CONTINUOUS
100
AcDbLine
 10
4.7965368110236222
 20
-5.5387516141732283
 30
0
 11
4.7964546850393699
 21
-5.5388664566929133
 31
0
  0
LINE
  5
25E
330
1B
100
AcDbEntity
  8
F.Silkscreen
  6
CONTINUOUS
100
AcDbLine
 10
4.7964546850393699
 20
-5.5388664566929133
 30
0
 11
4.7964331102362205
 21
-5.538918582677165
 31
0
  0
LINE
  5
25F
330
1B
100
AcDbEntity
  8
F.Silkscreen
  6
CONTINUOUS
100
AcDbLine
 10
4.7964331102362205
 20
-5.538918582677165
 30
0
 11
4.7963781496062987
 21
-5.538973503937008
 31
0
  0
LINE
  5
260
330
1B
100
AcDbEntity
  8
F.Silkscreen
  6
CONTINUOUS
100
AcDbLine
 10
4.7963781496062987
 20
-5.538973503937008
 30
0
 11
4.7962001574803148
 21
-5.5392225196850395
 31
0
  0
LINE
  5
261
330
1B
100
AcDbEntity
  8
F.Silkscreen
  6
CONTINUOUS
100
AcDbLine
 10
4.7962001574803148
 20
-5.5392225196850395
 30
0
 11
4.7872672440944877
 21
-5.5494315354330706
 31
0
  0
LINE
  5
262
330
1B
100
AcDbEntity
  8
F.Silkscreen
  6
CONTINUOUS
100
AcDbLine
 10
4.7872672440944877
 20
-5.5494315354330706
 30
0
 11
4.7877994488188973
 21
-5.5496351968503932
 31
0
  0
LINE
  5
263
330
1B
100
AcDbEntity
  8
F.Silkscreen
  6
CONTINUOUS
100
AcDbLine
 10
4.7877994488188973
 20
-5.5496351968503932
 30
0
 11
4.7915489763779524
 21
-5.5515099606299207
 31
0
  0
LINE
  5
264
330
1B
100
AcDbEntity
  8
F.Silkscreen
  6
CONTINUOUS
100
AcDbLine
 10
4.7915489763779524
 20
-5.5515099606299207
 30
0
 11
4.7917969685039372
 21
-5.5516660236220474
 31
0
  0
LINE
  5
265
330
1B
100
AcDbEntity
  8
F.Silkscreen
  6
CONTINUOUS
100
AcDbLine
 10
4.7917969685039372
 20
-5.5516660236220474
 30
0
 11
4.791868937007874
 21
-5.5516958661417322
 31
0
  0
LINE
  5
266
330
1B
100
AcDbEntity
  8
F.Silkscreen
  6
CONTINUOUS
100
AcDbLine
 10
4.791868937007874
 20
-5.5516958661417322
 30
0
 11
4.7919498818897637
 21
-5.5517623228346453
 31
0
  0
LINE
  5
267
330
1B
100
AcDbEntity
  8
F.Silkscreen
  6
CONTINUOUS
100
AcDbLine
 10
4.7919498818897637
 20
-5.5517623228346453
 30
0
 11
4.7920388582677163
 21
-5.5518183070866138
 31
0
  0
LINE
  5
268
330
1B
100
AcDbEntity
  8
F.Silkscreen
  6
CONTINUOUS
100
AcDbLine
 10
4.7920388582677163
 20
-5.5518183070866138
 30
0
 11
4.79209
 21
-5.5518772834645667
 31
0
  0
LINE
  5
269
330
1B
100
AcDbEntity
  8
F.Silkscreen
  6
CONTINUOUS
100
AcDbLine
 10
4.79209
 20
-5.5518772834645667
 30
0
 11
4.7923163779527558
 21
-5.5520630708661418
 31
0
  0
LINE
  5
26A
330
1B
100
AcDbEntity
  8
F.Silkscreen
  6
CONTINUOUS
100
AcDbLine
 10
4.7923163779527558
 20
-5.5520630708661418
 30
0
 11
4.7941911417322833
 21
-5.5539378346456694
 31
0
  0
LINE
  5
26B
330
1B
100
AcDbEntity
  8
F.Silkscreen
  6
CONTINUOUS
100
AcDbLine
 10
4.7941911417322833
 20
-5.5539378346456694
 30
0
 11
4.7943768897637797
 21
-5.5541641732283464
 31
0
  0
LINE
  5
26C
330
1B
100
AcDbEntity
  8
F.Silkscreen
  6
CONTINUOUS
100
AcDbLine
 10
4.7943768897637797
 20
-5.5541641732283464
 30
0
 11
4.7944359055118113
 21
-5.5542153543307089
 31
0
  0
LINE
  5
26D
330
1B
100
AcDbEntity
  8
F.Silkscreen
  6
CONTINUOUS
100
AcDbLine
 10
4.7944359055118113
 20
-5.5542153543307089
 30
0
 11
4.7944918503937011
 21
-5.5543042913385827
 31
0
  0
LINE
  5
26E
330
1B
100
AcDbEntity
  8
F.Silkscreen
  6
CONTINUOUS
100
AcDbLine
 10
4.7944918503937011
 20
-5.5543042913385827
 30
0
 11
4.794558346456693
 21
-5.5543852755905512
 31
0
  0
LINE
  5
26F
330
1B
100
AcDbEntity
  8
F.Silkscreen
  6
CONTINUOUS
100
AcDbLine
 10
4.794558346456693
 20
-5.5543852755905512
 30
0
 11
4.794588149606299
 21
-5.5544572047244092
 31
0
  0
LINE
  5
270
330
1B
100
AcDbEntity
  8
F.Silkscreen
  6
CONTINUOUS
100
AcDbLine
 10
4.794588149606299
 20
-5.5544572047244092
 30
0
 11
4.7947442519685035
 21
-5.5547052362204727
 31
0
  0
LINE
  5
271
330
1B
100
AcDbEntity
  8
F.Silkscreen
  6
CONTINUOUS
100
AcDbLine
 10
4.7947442519685035
 20
-5.5547052362204727
 30
0
 11
4.7966190157480311
 21
-5.5584547637795279
 31
0
  0
LINE
  5
272
330
1B
100
AcDbEntity
  8
F.Silkscreen
  6
CONTINUOUS
100
AcDbLine
 10
4.7966190157480311
 20
-5.5584547637795279
 30
0
 11
4.7968259055118105
 21
-5.5589953543307082
 31
0
  0
LINE
  5
273
330
1B
100
AcDbEntity
  8
F.Silkscreen
  6
CONTINUOUS
100
AcDbLine
 10
4.7968259055118105
 20
-5.5589953543307082
 30
0
 11
4.7968334251968505
 21
-5.5591012204724404
 31
0
  0
LINE
  5
274
330
1B
100
AcDbEntity
  8
F.Silkscreen
  6
CONTINUOUS
100
AcDbLine
 10
4.7968334251968505
 20
-5.5591012204724404
 30
0
 11
4.7968740157480312
 21
-5.5591992125984246
 31
0
  0
LINE
  5
275
330
1B
100
AcDbEntity
  8
F.Silkscreen
  6
CONTINUOUS
100
AcDbLine
 10
4.7968740157480312
 20
-5.5591992125984246
 30
0
 11
4.796930748031496
 21
-5.5597752755905514
 31
0
  0
LINE
  5
276
330
1B
100
AcDbEntity
  8
F.Silkscreen
  6
CONTINUOUS
100
AcDbLine
 10
4.796930748031496
 20
-5.5597752755905514
 30
0
 11
4.796930748031496
 21
-5.5691490944881892
 31
0
  0
LINE
  5
277
330
1B
100
AcDbEntity
  8
F.Silkscreen
  6
CONTINUOUS
100
AcDbLine
 10
4.796930748031496
 20
-5.5691490944881892
 30
0
 11
4.7968740157480312
 21
-5.569725157480315
 31
0
  0
LINE
  5
278
330
1B
100
AcDbEntity
  8
F.Silkscreen
  6
CONTINUOUS
100
AcDbLine
 10
4.7968740157480312
 20
-5.569725157480315
 30
0
 11
4.7968334251968505
 21
-5.5698231102362206
 31
0
  0
LINE
  5
279
330
1B
100
AcDbEntity
  8
F.Silkscreen
  6
CONTINUOUS
100
AcDbLine
 10
4.7968334251968505
 20
-5.5698231102362206
 30
0
 11
4.7968259055118105
 21
-5.5699290157480315
 31
0
  0
LINE
  5
27A
330
1B
100
AcDbEntity
  8
F.Silkscreen
  6
CONTINUOUS
100
AcDbLine
 10
4.7968259055118105
 20
-5.5699290157480315
 30
0
 11
4.7966190157480311
 21
-5.5704696062992127
 31
0
  0
LINE
  5
27B
330
1B
100
AcDbEntity
  8
F.Silkscreen
  6
CONTINUOUS
100
AcDbLine
 10
4.7966190157480311
 20
-5.5704696062992127
 30
0
 11
4.7947442519685035
 21
-5.5742191338582678
 31
0
  0
LINE
  5
27C
330
1B
100
AcDbEntity
  8
F.Silkscreen
  6
CONTINUOUS
100
AcDbLine
 10
4.7947442519685035
 20
-5.5742191338582678
 30
0
 11
4.7945881889763777
 21
-5.5744670078740155
 31
0
  0
LINE
  5
27D
330
1B
100
AcDbEntity
  8
F.Silkscreen
  6
CONTINUOUS
100
AcDbLine
 10
4.7945881889763777
 20
-5.5744670078740155
 30
0
 11
4.7945583858267717
 21
-5.5745390551181098
 31
0
  0
LINE
  5
27E
330
1B
100
AcDbEntity
  8
F.Silkscreen
  6
CONTINUOUS
100
AcDbLine
 10
4.7945583858267717
 20
-5.5745390551181098
 30
0
 11
4.7944918503937011
 21
-5.574620078740157
 31
0
  0
LINE
  5
27F
330
1B
100
AcDbEntity
  8
F.Silkscreen
  6
CONTINUOUS
100
AcDbLine
 10
4.7944918503937011
 20
-5.574620078740157
 30
0
 11
4.7944359055118113
 21
-5.5747090157480317
 31
0
  0
LINE
  5
280
330
1B
100
AcDbEntity
  8
F.Silkscreen
  6
CONTINUOUS
100
AcDbLine
 10
4.7944359055118113
 20
-5.5747090157480317
 30
0
 11
4.7943768897637797
 21
-5.5747601574803145
 31
0
  0
LINE
  5
281
330
1B
100
AcDbEntity
  8
F.Silkscreen
  6
CONTINUOUS
100
AcDbLine
 10
4.7943768897637797
 20
-5.5747601574803145
 30
0
 11
4.7941911417322833
 21
-5.5749865354330703
 31
0
  0
LINE
  5
282
330
1B
100
AcDbEntity
  8
F.Silkscreen
  6
CONTINUOUS
100
AcDbLine
 10
4.7941911417322833
 20
-5.5749865354330703
 30
0
 11
4.7923164173228345
 21
-5.5768612992125979
 31
0
  0
LINE
  5
283
330
1B
100
AcDbEntity
  8
F.Silkscreen
  6
CONTINUOUS
100
AcDbLine
 10
4.7923164173228345
 20
-5.5768612992125979
 30
0
 11
4.7920900393700787
 21
-5.5770470472440943
 31
0
  0
LINE
  5
284
330
1B
100
AcDbEntity
  8
F.Silkscreen
  6
CONTINUOUS
100
AcDbLine
 10
4.7920900393700787
 20
-5.5770470472440943
 30
0
 11
4.7920388582677163
 21
-5.5771061023622046
 31
0
  0
LINE
  5
285
330
1B
100
AcDbEntity
  8
F.Silkscreen
  6
CONTINUOUS
100
AcDbLine
 10
4.7920388582677163
 20
-5.5771061023622046
 30
0
 11
4.7919498818897637
 21
-5.5771620866141731
 31
0
  0
LINE
  5
286
330
1B
100
AcDbEntity
  8
F.Silkscreen
  6
CONTINUOUS
100
AcDbLine
 10
4.7919498818897637
 20
-5.5771620866141731
 30
0
 11
4.791868937007874
 21
-5.5772285433070863
 31
0
  0
LINE
  5
287
330
1B
100
AcDbEntity
  8
F.Silkscreen
  6
CONTINUOUS
100
AcDbLine
 10
4.791868937007874
 20
-5.5772285433070863
 30
0
 11
4.7917969685039372
 21
-5.5772583464566932
 31
0
  0
LINE
  5
288
330
1B
100
AcDbEntity
  8
F.Silkscreen
  6
CONTINUOUS
100
AcDbLine
 10
4.7917969685039372
 20
-5.5772583464566932
 30
0
 11
4.7915489763779524
 21
-5.5774144488188977
 31
0
  0
LINE
  5
289
330
1B
100
AcDbEntity
  8
F.Silkscreen
  6
CONTINUOUS
100
AcDbLine
 10
4.7915489763779524
 20
-5.5774144488188977
 30
0
 11
4.7877994488188973
 21
-5.5792892125984253
 31
0
  0
LINE
  5
28A
330
1B
100
AcDbEntity
  8
F.Silkscreen
  6
CONTINUOUS
100
AcDbLine
 10
4.7877994488188973
 20
-5.5792892125984253
 30
0
 11
4.7872588188976373
 21
-5.5794961023622047
 31
0
  0
LINE
  5
28B
330
1B
100
AcDbEntity
  8
F.Silkscreen
  6
CONTINUOUS
100
AcDbLine
 10
4.7872588188976373
 20
-5.5794961023622047
 30
0
 11
4.7871529921259839
 21
-5.5795035826771651
 31
0
  0
LINE
  5
28C
330
1B
100
AcDbEntity
  8
F.Silkscreen
  6
CONTINUOUS
100
AcDbLine
 10
4.7871529921259839
 20
-5.5795035826771651
 30
0
 11
4.7870549999999996
 21
-5.5795442125984254
 31
0
  0
LINE
  5
28D
330
1B
100
AcDbEntity
  8
F.Silkscreen
  6
CONTINUOUS
100
AcDbLine
 10
4.7870549999999996
 20
-5.5795442125984254
 30
0
 11
4.7864789370078737
 21
-5.5796009448818893
 31
0
  0
LINE
  5
28E
330
1B
100
AcDbEntity
  8
F.Silkscreen
  6
CONTINUOUS
100
AcDbLine
 10
4.7864789370078737
 20
-5.5796009448818893
 30
0
 11
4.7752303543307084
 21
-5.5796009448818893
 31
0
  0
LINE
  5
28F
330
1B
100
AcDbEntity
  8
F.Silkscreen
  6
CONTINUOUS
100
AcDbLine
 10
4.7752303543307084
 20
-5.5796009448818893
 30
0
 11
4.7746542913385825
 21
-5.5795442125984254
 31
0
  0
LINE
  5
290
330
1B
100
AcDbEntity
  8
F.Silkscreen
  6
CONTINUOUS
100
AcDbLine
 10
4.7746542913385825
 20
-5.5795442125984254
 30
0
 11
4.7745562992125983
 21
-5.5795036220472438
 31
0
  0
LINE
  5
291
330
1B
100
AcDbEntity
  8
F.Silkscreen
  6
CONTINUOUS
100
AcDbLine
 10
4.7745562992125983
 20
-5.5795036220472438
 30
0
 11
4.7744504330708661
 21
-5.5794961023622047
 31
0
  0
LINE
  5
292
330
1B
100
AcDbEntity
  8
F.Silkscreen
  6
CONTINUOUS
100
AcDbLine
 10
4.7744504330708661
 20
-5.5794961023622047
 30
0
 11
4.7739098425196849
 21
-5.5792892125984253
 31
0
  0
LINE
  5
293
330
1B
100
AcDbEntity
  8
F.Silkscreen
  6
CONTINUOUS
100
AcDbLine
 10
4.7739098425196849
 20
-5.5792892125984253
 30
0
 11
4.7701603149606298
 21
-5.5774144488188977
 31
0
  0
LINE
  5
294
330
1B
100
AcDbEntity
  8
F.Silkscreen
  6
CONTINUOUS
100
AcDbLine
 10
4.7701603149606298
 20
-5.5774144488188977
 30
0
 11
4.7699122834645671
 21
-5.5772583464566932
 31
0
  0
LINE
  5
295
330
1B
100
AcDbEntity
  8
F.Silkscreen
  6
CONTINUOUS
100
AcDbLine
 10
4.7699122834645671
 20
-5.5772583464566932
 30
0
 11
4.7698403543307082
 21
-5.5772285433070863
 31
0
  0
LINE
  5
296
330
1B
100
AcDbEntity
  8
F.Silkscreen
  6
CONTINUOUS
100
AcDbLine
 10
4.7698403543307082
 20
-5.5772285433070863
 30
0
 11
4.7697593700787397
 21
-5.5771620866141731
 31
0
  0
LINE
  5
297
330
1B
100
AcDbEntity
  8
F.Silkscreen
  6
CONTINUOUS
100
AcDbLine
 10
4.7697593700787397
 20
-5.5771620866141731
 30
0
 11
4.7696704330708659
 21
-5.5771061023622046
 31
0
  0
LINE
  5
298
330
1B
100
AcDbEntity
  8
F.Silkscreen
  6
CONTINUOUS
100
AcDbLine
 10
4.7696704330708659
 20
-5.5771061023622046
 30
0
 11
4.7696192125984247
 21
-5.5770470472440943
 31
0
  0
LINE
  5
299
330
1B
100
AcDbEntity
  8
F.Silkscreen
  6
CONTINUOUS
100
AcDbLine
 10
4.7696192125984247
 20
-5.5770470472440943
 30
0
 11
4.7693928740157476
 21
-5.5768612992125979
 31
0
  0
LINE
  5
29A
330
1B
100
AcDbEntity
  8
F.Silkscreen
  6
CONTINUOUS
100
AcDbLine
 10
4.7693928740157476
 20
-5.5768612992125979
 30
0
 11
4.7675181102362201
 21
-5.5749864960629916
 31
0
  0
LINE
  5
29B
330
1B
100
AcDbEntity
  8
F.Silkscreen
  6
CONTINUOUS
100
AcDbLine
 10
4.7675181102362201
 20
-5.5749864960629916
 30
0
 11
4.7671509055118113
 21
-5.5745390551181098
 31
0
  0
LINE
  5
29C
330
1B
100
AcDbEntity
  8
F.Silkscreen
  6
CONTINUOUS
100
AcDbLine
 10
4.7671509055118113
 20
-5.5745390551181098
 30
0
 11
4.7667100393700785
 21
-5.5734746456692914
 31
0
  0
LINE
  5
29D
330
1B
100
AcDbEntity
  8
F.Silkscreen
  6
CONTINUOUS
100
AcDbLine
 10
4.7667100393700785
 20
-5.5734746456692914
 30
0
 11
4.7667100393700785
 21
-5.5723225590551184
 31
0
  0
LINE
  5
29E
330
1B
100
AcDbEntity
  8
F.Silkscreen
  6
CONTINUOUS
100
AcDbLine
 10
4.7667100393700785
 20
-5.5723225590551184
 30
0
 11
4.7671509448818901
 21
-5.5712581496062992
 31
0
  0
LINE
  5
29F
330
1B
100
AcDbEntity
  8
F.Silkscreen
  6
CONTINUOUS
100
AcDbLine
 10
4.7671509448818901
 20
-5.5712581496062992
 30
0
 11
4.7679656299212594
 21
-5.570443464566929
 31
0
  0
LINE
  5
2A0
330
1B
100
AcDbEntity
  8
F.Silkscreen
  6
CONTINUOUS
100
AcDbLine
 10
4.7679656299212594
 20
-5.570443464566929
 30
0
 11
4.7690300393700786
 21
-5.5700025984251971
 31
0
  0
LINE
  5
2A1
330
1B
100
AcDbEntity
  8
F.Silkscreen
  6
CONTINUOUS
100
AcDbLine
 10
4.7690300393700786
 20
-5.5700025984251971
 30
0
 11
4.7701821259842516
 21
-5.5700025984251971
 31
0
  0
LINE
  5
2A2
330
1B
100
AcDbEntity
  8
F.Silkscreen
  6
CONTINUOUS
100
AcDbLine
 10
4.7701821259842516
 20
-5.5700025984251971
 30
0
 11
4.7712465354330709
 21
-5.5704435039370077
 31
0
  0
LINE
  5
2A3
330
1B
100
AcDbEntity
  8
F.Silkscreen
  6
CONTINUOUS
100
AcDbLine
 10
4.7712465354330709
 20
-5.5704435039370077
 30
0
 11
4.7716940157480314
 21
-5.5708107480314961
 31
0
  0
LINE
  5
2A4
330
1B
100
AcDbEntity
  8
F.Silkscreen
  6
CONTINUOUS
100
AcDbLine
 10
4.7716940157480314
 20
-5.5708107480314961
 30
0
 11
4.7732299212598424
 21
-5.5723466929133858
 31
0
  0
LINE
  5
2A5
330
1B
100
AcDbEntity
  8
F.Silkscreen
  6
CONTINUOUS
100
AcDbLine
 10
4.7732299212598424
 20
-5.5723466929133858
 30
0
 11
4.775927401574803
 21
-5.5736954330708661
 31
0
  0
LINE
  5
2A6
330
1B
100
AcDbEntity
  8
F.Silkscreen
  6
CONTINUOUS
100
AcDbLine
 10
4.775927401574803
 20
-5.5736954330708661
 30
0
 11
4.7857818897637792
 21
-5.5736954330708661
 31
0
  0
LINE
  5
2A7
330
1B
100
AcDbEntity
  8
F.Silkscreen
  6
CONTINUOUS
100
AcDbLine
 10
4.7857818897637792
 20
-5.5736954330708661
 30
0
 11
4.7884793307086611
 21
-5.5723466929133858
 31
0
  0
LINE
  5
2A8
330
1B
100
AcDbEntity
  8
F.Silkscreen
  6
CONTINUOUS
100
AcDbLine
 10
4.7884793307086611
 20
-5.5723466929133858
 30
0
 11
4.7896764566929129
 21
-5.5711495275590552
 31
0
  0
LINE
  5
2A9
330
1B
100
AcDbEntity
  8
F.Silkscreen
  6
CONTINUOUS
100
AcDbLine
 10
4.7896764566929129
 20
-5.5711495275590552
 30
0
 11
4.7910252362204719
 21
-5.5684520472440946
 31
0
  0
LINE
  5
2AA
330
1B
100
AcDbEntity
  8
F.Silkscreen
  6
CONTINUOUS
100
AcDbLine
 10
4.7910252362204719
 20
-5.5684520472440946
 30
0
 11
4.7910252362204719
 21
-5.560472322834646
 31
0
  0
LINE
  5
2AB
330
1B
100
AcDbEntity
  8
F.Silkscreen
  6
CONTINUOUS
100
AcDbLine
 10
4.7910252362204719
 20
-5.560472322834646
 30
0
 11
4.7896764960629916
 21
-5.5577748425196853
 31
0
  0
LINE
  5
2AC
330
1B
100
AcDbEntity
  8
F.Silkscreen
  6
CONTINUOUS
100
AcDbLine
 10
4.7896764960629916
 20
-5.5577748425196853
 30
0
 11
4.7884793700787398
 21
-5.5565777165354326
 31
0
  0
LINE
  5
2AD
330
1B
100
AcDbEntity
  8
F.Silkscreen
  6
CONTINUOUS
100
AcDbLine
 10
4.7884793700787398
 20
-5.5565777165354326
 30
0
 11
4.7857818897637792
 21
-5.5552289763779523
 31
0
  0
LINE
  5
2AE
330
1B
100
AcDbEntity
  8
F.Silkscreen
  6
CONTINUOUS
100
AcDbLine
 10
4.7857818897637792
 20
-5.5552289763779523
 30
0
 11
4.7808546456692911
 21
-5.5552289763779523
 31
0
  0
LINE
  5
2AF
330
1B
100
AcDbEntity
  8
F.Silkscreen
  6
CONTINUOUS
100
AcDbLine
 10
4.7808546456692911
 20
-5.5552289763779523
 30
0
 11
4.7805499606299211
 21
-5.5551989370078738
 31
0
  0
LINE
  5
2B0
330
1B
100
AcDbEntity
  8
F.Silkscreen
  6
CONTINUOUS
100
AcDbLine
 10
4.7805499606299211
 20
-5.5551989370078738
 30
0
 11
4.7804725196850395
 21
-5.5552041338582674
 31
0
  0
LINE
  5
2B1
330
1B
100
AcDbEntity
  8
F.Silkscreen
  6
CONTINUOUS
100
AcDbLine
 10
4.7804725196850395
 20
-5.5552041338582674
 30
0
 11
4.7804191338582678
 21
-5.5551860629921261
 31
0
  0
LINE
  5
2B2
330
1B
100
AcDbEntity
  8
F.Silkscreen
  6
CONTINUOUS
100
AcDbLine
 10
4.7804191338582678
 20
-5.5551860629921261
 30
0
 11
4.7802785826771652
 21
-5.5551722440944884
 31
0
  0
LINE
  5
2B3
330
1B
100
AcDbEntity
  8
F.Silkscreen
  6
CONTINUOUS
100
AcDbLine
 10
4.7802785826771652
 20
-5.5551722440944884
 30
0
 11
4.7798353543307082
 21
-5.5549886220472438
 31
0
  0
LINE
  5
2B4
330
1B
100
AcDbEntity
  8
F.Silkscreen
  6
CONTINUOUS
100
AcDbLine
 10
4.7798353543307082
 20
-5.5549886220472438
 30
0
 11
4.7793811417322836
 21
-5.5548350393700785
 31
0
  0
LINE
  5
2B5
330
1B
100
AcDbEntity
  8
F.Silkscreen
  6
CONTINUOUS
100
AcDbLine
 10
4.7793811417322836
 20
-5.5548350393700785
 30
0
 11
4.7793061417322837
 21
-5.5547694488188979
 31
0
  0
LINE
  5
2B6
330
1B
100
AcDbEntity
  8
F.Silkscreen
  6
CONTINUOUS
100
AcDbLine
 10
4.7793061417322837
 20
-5.5547694488188979
 30
0
 11
4.779214173228346
 21
-5.5547313385826769
 31
0
  0
LINE
  5
2B7
330
1B
100
AcDbEntity
  8
F.Silkscreen
  6
CONTINUOUS
100
AcDbLine
 10
4.779214173228346
 20
-5.5547313385826769
 30
0
 11
4.7788751574803152
 21
-5.5543923228346452
 31
0
  0
LINE
  5
2B8
330
1B
100
AcDbEntity
  8
F.Silkscreen
  6
CONTINUOUS
100
AcDbLine
 10
4.7788751574803152
 20
-5.5543923228346452
 30
0
 11
4.7785140551181104
 21
-5.5540763779527555
 31
0
  0
LINE
  5
2B9
330
1B
100
AcDbEntity
  8
F.Silkscreen
  6
CONTINUOUS
100
AcDbLine
 10
4.7785140551181104
 20
-5.5540763779527555
 30
0
 11
4.7784698425196845
 21
-5.5539870078740154
 31
0
  0
LINE
  5
2BA
330
1B
100
AcDbEntity
  8
F.Silkscreen
  6
CONTINUOUS
100
AcDbLine
 10
4.7784698425196845
 20
-5.5539870078740154
 30
0
 11
4.7783995275590554
 21
-5.5539166929133854
 31
0
  0
LINE
  5
2BB
330
1B
100
AcDbEntity
  8
F.Silkscreen
  6
CONTINUOUS
100
AcDbLine
 10
4.7783995275590554
 20
-5.5539166929133854
 30
0
 11
4.778216023622047
 21
-5.5534737401574805
 31
0
  0
LINE
  5
2BC
330
1B
100
AcDbEntity
  8
F.Silkscreen
  6
CONTINUOUS
100
AcDbLine
 10
4.778216023622047
 20
-5.5534737401574805
 30
0
 11
4.7780033464566927
 21
-5.5530436220472437
 31
0
  0
LINE
  5
2BD
330
1B
100
AcDbEntity
  8
F.Silkscreen
  6
CONTINUOUS
100
AcDbLine
 10
4.7780033464566927
 20
-5.5530436220472437
 30
0
 11
4.7779966929133861
 21
-5.5529442519685039
 31
0
  0
LINE
  5
2BE
330
1B
100
AcDbEntity
  8
F.Silkscreen
  6
CONTINUOUS
100
AcDbLine
 10
4.7779966929133861
 20
-5.5529442519685039
 30
0
 11
4.7779586220472439
 21
-5.5528522834645671
 31
0
  0
LINE
  5
2BF
330
1B
100
AcDbEntity
  8
F.Silkscreen
  6
CONTINUOUS
100
AcDbLine
 10
4.7779586220472439
 20
-5.5528522834645671
 30
0
 11
4.7779586220472439
 21
-5.5523725590551178
 31
0
  0
LINE
  5
2C0
330
1B
100
AcDbEntity
  8
F.Silkscreen
  6
CONTINUOUS
100
AcDbLine
 10
4.7779586220472439
 20
-5.5523725590551178
 30
0
 11
4.7779267322834649
 21
-5.5518940944881887
 31
0
  0
LINE
  5
2C1
330
1B
100
AcDbEntity
  8
F.Silkscreen
  6
CONTINUOUS
100
AcDbLine
 10
4.7779267322834649
 20
-5.5518940944881887
 30
0
 11
4.7779586220472439
 21
-5.5517997637795276
 31
0
  0
LINE
  5
2C2
330
1B
100
AcDbEntity
  8
F.Silkscreen
  6
CONTINUOUS
100
AcDbLine
 10
4.7779586220472439
 20
-5.5517997637795276
 30
0
 11
4.7779586220472439
 21
-5.5517001574803144
 31
0
  0
LINE
  5
2C3
330
1B
100
AcDbEntity
  8
F.Silkscreen
  6
CONTINUOUS
100
AcDbLine
 10
4.7779586220472439
 20
-5.5517001574803144
 30
0
 11
4.7781422047244098
 21
-5.5512569291338583
 31
0
  0
LINE
  5
2C4
330
1B
100
AcDbEntity
  8
F.Silkscreen
  6
CONTINUOUS
100
AcDbLine
 10
4.7781422047244098
 20
-5.5512569291338583
 30
0
 11
4.7782958267716538
 21
-5.5508027165354328
 31
0
  0
LINE
  5
2C5
330
1B
100
AcDbEntity
  8
F.Silkscreen
  6
CONTINUOUS
100
AcDbLine
 10
4.7782958267716538
 20
-5.5508027165354328
 30
0
 11
4.7783779133858264
 21
-5.5506878346456689
 31
0
  0
LINE
  5
2C6
330
1B
100
AcDbEntity
  8
F.Silkscreen
  6
CONTINUOUS
100
AcDbLine
 10
4.7783779133858264
 20
-5.5506878346456689
 30
0
 11
4.7783995275590554
 21
-5.5506357480314961
 31
0
  0
LINE
  5
2C7
330
1B
100
AcDbEntity
  8
F.Silkscreen
  6
CONTINUOUS
100
AcDbLine
 10
4.7783995275590554
 20
-5.5506357480314961
 30
0
 11
4.7784544488188976
 21
-5.5505807874015742
 31
0
  0
LINE
  5
2C8
330
1B
100
AcDbEntity
  8
F.Silkscreen
  6
CONTINUOUS
100
AcDbLine
 10
4.7784544488188976
 20
-5.5505807874015742
 30
0
 11
4.7786324803149602
 21
-5.5503318110236215
 31
0
  0
LINE
  5
2C9
330
1B
100
AcDbEntity
  8
F.Silkscreen
  6
CONTINUOUS
100
AcDbLine
 10
4.7786324803149602
 20
-5.5503318110236215
 30
0
 11
4.7874708267716537
 21
-5.5402308661417319
 31
0
  0
LINE
  5
2CA
330
1B
100
AcDbEntity
  8
F.Silkscreen
  6
CONTINUOUS
100
AcDbLine
 10
4.7874708267716537
 20
-5.5402308661417319
 30
0
 11
4.7696060629921258
 21
-5.5402308661417319
 31
0
  0
LINE
  5
2CB
330
1B
100
AcDbEntity
  8
F.Silkscreen
  6
CONTINUOUS
100
AcDbLine
 10
4.7696060629921258
 20
-5.5402308661417319
 30
0
 11
4.7690299999999999
 21
-5.540174133858268
 31
0
  0
LINE
  5
2CC
330
1B
100
AcDbEntity
  8
F.Silkscreen
  6
CONTINUOUS
100
AcDbLine
 10
4.7690299999999999
 20
-5.540174133858268
 30
0
 11
4.7679655905511806
 21
-5.5397332283464564
 31
0
  0
LINE
  5
2CD
330
1B
100
AcDbEntity
  8
F.Silkscreen
  6
CONTINUOUS
100
AcDbLine
 10
4.7679655905511806
 20
-5.5397332283464564
 30
0
 11
4.7671509448818901
 21
-5.538918582677165
 31
0
  0
LINE
  5
2CE
330
1B
100
AcDbEntity
  8
F.Silkscreen
  6
CONTINUOUS
100
AcDbLine
 10
4.7671509448818901
 20
-5.538918582677165
 30
0
 11
4.7667100393700785
 21
-5.5378541732283466
 31
0
  0
LINE
  5
2CF
330
1B
100
AcDbEntity
  8
F.Silkscreen
  6
CONTINUOUS
100
AcDbLine
 10
4.7667100393700785
 20
-5.5378541732283466
 30
0
 11
4.7667100393700785
 21
-5.536702047244094
 31
0
  0
LINE
  5
2D0
330
1B
100
AcDbEntity
  8
F.Silkscreen
  6
CONTINUOUS
100
AcDbLine
 10
4.7667100393700785
 20
-5.536702047244094
 30
0
 11
4.7671509448818901
 21
-5.5356376377952756
 31
0
  0
LINE
  5
2D1
330
1B
100
AcDbEntity
  8
F.Silkscreen
  6
CONTINUOUS
100
AcDbLine
 10
4.7671509448818901
 20
-5.5356376377952756
 30
0
 11
4.7679655905511806
 21
-5.5348229921259842
 31
0
  0
LINE
  5
2D2
330
1B
100
AcDbEntity
  8
F.Silkscreen
  6
CONTINUOUS
100
AcDbLine
 10
4.7679655905511806
 20
-5.5348229921259842
 30
0
 11
4.7690299999999999
 21
-5.5343820866141735
 31
0
  0
LINE
  5
2D3
330
1B
100
AcDbEntity
  8
F.Silkscreen
  6
CONTINUOUS
100
AcDbLine
 10
4.7690299999999999
 20
-5.5343820866141735
 30
0
 11
4.7696060629921258
 21
-5.5343253543307087
 31
0
  0
LINE
  5
2D4
330
1B
100
AcDbEntity
  8
F.Silkscreen
  6
CONTINUOUS
100
AcDbLine
 10
4.7696060629921258
 20
-5.5343253543307087
 30
0
 11
4.793977992125984
 21
-5.5343253543307087
 31
0
  0
LINE
  5
2D5
330
1B
100
AcDbEntity
  8
F.Silkscreen
  6
CONTINUOUS
100
AcDbLine
 10
4.793977992125984
 20
-5.5343253543307087
 30
0
 11
4.7942826377952752
 21
-5.5343553543307085
 31
0
  0
LINE
  5
2D6
330
1B
100
AcDbEntity
  8
F.Silkscreen
  6
CONTINUOUS
100
AcDbLine
 10
4.8245503149606295
 20
-5.5343820866141735
 30
0
 11
4.8246483070866137
 21
-5.5344226771653542
 31
0
  0
LINE
  5
2D7
330
1B
100
AcDbEntity
  8
F.Silkscreen
  6
CONTINUOUS
100
AcDbLine
 10
4.8246483070866137
 20
-5.5344226771653542
 30
0
 11
4.824754133858268
 21
-5.5344301968503933
 31
0
  0
LINE
  5
2D8
330
1B
100
AcDbEntity
  8
F.Silkscreen
  6
CONTINUOUS
100
AcDbLine
 10
4.824754133858268
 20
-5.5344301968503933
 30
0
 11
4.8252947637795272
 21
-5.5346370866141728
 31
0
  0
LINE
  5
2D9
330
1B
100
AcDbEntity
  8
F.Silkscreen
  6
CONTINUOUS
100
AcDbLine
 10
4.8252947637795272
 20
-5.5346370866141728
 30
0
 11
4.8290442913385823
 21
-5.5365118503937003
 31
0
  0
LINE
  5
2DA
330
1B
100
AcDbEntity
  8
F.Silkscreen
  6
CONTINUOUS
100
AcDbLine
 10
4.8290442913385823
 20
-5.5365118503937003
 30
0
 11
4.8292922834645671
 21
-5.536667913385827
 31
0
  0
LINE
  5
2DB
330
1B
100
AcDbEntity
  8
F.Silkscreen
  6
CONTINUOUS
100
AcDbLine
 10
4.8292922834645671
 20
-5.536667913385827
 30
0
 11
4.8293642519685038
 21
-5.5366977559055117
 31
0
  0
LINE
  5
2DC
330
1B
100
AcDbEntity
  8
F.Silkscreen
  6
CONTINUOUS
100
AcDbLine
 10
4.8293642519685038
 20
-5.5366977559055117
 30
0
 11
4.8294451968503935
 21
-5.5367642125984249
 31
0
  0
LINE
  5
2DD
330
1B
100
AcDbEntity
  8
F.Silkscreen
  6
CONTINUOUS
100
AcDbLine
 10
4.8294451968503935
 20
-5.5367642125984249
 30
0
 11
4.8295341732283461
 21
-5.5368201968503934
 31
0
  0
LINE
  5
2DE
330
1B
100
AcDbEntity
  8
F.Silkscreen
  6
CONTINUOUS
100
AcDbLine
 10
4.8295341732283461
 20
-5.5368201968503934
 30
0
 11
4.8295853149606298
 21
-5.5368791732283462
 31
0
  0
LINE
  5
2DF
330
1B
100
AcDbEntity
  8
F.Silkscreen
  6
CONTINUOUS
100
AcDbLine
 10
4.8295853149606298
 20
-5.5368791732283462
 30
0
 11
4.8298116929133856
 21
-5.5370649606299214
 31
0
  0
LINE
  5
2E0
330
1B
100
AcDbEntity
  8
F.Silkscreen
  6
CONTINUOUS
100
AcDbLine
 10
4.8298116929133856
 20
-5.5370649606299214
 30
0
 11
4.8316864566929132
 21
-5.5389397244094489
 31
0
  0
LINE
  5
2E1
330
1B
100
AcDbEntity
  8
F.Silkscreen
  6
CONTINUOUS
100
AcDbLine
 10
4.8316864566929132
 20
-5.5389397244094489
 30
0
 11
4.8318722047244096
 21
-5.539166062992126
 31
0
  0
LINE
  5
2E2
330
1B
100
AcDbEntity
  8
F.Silkscreen
  6
CONTINUOUS
100
AcDbLine
 10
4.8318722047244096
 20
-5.539166062992126
 30
0
 11
4.8319312204724412
 21
-5.5392172440944885
 31
0
  0
LINE
  5
2E3
330
1B
100
AcDbEntity
  8
F.Silkscreen
  6
CONTINUOUS
100
AcDbLine
 10
4.8319312204724412
 20
-5.5392172440944885
 30
0
 11
4.8319871653543309
 21
-5.5393061811023623
 31
0
  0
LINE
  5
2E4
330
1B
100
AcDbEntity
  8
F.Silkscreen
  6
CONTINUOUS
100
AcDbLine
 10
4.8319871653543309
 20
-5.5393061811023623
 30
0
 11
4.8320536614173228
 21
-5.5393871653543307
 31
0
  0
LINE
  5
2E5
330
1B
100
AcDbEntity
  8
F.Silkscreen
  6
CONTINUOUS
100
AcDbLine
 10
4.8320536614173228
 20
-5.5393871653543307
 30
0
 11
4.8320834645669288
 21
-5.5394590944881887
 31
0
  0
LINE
  5
2E6
330
1B
100
AcDbEntity
  8
F.Silkscreen
  6
CONTINUOUS
100
AcDbLine
 10
4.8320834645669288
 20
-5.5394590944881887
 30
0
 11
4.8322395669291334
 21
-5.5397071259842514
 31
0
  0
LINE
  5
2E7
330
1B
100
AcDbEntity
  8
F.Silkscreen
  6
CONTINUOUS
100
AcDbLine
 10
4.8322395669291334
 20
-5.5397071259842514
 30
0
 11
4.8341143307086609
 21
-5.5434566535433065
 31
0
  0
LINE
  5
2E8
330
1B
100
AcDbEntity
  8
F.Silkscreen
  6
CONTINUOUS
100
AcDbLine
 10
4.8341143307086609
 20
-5.5434566535433065
 30
0
 11
4.8343212204724404
 21
-5.5439972440944878
 31
0
  0
LINE
  5
2E9
330
1B
100
AcDbEntity
  8
F.Silkscreen
  6
CONTINUOUS
100
AcDbLine
 10
4.8343212204724404
 20
-5.5439972440944878
 30
0
 11
4.8343287401574804
 21
-5.5441031102362199
 31
0
  0
LINE
  5
2EA
330
1B
100
AcDbEntity
  8
F.Silkscreen
  6
CONTINUOUS
100
AcDbLine
 10
4.8343287401574804
 20
-5.5441031102362199
 30
0
 11
4.834369330708661
 21
-5.5442011023622042
 31
0
  0
LINE
  5
2EB
330
1B
100
AcDbEntity
  8
F.Silkscreen
  6
CONTINUOUS
100
AcDbLine
 10
4.834369330708661
 20
-5.5442011023622042
 30
0
 11
4.8344260629921258
 21
-5.544777165354331
 31
0
  0
LINE
  5
2EC
330
1B
100
AcDbEntity
  8
F.Silkscreen
  6
CONTINUOUS
100
AcDbLine
 10
4.8344260629921258
 20
-5.544777165354331
 30
0
 11
4.8344260629921258
 21
-5.5485266929133861
 31
0
  0
LINE
  5
2ED
330
1B
100
AcDbEntity
  8
F.Silkscreen
  6
CONTINUOUS
100
AcDbLine
 10
4.8344260629921258
 20
-5.5485266929133861
 30
0
 11
4.8343973228346453
 21
-5.548818267716535
 31
0
  0
LINE
  5
2EE
330
1B
100
AcDbEntity
  8
F.Silkscreen
  6
CONTINUOUS
100
AcDbLine
 10
4.8343973228346453
 20
-5.548818267716535
 30
0
 11
4.8344028740157476
 21
-5.5488960236220475
 31
0
  0
LINE
  5
2EF
330
1B
100
AcDbEntity
  8
F.Silkscreen
  6
CONTINUOUS
100
AcDbLine
 10
4.8344028740157476
 20
-5.5488960236220475
 30
0
 11
4.8343796062992128
 21
-5.5489982677165353
 31
0
  0
LINE
  5
2F0
330
1B
100
AcDbEntity
  8
F.Silkscreen
  6
CONTINUOUS
100
AcDbLine
 10
4.8343796062992128
 20
-5.5489982677165353
 30
0
 11
4.834369330708661
 21
-5.5491027559055119
 31
0
  0
LINE
  5
2F1
330
1B
100
AcDbEntity
  8
F.Silkscreen
  6
CONTINUOUS
100
AcDbLine
 10
4.834369330708661
 20
-5.5491027559055119
 30
0
 11
4.8343394488188975
 21
-5.5491748031496062
 31
0
  0
LINE
  5
2F2
330
1B
100
AcDbEntity
  8
F.Silkscreen
  6
CONTINUOUS
100
AcDbLine
 10
4.8343394488188975
 20
-5.5491748031496062
 30
0
 11
4.8342745275590548
 21
-5.5494604724409449
 31
0
  0
LINE
  5
2F3
330
1B
100
AcDbEntity
  8
F.Silkscreen
  6
CONTINUOUS
100
AcDbLine
 10
4.8342745275590548
 20
-5.5494604724409449
 30
0
 11
4.8323997637795273
 21
-5.5550847244094488
 31
0
  0
LINE
  5
2F4
330
1B
100
AcDbEntity
  8
F.Silkscreen
  6
CONTINUOUS
100
AcDbLine
 10
4.8323997637795273
 20
-5.5550847244094488
 30
0
 11
4.8321637795275594
 21
-5.555613307086614
 31
0
  0
LINE
  5
2F5
330
1B
100
AcDbEntity
  8
F.Silkscreen
  6
CONTINUOUS
100
AcDbLine
 10
4.8321637795275594
 20
-5.555613307086614
 30
0
 11
4.8320942913385823
 21
-5.5556933858267712
 31
0
  0
LINE
  5
2F6
330
1B
100
AcDbEntity
  8
F.Silkscreen
  6
CONTINUOUS
100
AcDbLine
 10
4.8320942913385823
 20
-5.5556933858267712
 30
0
 11
4.8320537007874016
 21
-5.555791456692913
 31
0
  0
LINE
  5
2F7
330
1B
100
AcDbEntity
  8
F.Silkscreen
  6
CONTINUOUS
100
AcDbLine
 10
4.8320537007874016
 20
-5.555791456692913
 30
0
 11
4.8316864566929132
 21
-5.5562388976377948
 31
0
  0
LINE
  5
2F8
330
1B
100
AcDbEntity
  8
F.Silkscreen
  6
CONTINUOUS
100
AcDbLine
 10
4.8316864566929132
 20
-5.5562388976377948
 30
0
 11
4.8142299606299215
 21
-5.5736954330708661
 31
0
  0
LINE
  5
2F9
330
1B
100
AcDbEntity
  8
F.Silkscreen
  6
CONTINUOUS
100
AcDbLine
 10
4.8142299606299215
 20
-5.5736954330708661
 30
0
 11
4.8314733070866138
 21
-5.5736954330708661
 31
0
  0
LINE
  5
2FA
330
1B
100
AcDbEntity
  8
F.Silkscreen
  6
CONTINUOUS
100
AcDbLine
 10
4.8314733070866138
 20
-5.5736954330708661
 30
0
 11
4.8320493700787397
 21
-5.5737521653543309
 31
0
  0
LINE
  5
2FB
330
1B
100
AcDbEntity
  8
F.Silkscreen
  6
CONTINUOUS
100
AcDbLine
 10
4.8320493700787397
 20
-5.5737521653543309
 30
0
 11
4.8331137795275589
 21
-5.5741930708661416
 31
0
  0
LINE
  5
2FC
330
1B
100
AcDbEntity
  8
F.Silkscreen
  6
CONTINUOUS
100
AcDbLine
 10
4.8331137795275589
 20
-5.5741930708661416
 30
0
 11
4.8339284251968504
 21
-5.575007716535433
 31
0
  0
LINE
  5
2FD
330
1B
100
AcDbEntity
  8
F.Silkscreen
  6
CONTINUOUS
100
AcDbLine
 10
4.8339284251968504
 20
-5.575007716535433
 30
0
 11
4.834369330708661
 21
-5.5760721259842523
 31
0
  0
LINE
  5
2FE
330
1B
100
AcDbEntity
  8
F.Silkscreen
  6
CONTINUOUS
100
AcDbLine
 10
4.834369330708661
 20
-5.5760721259842523
 30
0
 11
4.834369330708661
 21
-5.577224251968504
 31
0
  0
LINE
  5
2FF
330
1B
100
AcDbEntity
  8
F.Silkscreen
  6
CONTINUOUS
100
AcDbLine
 10
4.834369330708661
 20
-5.577224251968504
 30
0
 11
4.8339284251968504
 21
-5.5782886614173224
 31
0
  0
LINE
  5
300
330
1B
100
AcDbEntity
  8
F.Silkscreen
  6
CONTINUOUS
100
AcDbLine
 10
4.8339284251968504
 20
-5.5782886614173224
 30
0
 11
4.8331137795275589
 21
-5.5791033070866138
 31
0
  0
LINE
  5
301
330
1B
100
AcDbEntity
  8
F.Silkscreen
  6
CONTINUOUS
100
AcDbLine
 10
4.8331137795275589
 20
-5.5791033070866138
 30
0
 11
4.8320493700787397
 21
-5.5795442125984254
 31
0
  0
LINE
  5
302
330
1B
100
AcDbEntity
  8
F.Silkscreen
  6
CONTINUOUS
100
AcDbLine
 10
4.8320493700787397
 20
-5.5795442125984254
 30
0
 11
4.8314733070866138
 21
-5.5796009448818893
 31
0
  0
LINE
  5
303
330
1B
100
AcDbEntity
  8
F.Silkscreen
  6
CONTINUOUS
100
AcDbLine
 10
4.8314733070866138
 20
-5.5796009448818893
 30
0
 11
4.8071013779527556
 21
-5.5796009448818893
 31
0
  0
LINE
  5
304
330
1B
100
AcDbEntity
  8
F.Silkscreen
  6
CONTINUOUS
100
AcDbLine
 10
4.8071013779527556
 20
-5.5796009448818893
 30
0
 11
4.8065253149606297
 21
-5.5795442125984254
 31
0
  0
LINE
  5
305
330
1B
100
AcDbEntity
  8
F.Silkscreen
  6
CONTINUOUS
100
AcDbLine
 10
4.8065253149606297
 20
-5.5795442125984254
 30
0
 11
4.8054609055118105
 21
-5.5791033070866138
 31
0
  0
LINE
  5
306
330
1B
100
AcDbEntity
  8
F.Silkscreen
  6
CONTINUOUS
100
AcDbLine
 10
4.8054609055118105
 20
-5.5791033070866138
 30
0
 11
4.8046462598425199
 21
-5.5782886614173224
 31
0
  0
LINE
  5
307
330
1B
100
AcDbEntity
  8
F.Silkscreen
  6
CONTINUOUS
100
AcDbLine
 10
4.8046462598425199
 20
-5.5782886614173224
 30
0
 11
4.8042053543307084
 21
-5.577224251968504
 31
0
  0
LINE
  5
308
330
1B
100
AcDbEntity
  8
F.Silkscreen
  6
CONTINUOUS
100
AcDbLine
 10
4.8042053543307084
 20
-5.577224251968504
 30
0
 11
4.8042053543307084
 21
-5.5760721259842523
 31
0
  0
LINE
  5
309
330
1B
100
AcDbEntity
  8
F.Silkscreen
  6
CONTINUOUS
100
AcDbLine
 10
4.8042053543307084
 20
-5.5760721259842523
 30
0
 11
4.8046462598425199
 21
-5.575007716535433
 31
0
  0
LINE
  5
30A
330
1B
100
AcDbEntity
  8
F.Silkscreen
  6
CONTINUOUS
100
AcDbLine
 10
4.8046462598425199
 20
-5.575007716535433
 30
0
 11
4.8050134645669287
 21
-5.5745602755905512
 31
0
  0
LINE
  5
30B
330
1B
100
AcDbEntity
  8
F.Silkscreen
  6
CONTINUOUS
100
AcDbLine
 10
4.8050134645669287
 20
-5.5745602755905512
 30
0
 11
4.8270177165354333
 21
-5.55255594488189
 31
0
  0
LINE
  5
30C
330
1B
100
AcDbEntity
  8
F.Silkscreen
  6
CONTINUOUS
100
AcDbLine
 10
4.8270177165354333
 20
-5.55255594488189
 30
0
 11
4.8285205511811027
 21
-5.5480475590551181
 31
0
  0
LINE
  5
30D
330
1B
100
AcDbEntity
  8
F.Silkscreen
  6
CONTINUOUS
100
AcDbLine
 10
4.8285205511811027
 20
-5.5480475590551181
 30
0
 11
4.8285205511811027
 21
-5.5454742125984247
 31
0
  0
LINE
  5
30E
330
1B
100
AcDbEntity
  8
F.Silkscreen
  6
CONTINUOUS
100
AcDbLine
 10
4.8285205511811027
 20
-5.5454742125984247
 30
0
 11
4.8271718110236224
 21
-5.542776732283464
 31
0
  0
LINE
  5
30F
330
1B
100
AcDbEntity
  8
F.Silkscreen
  6
CONTINUOUS
100
AcDbLine
 10
4.8271718110236224
 20
-5.542776732283464
 30
0
 11
4.8259746850393697
 21
-5.5415796062992122
 31
0
  0
LINE
  5
310
330
1B
100
AcDbEntity
  8
F.Silkscreen
  6
CONTINUOUS
100
AcDbLine
 10
4.8259746850393697
 20
-5.5415796062992122
 30
0
 11
4.823277204724409
 21
-5.5402308661417319
 31
0
  0
LINE
  5
311
330
1B
100
AcDbEntity
  8
F.Silkscreen
  6
CONTINUOUS
100
AcDbLine
 10
4.823277204724409
 20
-5.5402308661417319
 30
0
 11
4.8152974803149604
 21
-5.5402308661417319
 31
0
  0
LINE
  5
312
330
1B
100
AcDbEntity
  8
F.Silkscreen
  6
CONTINUOUS
100
AcDbLine
 10
4.8152974803149604
 20
-5.5402308661417319
 30
0
 11
4.8125999999999998
 21
-5.5415796062992122
 31
0
  0
LINE
  5
313
330
1B
100
AcDbEntity
  8
F.Silkscreen
  6
CONTINUOUS
100
AcDbLine
 10
4.8125999999999998
 20
-5.5415796062992122
 30
0
 11
4.8110640551181101
 21
-5.5431155511811019
 31
0
  0
LINE
  5
314
330
1B
100
AcDbEntity
  8
F.Silkscreen
  6
CONTINUOUS
100
AcDbLine
 10
4.8110640551181101
 20
-5.5431155511811019
 30
0
 11
4.8106166141732283
 21
-5.5434827559055115
 31
0
  0
LINE
  5
315
330
1B
100
AcDbEntity
  8
F.Silkscreen
  6
CONTINUOUS
100
AcDbLine
 10
4.8106166141732283
 20
-5.5434827559055115
 30
0
 11
4.8095521653543303
 21
-5.5439236614173231
 31
0
  0
LINE
  5
316
330
1B
100
AcDbEntity
  8
F.Silkscreen
  6
CONTINUOUS
100
AcDbLine
 10
4.8095521653543303
 20
-5.5439236614173231
 30
0
 11
4.808400118110236
 21
-5.5439236614173231
 31
0
  0
LINE
  5
317
330
1B
100
AcDbEntity
  8
F.Silkscreen
  6
CONTINUOUS
100
AcDbLine
 10
4.808400118110236
 20
-5.5439236614173231
 30
0
 11
4.807335669291338
 21
-5.5434827559055115
 31
0
  0
LINE
  5
318
330
1B
100
AcDbEntity
  8
F.Silkscreen
  6
CONTINUOUS
100
AcDbLine
 10
4.807335669291338
 20
-5.5434827559055115
 30
0
 11
4.8065210236220475
 21
-5.5426681102362201
 31
0
  0
LINE
  5
319
330
1B
100
AcDbEntity
  8
F.Silkscreen
  6
CONTINUOUS
100
AcDbLine
 10
4.8065210236220475
 20
-5.5426681102362201
 30
0
 11
4.8060801181102359
 21
-5.541603661417323
 31
0
  0
LINE
  5
31A
330
1B
100
AcDbEntity
  8
F.Silkscreen
  6
CONTINUOUS
100
AcDbLine
 10
4.8060801181102359
 20
-5.541603661417323
 30
0
 11
4.8060801181102359
 21
-5.5404516141732278
 31
0
  0
LINE
  5
31B
330
1B
100
AcDbEntity
  8
F.Silkscreen
  6
CONTINUOUS
100
AcDbLine
 10
4.8060801181102359
 20
-5.5404516141732278
 30
0
 11
4.8065210236220475
 21
-5.5393871653543307
 31
0
  0
LINE
  5
31C
330
1B
100
AcDbEntity
  8
F.Silkscreen
  6
CONTINUOUS
100
AcDbLine
 10
4.8065210236220475
 20
-5.5393871653543307
 30
0
 11
4.8068882283464562
 21
-5.5389397244094489
 31
0
  0
LINE
  5
31D
330
1B
100
AcDbEntity
  8
F.Silkscreen
  6
CONTINUOUS
100
AcDbLine
 10
4.8068882283464562
 20
-5.5389397244094489
 30
0
 11
4.8087629921259838
 21
-5.5370649606299214
 31
0
  0
LINE
  5
31E
330
1B
100
AcDbEntity
  8
F.Silkscreen
  6
CONTINUOUS
100
AcDbLine
 10
4.8087629921259838
 20
-5.5370649606299214
 30
0
 11
4.8089893307086617
 21
-5.5368791732283462
 31
0
  0
LINE
  5
31F
330
1B
100
AcDbEntity
  8
F.Silkscreen
  6
CONTINUOUS
100
AcDbLine
 10
4.8089893307086617
 20
-5.5368791732283462
 30
0
 11
4.8090405118110233
 21
-5.5368201968503934
 31
0
  0
LINE
  5
320
330
1B
100
AcDbEntity
  8
F.Silkscreen
  6
CONTINUOUS
100
AcDbLine
 10
4.8090405118110233
 20
-5.5368201968503934
 30
0
 11
4.8091294488188971
 21
-5.5367642125984249
 31
0
  0
LINE
  5
321
330
1B
100
AcDbEntity
  8
F.Silkscreen
  6
CONTINUOUS
100
AcDbLine
 10
4.8091294488188971
 20
-5.5367642125984249
 30
0
 11
4.8092104330708656
 21
-5.5366977559055117
 31
0
  0
LINE
  5
322
330
1B
100
AcDbEntity
  8
F.Silkscreen
  6
CONTINUOUS
100
AcDbLine
 10
4.8092104330708656
 20
-5.5366977559055117
 30
0
 11
4.8092823622047245
 21
-5.536667913385827
 31
0
  0
LINE
  5
323
330
1B
100
AcDbEntity
  8
F.Silkscreen
  6
CONTINUOUS
100
AcDbLine
 10
4.8092823622047245
 20
-5.536667913385827
 30
0
 11
4.8095303937007872
 21
-5.5365118503937003
 31
0
  0
LINE
  5
324
330
1B
100
AcDbEntity
  8
F.Silkscreen
  6
CONTINUOUS
100
AcDbLine
 10
4.8095303937007872
 20
-5.5365118503937003
 30
0
 11
4.8132799212598423
 21
-5.5346370866141728
 31
0
  0
LINE
  5
325
330
1B
100
AcDbEntity
  8
F.Silkscreen
  6
CONTINUOUS
100
AcDbLine
 10
4.8132799212598423
 20
-5.5346370866141728
 30
0
 11
4.8138205118110236
 21
-5.5344301968503933
 31
0
  0
LINE
  5
326
330
1B
100
AcDbEntity
  8
F.Silkscreen
  6
CONTINUOUS
100
AcDbLine
 10
4.8138205118110236
 20
-5.5344301968503933
 30
0
 11
4.8139263779527557
 21
-5.5344226377952754
 31
0
  0
LINE
  5
327
330
1B
100
AcDbEntity
  8
F.Silkscreen
  6
CONTINUOUS
100
AcDbLine
 10
4.8139263779527557
 20
-5.5344226377952754
 30
0
 11
4.81402437007874
 21
-5.5343820866141735
 31
0
  0
LINE
  5
328
330
1B
100
AcDbEntity
  8
F.Silkscreen
  6
CONTINUOUS
100
AcDbLine
 10
4.81402437007874
 20
-5.5343820866141735
 30
0
 11
4.8146004330708658
 21
-5.5343253543307087
 31
0
  0
LINE
  5
329
330
1B
100
AcDbEntity
  8
F.Silkscreen
  6
CONTINUOUS
100
AcDbLine
 10
4.8146004330708658
 20
-5.5343253543307087
 30
0
 11
4.8239742519685036
 21
-5.5343253543307087
 31
0
  0
LINE
  5
32A
330
1B
100
AcDbEntity
  8
F.Silkscreen
  6
CONTINUOUS
100
AcDbLine
 10
4.8239742519685036
 20
-5.5343253543307087
 30
0
 11
4.8245503149606295
 21
-5.5343820866141735
 31
0
  0
LINE
  5
32B
330
1B
100
AcDbEntity
  8
F.Silkscreen
  6
CONTINUOUS
100
AcDbLine
 10
4.8580037007874015
 20
-5.5343820866141735
 30
0
 11
4.8582961023622042
 21
-5.5343820866141735
 31
0
  0
LINE
  5
32C
330
1B
100
AcDbEntity
  8
F.Silkscreen
  6
CONTINUOUS
100
AcDbLine
 10
4.8582961023622042
 20
-5.5343820866141735
 30
0
 11
4.8585633464566929
 21
-5.5344927952755905
 31
0
  0
LINE
  5
32D
330
1B
100
AcDbEntity
  8
F.Silkscreen
  6
CONTINUOUS
100
AcDbLine
 10
4.8585633464566929
 20
-5.5344927952755905
 30
0
 11
4.858847165354331
 21
-5.534548937007874
 31
0
  0
LINE
  5
32E
330
1B
100
AcDbEntity
  8
F.Silkscreen
  6
CONTINUOUS
100
AcDbLine
 10
4.858847165354331
 20
-5.534548937007874
 30
0
 11
4.8590904330708664
 21
-5.5347111023622046
 31
0
  0
LINE
  5
32F
330
1B
100
AcDbEntity
  8
F.Silkscreen
  6
CONTINUOUS
100
AcDbLine
 10
4.8590904330708664
 20
-5.5347111023622046
 30
0
 11
4.8593605118110235
 21
-5.5348229921259842
 31
0
  0
LINE
  5
330
330
1B
100
AcDbEntity
  8
F.Silkscreen
  6
CONTINUOUS
100
AcDbLine
 10
4.8593605118110235
 20
-5.5348229921259842
 30
0
 11
4.8595649606299212
 21
-5.5350274409448819
 31
0
  0
LINE
  5
331
330
1B
100
AcDbEntity
  8
F.Silkscreen
  6
CONTINUOUS
100
AcDbLine
 10
4.8595649606299212
 20
-5.5350274409448819
 30
0
 11
4.8598057874015748
 21
-5.5351879921259846
 31
0
  0
LINE
  5
332
330
1B
100
AcDbEntity
  8
F.Silkscreen
  6
CONTINUOUS
100
AcDbLine
 10
4.8598057874015748
 20
-5.5351879921259846
 30
0
 11
4.859968503937008
 21
-5.5354309842519687
 31
0
  0
LINE
  5
333
330
1B
100
AcDbEntity
  8
F.Silkscreen
  6
CONTINUOUS
100
AcDbLine
 10
4.859968503937008
 20
-5.5354309842519687
 30
0
 11
4.8601751574803149
 21
-5.5356376377952756
 31
0
  0
LINE
  5
334
330
1B
100
AcDbEntity
  8
F.Silkscreen
  6
CONTINUOUS
100
AcDbLine
 10
4.8601751574803149
 20
-5.5356376377952756
 30
0
 11
4.8602858267716531
 21
-5.5359048425196846
 31
0
  0
LINE
  5
335
330
1B
100
AcDbEntity
  8
F.Silkscreen
  6
CONTINUOUS
100
AcDbLine
 10
4.8602858267716531
 20
-5.5359048425196846
 30
0
 11
4.8604468503937008
 21
-5.5361452755905507
 31
0
  0
LINE
  5
336
330
1B
100
AcDbEntity
  8
F.Silkscreen
  6
CONTINUOUS
100
AcDbLine
 10
4.8604468503937008
 20
-5.5361452755905507
 30
0
 11
4.860504173228346
 21
-5.5364319291338582
 31
0
  0
LINE
  5
337
330
1B
100
AcDbEntity
  8
F.Silkscreen
  6
CONTINUOUS
100
AcDbLine
 10
4.860504173228346
 20
-5.5364319291338582
 30
0
 11
4.8606160629921256
 21
-5.536702047244094
 31
0
  0
LINE
  5
338
330
1B
100
AcDbEntity
  8
F.Silkscreen
  6
CONTINUOUS
100
AcDbLine
 10
4.8606160629921256
 20
-5.536702047244094
 30
0
 11
4.8606721653543303
 21
-5.5372719685039371
 31
0
  0
LINE
  5
339
330
1B
100
AcDbEntity
  8
F.Silkscreen
  6
CONTINUOUS
100
AcDbLine
 10
4.8606721653543303
 20
-5.5372719685039371
 30
0
 11
4.8606727952755904
 21
-5.5372750000000002
 31
0
  0
LINE
  5
33A
330
1B
100
AcDbEntity
  8
F.Silkscreen
  6
CONTINUOUS
100
AcDbLine
 10
4.8606727952755904
 20
-5.5372750000000002
 30
0
 11
4.8606725590551179
 21
-5.5372760236220468
 31
0
  0
LINE
  5
33B
330
1B
100
AcDbEntity
  8
F.Silkscreen
  6
CONTINUOUS
100
AcDbLine
 10
4.8606725590551179
 20
-5.5372760236220468
 30
0
 11
4.8606727952755904
 21
-5.5372781102362207
 31
0
  0
LINE
  5
33C
330
1B
100
AcDbEntity
  8
F.Silkscreen
  6
CONTINUOUS
100
AcDbLine
 10
4.8606727952755904
 20
-5.5372781102362207
 30
0
 11
4.8606727952755904
 21
-5.5736954330708661
 31
0
  0
LINE
  5
33D
330
1B
100
AcDbEntity
  8
F.Silkscreen
  6
CONTINUOUS
100
AcDbLine
 10
4.8606727952755904
 20
-5.5736954330708661
 30
0
 11
4.8689686220472437
 21
-5.5736954330708661
 31
0
  0
LINE
  5
33E
330
1B
100
AcDbEntity
  8
F.Silkscreen
  6
CONTINUOUS
100
AcDbLine
 10
4.8689686220472437
 20
-5.5736954330708661
 30
0
 11
4.8695446850393695
 21
-5.5737521653543309
 31
0
  0
LINE
  5
33F
330
1B
100
AcDbEntity
  8
F.Silkscreen
  6
CONTINUOUS
100
AcDbLine
 10
4.8695446850393695
 20
-5.5737521653543309
 30
0
 11
4.8706090944881888
 21
-5.5741930708661416
 31
0
  0
LINE
  5
340
330
1B
100
AcDbEntity
  8
F.Silkscreen
  6
CONTINUOUS
100
AcDbLine
 10
4.8706090944881888
 20
-5.5741930708661416
 30
0
 11
4.8714237401574803
 21
-5.575007716535433
 31
0
  0
LINE
  5
341
330
1B
100
AcDbEntity
  8
F.Silkscreen
  6
CONTINUOUS
100
AcDbLine
 10
4.8714237401574803
 20
-5.575007716535433
 30
0
 11
4.8718646456692909
 21
-5.5760721259842523
 31
0
  0
LINE
  5
342
330
1B
100
AcDbEntity
  8
F.Silkscreen
  6
CONTINUOUS
100
AcDbLine
 10
4.8718646456692909
 20
-5.5760721259842523
 30
0
 11
4.8718646456692909
 21
-5.577224251968504
 31
0
  0
LINE
  5
343
330
1B
100
AcDbEntity
  8
F.Silkscreen
  6
CONTINUOUS
100
AcDbLine
 10
4.8718646456692909
 20
-5.577224251968504
 30
0
 11
4.8714237401574803
 21
-5.5782886614173224
 31
0
  0
LINE
  5
344
330
1B
100
AcDbEntity
  8
F.Silkscreen
  6
CONTINUOUS
100
AcDbLine
 10
4.8714237401574803
 20
-5.5782886614173224
 30
0
 11
4.8706090944881888
 21
-5.5791033070866138
 31
0
  0
LINE
  5
345
330
1B
100
AcDbEntity
  8
F.Silkscreen
  6
CONTINUOUS
100
AcDbLine
 10
4.8706090944881888
 20
-5.5791033070866138
 30
0
 11
4.8695446850393695
 21
-5.5795442125984254
 31
0
  0
LINE
  5
346
330
1B
100
AcDbEntity
  8
F.Silkscreen
  6
CONTINUOUS
100
AcDbLine
 10
4.8695446850393695
 20
-5.5795442125984254
 30
0
 11
4.8689686220472437
 21
-5.5796009448818893
 31
0
  0
LINE
  5
347
330
1B
100
AcDbEntity
  8
F.Silkscreen
  6
CONTINUOUS
100
AcDbLine
 10
4.8689686220472437
 20
-5.5796009448818893
 30
0
 11
4.846471456692913
 21
-5.5796009448818893
 31
0
  0
LINE
  5
348
330
1B
100
AcDbEntity
  8
F.Silkscreen
  6
CONTINUOUS
100
AcDbLine
 10
4.846471456692913
 20
-5.5796009448818893
 30
0
 11
4.8458953937007871
 21
-5.5795442125984254
 31
0
  0
LINE
  5
349
330
1B
100
AcDbEntity
  8
F.Silkscreen
  6
CONTINUOUS
100
AcDbLine
 10
4.8458953937007871
 20
-5.5795442125984254
 30
0
 11
4.8448309842519688
 21
-5.5791033070866138
 31
0
  0
LINE
  5
34A
330
1B
100
AcDbEntity
  8
F.Silkscreen
  6
CONTINUOUS
100
AcDbLine
 10
4.8448309842519688
 20
-5.5791033070866138
 30
0
 11
4.8440163385826773
 21
-5.5782886614173224
 31
0
  0
LINE
  5
34B
330
1B
100
AcDbEntity
  8
F.Silkscreen
  6
CONTINUOUS
100
AcDbLine
 10
4.8440163385826773
 20
-5.5782886614173224
 30
0
 11
4.8435754330708658
 21
-5.577224251968504
 31
0
  0
LINE
  5
34C
330
1B
100
AcDbEntity
  8
F.Silkscreen
  6
CONTINUOUS
100
AcDbLine
 10
4.8435754330708658
 20
-5.577224251968504
 30
0
 11
4.8435754330708658
 21
-5.5760721259842523
 31
0
  0
LINE
  5
34D
330
1B
100
AcDbEntity
  8
F.Silkscreen
  6
CONTINUOUS
100
AcDbLine
 10
4.8435754330708658
 20
-5.5760721259842523
 30
0
 11
4.8440163385826773
 21
-5.575007716535433
 31
0
  0
LINE
  5
34E
330
1B
100
AcDbEntity
  8
F.Silkscreen
  6
CONTINUOUS
100
AcDbLine
 10
4.8440163385826773
 20
-5.575007716535433
 30
0
 11
4.8448309842519688
 21
-5.5741930708661416
 31
0
  0
LINE
  5
34F
330
1B
100
AcDbEntity
  8
F.Silkscreen
  6
CONTINUOUS
100
AcDbLine
 10
4.8448309842519688
 20
-5.5741930708661416
 30
0
 11
4.8458953937007871
 21
-5.5737521653543309
 31
0
  0
LINE
  5
350
330
1B
100
AcDbEntity
  8
F.Silkscreen
  6
CONTINUOUS
100
AcDbLine
 10
4.8458953937007871
 20
-5.5737521653543309
 30
0
 11
4.846471456692913
 21
-5.5736954330708661
 31
0
  0
LINE
  5
351
330
1B
100
AcDbEntity
  8
F.Silkscreen
  6
CONTINUOUS
100
AcDbLine
 10
4.846471456692913
 20
-5.5736954330708661
 30
0
 11
4.8547672834645672
 21
-5.5736954330708661
 31
0
  0
LINE
  5
352
330
1B
100
AcDbEntity
  8
F.Silkscreen
  6
CONTINUOUS
100
AcDbLine
 10
4.8547672834645672
 20
-5.5736954330708661
 30
0
 11
4.8547672834645672
 21
-5.5462814566929133
 31
0
  0
LINE
  5
353
330
1B
100
AcDbEntity
  8
F.Silkscreen
  6
CONTINUOUS
100
AcDbLine
 10
4.8547672834645672
 20
-5.5462814566929133
 30
0
 11
4.852308897637795
 21
-5.5487398425196846
 31
0
  0
LINE
  5
354
330
1B
100
AcDbEntity
  8
F.Silkscreen
  6
CONTINUOUS
100
AcDbLine
 10
4.852308897637795
 20
-5.5487398425196846
 30
0
 11
4.8520825196850392
 21
-5.548925590551181
 31
0
  0
LINE
  5
355
330
1B
100
AcDbEntity
  8
F.Silkscreen
  6
CONTINUOUS
100
AcDbLine
 10
4.8520825196850392
 20
-5.548925590551181
 30
0
 11
4.8520313779527555
 21
-5.5489846062992125
 31
0
  0
LINE
  5
356
330
1B
100
AcDbEntity
  8
F.Silkscreen
  6
CONTINUOUS
100
AcDbLine
 10
4.8520313779527555
 20
-5.5489846062992125
 30
0
 11
4.8519424015748029
 21
-5.5490405511811023
 31
0
  0
LINE
  5
357
330
1B
100
AcDbEntity
  8
F.Silkscreen
  6
CONTINUOUS
100
AcDbLine
 10
4.8519424015748029
 20
-5.5490405511811023
 30
0
 11
4.8518614566929132
 21
-5.5491070472440942
 31
0
  0
LINE
  5
358
330
1B
100
AcDbEntity
  8
F.Silkscreen
  6
CONTINUOUS
100
AcDbLine
 10
4.8518614566929132
 20
-5.5491070472440942
 30
0
 11
4.8517894881889765
 21
-5.5491368503937011
 31
0
  0
LINE
  5
359
330
1B
100
AcDbEntity
  8
F.Silkscreen
  6
CONTINUOUS
100
AcDbLine
 10
4.8517894881889765
 20
-5.5491368503937011
 30
0
 11
4.8515414960629917
 21
-5.5492929527559056
 31
0
  0
LINE
  5
35A
330
1B
100
AcDbEntity
  8
F.Silkscreen
  6
CONTINUOUS
100
AcDbLine
 10
4.8515414960629917
 20
-5.5492929527559056
 30
0
 11
4.8477919685039366
 21
-5.5511677165354332
 31
0
  0
LINE
  5
35B
330
1B
100
AcDbEntity
  8
F.Silkscreen
  6
CONTINUOUS
100
AcDbLine
 10
4.8477919685039366
 20
-5.5511677165354332
 30
0
 11
4.8472513385826774
 21
-5.5513746062992126
 31
0
  0
LINE
  5
35C
330
1B
100
AcDbEntity
  8
F.Silkscreen
  6
CONTINUOUS
100
AcDbLine
 10
4.8472513385826774
 20
-5.5513746062992126
 30
0
 11
4.8461021259842516
 21
-5.5514562598425199
 31
0
  0
LINE
  5
35D
330
1B
100
AcDbEntity
  8
F.Silkscreen
  6
CONTINUOUS
100
AcDbLine
 10
4.8461021259842516
 20
-5.5514562598425199
 30
0
 11
4.8450091732283465
 21
-5.5510919291338583
 31
0
  0
LINE
  5
35E
330
1B
100
AcDbEntity
  8
F.Silkscreen
  6
CONTINUOUS
100
AcDbLine
 10
4.8450091732283465
 20
-5.5510919291338583
 30
0
 11
4.844138779527559
 21
-5.5503370866141735
 31
0
  0
LINE
  5
35F
330
1B
100
AcDbEntity
  8
F.Silkscreen
  6
CONTINUOUS
100
AcDbLine
 10
4.844138779527559
 20
-5.5503370866141735
 30
0
 11
4.8436235433070864
 21
-5.5493065748031496
 31
0
  0
LINE
  5
360
330
1B
100
AcDbEntity
  8
F.Silkscreen
  6
CONTINUOUS
100
AcDbLine
 10
4.8436235433070864
 20
-5.5493065748031496
 30
0
 11
4.8435418897637792
 21
-5.5481573622047247
 31
0
  0
LINE
  5
361
330
1B
100
AcDbEntity
  8
F.Silkscreen
  6
CONTINUOUS
100
AcDbLine
 10
4.8435418897637792
 20
-5.5481573622047247
 30
0
 11
4.8439062204724408
 21
-5.5470644094488186
 31
0
  0
LINE
  5
362
330
1B
100
AcDbEntity
  8
F.Silkscreen
  6
CONTINUOUS
100
AcDbLine
 10
4.8439062204724408
 20
-5.5470644094488186
 30
0
 11
4.8446610629921256
 21
-5.5461940157480312
 31
0
  0
LINE
  5
363
330
1B
100
AcDbEntity
  8
F.Silkscreen
  6
CONTINUOUS
100
AcDbLine
 10
4.8446610629921256
 20
-5.5461940157480312
 30
0
 11
4.8451509448818895
 21
-5.5458856692913381
 31
0
  0
LINE
  5
364
330
1B
100
AcDbEntity
  8
F.Silkscreen
  6
CONTINUOUS
100
AcDbLine
 10
4.8451509448818895
 20
-5.5458856692913381
 30
0
 11
4.8484718897637791
 21
-5.5442251968503937
 31
0
  0
LINE
  5
365
330
1B
100
AcDbEntity
  8
F.Silkscreen
  6
CONTINUOUS
100
AcDbLine
 10
4.8484718897637791
 20
-5.5442251968503937
 30
0
 11
4.8516757874015743
 21
-5.5410212992125984
 31
0
  0
LINE
  5
366
330
1B
100
AcDbEntity
  8
F.Silkscreen
  6
CONTINUOUS
100
AcDbLine
 10
4.8516757874015743
 20
-5.5410212992125984
 30
0
 11
4.8552631889763775
 21
-5.5356401968503937
 31
0
  0
LINE
  5
367
330
1B
100
AcDbEntity
  8
F.Silkscreen
  6
CONTINUOUS
100
AcDbLine
 10
4.8552631889763775
 20
-5.5356401968503937
 30
0
 11
4.8552645275590551
 21
-5.5356385039370082
 31
0
  0
LINE
  5
368
330
1B
100
AcDbEntity
  8
F.Silkscreen
  6
CONTINUOUS
100
AcDbLine
 10
4.8552645275590551
 20
-5.5356385039370082
 30
0
 11
4.8552649212598427
 21
-5.5356376377952756
 31
0
  0
LINE
  5
369
330
1B
100
AcDbEntity
  8
F.Silkscreen
  6
CONTINUOUS
100
AcDbLine
 10
4.8552649212598427
 20
-5.5356376377952756
 30
0
 11
4.8552669291338582
 21
-5.5356355905511814
 31
0
  0
LINE
  5
36A
330
1B
100
AcDbEntity
  8
F.Silkscreen
  6
CONTINUOUS
100
AcDbLine
 10
4.8552669291338582
 20
-5.5356355905511814
 30
0
 11
4.8556299606299209
 21
-5.5351923622047243
 31
0
  0
LINE
  5
36B
330
1B
100
AcDbEntity
  8
F.Silkscreen
  6
CONTINUOUS
100
AcDbLine
 10
4.8556299606299209
 20
-5.5351923622047243
 30
0
 11
4.8558728346456688
 21
-5.5350296850393699
 31
0
  0
LINE
  5
36C
330
1B
100
AcDbEntity
  8
F.Silkscreen
  6
CONTINUOUS
100
AcDbLine
 10
4.8558728346456688
 20
-5.5350296850393699
 30
0
 11
4.8560795669291341
 21
-5.5348229921259842
 31
0
  0
LINE
  5
36D
330
1B
100
AcDbEntity
  8
F.Silkscreen
  6
CONTINUOUS
100
AcDbLine
 10
4.8560795669291341
 20
-5.5348229921259842
 30
0
 11
4.8563468503937006
 21
-5.5347122440944885
 31
0
  0
LINE
  5
36E
330
1B
100
AcDbEntity
  8
F.Silkscreen
  6
CONTINUOUS
100
AcDbLine
 10
4.8563468503937006
 20
-5.5347122440944885
 30
0
 11
4.8565872440944879
 21
-5.5345512992125983
 31
0
  0
LINE
  5
36F
330
1B
100
AcDbEntity
  8
F.Silkscreen
  6
CONTINUOUS
100
AcDbLine
 10
4.8565872440944879
 20
-5.5345512992125983
 30
0
 11
4.8568738582677167
 21
-5.5344939370078743
 31
0
  0
LINE
  5
370
330
1B
100
AcDbEntity
  8
F.Silkscreen
  6
CONTINUOUS
100
AcDbLine
 10
4.8568738582677167
 20
-5.5344939370078743
 30
0
 11
4.8571439763779525
 21
-5.5343820866141735
 31
0
  0
LINE
  5
371
330
1B
100
AcDbEntity
  8
F.Silkscreen
  6
CONTINUOUS
100
AcDbLine
 10
4.8571439763779525
 20
-5.5343820866141735
 30
0
 11
4.8574332677165355
 21
-5.5343820866141735
 31
0
  0
LINE
  5
372
330
1B
100
AcDbEntity
  8
F.Silkscreen
  6
CONTINUOUS
100
AcDbLine
 10
4.8574332677165355
 20
-5.5343820866141735
 30
0
 11
4.8577169291338578
 21
-5.5343253543307087
 31
0
  0
LINE
  5
373
330
1B
100
AcDbEntity
  8
F.Silkscreen
  6
CONTINUOUS
100
AcDbLine
 10
4.8577169291338578
 20
-5.5343253543307087
 30
0
 11
4.8580037007874015
 21
-5.5343820866141735
 31
0
  0
LINE
  5
374
330
1B
100
AcDbEntity
  8
F.Silkscreen
  6
CONTINUOUS
100
AcDbLine
 10
4.6633204724409447
 20
-5.5343820866141735
 30
0
 11
4.663418464566929
 21
-5.5344226771653542
 31
0
  0
LINE
  5
375
330
1B
100
AcDbEntity
  8
F.Silkscreen
  6
CONTINUOUS
100
AcDbLine
 10
4.663418464566929
 20
-5.5344226771653542
 30
0
 11
4.6635242913385824
 21
-5.5344301968503933
 31
0
  0
LINE
  5
376
330
1B
100
AcDbEntity
  8
F.Silkscreen
  6
CONTINUOUS
100
AcDbLine
 10
4.6635242913385824
 20
-5.5344301968503933
 30
0
 11
4.6640649212598424
 21
-5.5346370866141728
 31
0
  0
LINE
  5
377
330
1B
100
AcDbEntity
  8
F.Silkscreen
  6
CONTINUOUS
100
AcDbLine
 10
4.6640649212598424
 20
-5.5346370866141728
 30
0
 11
4.6678144488188975
 21
-5.5365118503937003
 31
0
  0
LINE
  5
378
330
1B
100
AcDbEntity
  8
F.Silkscreen
  6
CONTINUOUS
100
AcDbLine
 10
4.6678144488188975
 20
-5.5365118503937003
 30
0
 11
4.6680624409448814
 21
-5.536667913385827
 31
0
  0
LINE
  5
379
330
1B
100
AcDbEntity
  8
F.Silkscreen
  6
CONTINUOUS
100
AcDbLine
 10
4.6680624409448814
 20
-5.536667913385827
 30
0
 11
4.6681344094488191
 21
-5.5366977559055117
 31
0
  0
LINE
  5
37A
330
1B
100
AcDbEntity
  8
F.Silkscreen
  6
CONTINUOUS
100
AcDbLine
 10
4.6681344094488191
 20
-5.5366977559055117
 30
0
 11
4.6682153543307088
 21
-5.5367642125984249
 31
0
  0
LINE
  5
37B
330
1B
100
AcDbEntity
  8
F.Silkscreen
  6
CONTINUOUS
100
AcDbLine
 10
4.6682153543307088
 20
-5.5367642125984249
 30
0
 11
4.6683043307086614
 21
-5.5368201968503934
 31
0
  0
LINE
  5
37C
330
1B
100
AcDbEntity
  8
F.Silkscreen
  6
CONTINUOUS
100
AcDbLine
 10
4.6683043307086614
 20
-5.5368201968503934
 30
0
 11
4.6683554724409451
 21
-5.5368791732283462
 31
0
  0
LINE
  5
37D
330
1B
100
AcDbEntity
  8
F.Silkscreen
  6
CONTINUOUS
100
AcDbLine
 10
4.6683554724409451
 20
-5.5368791732283462
 30
0
 11
4.6685818503937009
 21
-5.5370649606299214
 31
0
  0
LINE
  5
37E
330
1B
100
AcDbEntity
  8
F.Silkscreen
  6
CONTINUOUS
100
AcDbLine
 10
4.6685818503937009
 20
-5.5370649606299214
 30
0
 11
4.6704566141732284
 21
-5.5389397244094489
 31
0
  0
LINE
  5
37F
330
1B
100
AcDbEntity
  8
F.Silkscreen
  6
CONTINUOUS
100
AcDbLine
 10
4.6704566141732284
 20
-5.5389397244094489
 30
0
 11
4.670642362204724
 21
-5.539166062992126
 31
0
  0
LINE
  5
380
330
1B
100
AcDbEntity
  8
F.Silkscreen
  6
CONTINUOUS
100
AcDbLine
 10
4.670642362204724
 20
-5.539166062992126
 30
0
 11
4.6707013779527555
 21
-5.5392172440944885
 31
0
  0
LINE
  5
381
330
1B
100
AcDbEntity
  8
F.Silkscreen
  6
CONTINUOUS
100
AcDbLine
 10
4.6707013779527555
 20
-5.5392172440944885
 30
0
 11
4.6707573228346453
 21
-5.5393061811023623
 31
0
  0
LINE
  5
382
330
1B
100
AcDbEntity
  8
F.Silkscreen
  6
CONTINUOUS
100
AcDbLine
 10
4.6707573228346453
 20
-5.5393061811023623
 30
0
 11
4.6708238188976381
 21
-5.5393871653543307
 31
0
  0
LINE
  5
383
330
1B
100
AcDbEntity
  8
F.Silkscreen
  6
CONTINUOUS
100
AcDbLine
 10
4.6708238188976381
 20
-5.5393871653543307
 30
0
 11
4.6708536220472441
 21
-5.5394590944881887
 31
0
  0
LINE
  5
384
330
1B
100
AcDbEntity
  8
F.Silkscreen
  6
CONTINUOUS
100
AcDbLine
 10
4.6708536220472441
 20
-5.5394590944881887
 30
0
 11
4.6710097244094486
 21
-5.5397071259842514
 31
0
  0
LINE
  5
385
330
1B
100
AcDbEntity
  8
F.Silkscreen
  6
CONTINUOUS
100
AcDbLine
 10
4.6710097244094486
 20
-5.5397071259842514
 30
0
 11
4.6728844881889762
 21
-5.5434566535433065
 31
0
  0
LINE
  5
386
330
1B
100
AcDbEntity
  8
F.Silkscreen
  6
CONTINUOUS
100
AcDbLine
 10
4.6728844881889762
 20
-5.5434566535433065
 30
0
 11
4.6730913779527556
 21
-5.5439972440944878
 31
0
  0
LINE
  5
387
330
1B
100
AcDbEntity
  8
F.Silkscreen
  6
CONTINUOUS
100
AcDbLine
 10
4.6730913779527556
 20
-5.5439972440944878
 30
0
 11
4.6730988976377947
 21
-5.5441031102362199
 31
0
  0
LINE
  5
388
330
1B
100
AcDbEntity
  8
F.Silkscreen
  6
CONTINUOUS
100
AcDbLine
 10
4.6730988976377947
 20
-5.5441031102362199
 30
0
 11
4.6731394881889763
 21
-5.5442011023622042
 31
0
  0
LINE
  5
389
330
1B
100
AcDbEntity
  8
F.Silkscreen
  6
CONTINUOUS
100
AcDbLine
 10
4.6731394881889763
 20
-5.5442011023622042
 30
0
 11
4.6731962204724411
 21
-5.544777165354331
 31
0
  0
LINE
  5
38A
330
1B
100
AcDbEntity
  8
F.Silkscreen
  6
CONTINUOUS
100
AcDbLine
 10
4.6731962204724411
 20
-5.544777165354331
 30
0
 11
4.6731962204724411
 21
-5.5504014566929136
 31
0
  0
LINE
  5
38B
330
1B
100
AcDbEntity
  8
F.Silkscreen
  6
CONTINUOUS
100
AcDbLine
 10
4.6731962204724411
 20
-5.5504014566929136
 30
0
 11
4.6731394881889763
 21
-5.5509775196850395
 31
0
  0
LINE
  5
38C
330
1B
100
AcDbEntity
  8
F.Silkscreen
  6
CONTINUOUS
100
AcDbLine
 10
4.6731394881889763
 20
-5.5509775196850395
 30
0
 11
4.6730988976377947
 21
-5.551075472440945
 31
0
  0
LINE
  5
38D
330
1B
100
AcDbEntity
  8
F.Silkscreen
  6
CONTINUOUS
100
AcDbLine
 10
4.6730988976377947
 20
-5.551075472440945
 30
0
 11
4.6730913779527556
 21
-5.5511813779527559
 31
0
  0
LINE
  5
38E
330
1B
100
AcDbEntity
  8
F.Silkscreen
  6
CONTINUOUS
100
AcDbLine
 10
4.6730913779527556
 20
-5.5511813779527559
 30
0
 11
4.6728844881889762
 21
-5.5517219685039372
 31
0
  0
LINE
  5
38F
330
1B
100
AcDbEntity
  8
F.Silkscreen
  6
CONTINUOUS
100
AcDbLine
 10
4.6728844881889762
 20
-5.5517219685039372
 30
0
 11
4.6710097244094486
 21
-5.5554714960629923
 31
0
  0
LINE
  5
390
330
1B
100
AcDbEntity
  8
F.Silkscreen
  6
CONTINUOUS
100
AcDbLine
 10
4.6710097244094486
 20
-5.5554714960629923
 30
0
 11
4.6708536220472441
 21
-5.5557194881889762
 31
0
  0
LINE
  5
391
330
1B
100
AcDbEntity
  8
F.Silkscreen
  6
CONTINUOUS
100
AcDbLine
 10
4.6708536220472441
 20
-5.5557194881889762
 30
0
 11
4.6708238188976381
 21
-5.555791456692913
 31
0
  0
LINE
  5
392
330
1B
100
AcDbEntity
  8
F.Silkscreen
  6
CONTINUOUS
100
AcDbLine
 10
4.6708238188976381
 20
-5.555791456692913
 30
0
 11
4.6707573228346453
 21
-5.5558724015748027
 31
0
  0
LINE
  5
393
330
1B
100
AcDbEntity
  8
F.Silkscreen
  6
CONTINUOUS
100
AcDbLine
 10
4.6707573228346453
 20
-5.5558724015748027
 30
0
 11
4.6707013779527555
 21
-5.5559613779527561
 31
0
  0
LINE
  5
394
330
1B
100
AcDbEntity
  8
F.Silkscreen
  6
CONTINUOUS
100
AcDbLine
 10
4.6707013779527555
 20
-5.5559613779527561
 30
0
 11
4.670642362204724
 21
-5.556012519685039
 31
0
  0
LINE
  5
395
330
1B
100
AcDbEntity
  8
F.Silkscreen
  6
CONTINUOUS
100
AcDbLine
 10
4.670642362204724
 20
-5.556012519685039
 30
0
 11
4.6704566141732284
 21
-5.5562388976377948
 31
0
  0
LINE
  5
396
330
1B
100
AcDbEntity
  8
F.Silkscreen
  6
CONTINUOUS
100
AcDbLine
 10
4.6704566141732284
 20
-5.5562388976377948
 30
0
 11
4.6685818503937009
 21
-5.5581136614173223
 31
0
  0
LINE
  5
397
330
1B
100
AcDbEntity
  8
F.Silkscreen
  6
CONTINUOUS
100
AcDbLine
 10
4.6685818503937009
 20
-5.5581136614173223
 30
0
 11
4.6683554724409451
 21
-5.5582994094488187
 31
0
  0
LINE
  5
398
330
1B
100
AcDbEntity
  8
F.Silkscreen
  6
CONTINUOUS
100
AcDbLine
 10
4.6683554724409451
 20
-5.5582994094488187
 30
0
 11
4.6683043307086614
 21
-5.5583584251968503
 31
0
  0
LINE
  5
399
330
1B
100
AcDbEntity
  8
F.Silkscreen
  6
CONTINUOUS
100
AcDbLine
 10
4.6683043307086614
 20
-5.5583584251968503
 30
0
 11
4.6682153543307088
 21
-5.5584143700787401
 31
0
  0
LINE
  5
39A
330
1B
100
AcDbEntity
  8
F.Silkscreen
  6
CONTINUOUS
100
AcDbLine
 10
4.6682153543307088
 20
-5.5584143700787401
 30
0
 11
4.6681344094488191
 21
-5.558480866141732
 31
0
  0
LINE
  5
39B
330
1B
100
AcDbEntity
  8
F.Silkscreen
  6
CONTINUOUS
100
AcDbLine
 10
4.6681344094488191
 20
-5.558480866141732
 30
0
 11
4.6680624409448814
 21
-5.5585106692913389
 31
0
  0
LINE
  5
39C
330
1B
100
AcDbEntity
  8
F.Silkscreen
  6
CONTINUOUS
100
AcDbLine
 10
4.6680624409448814
 20
-5.5585106692913389
 30
0
 11
4.6678144488188975
 21
-5.5586667716535434
 31
0
  0
LINE
  5
39D
330
1B
100
AcDbEntity
  8
F.Silkscreen
  6
CONTINUOUS
100
AcDbLine
 10
4.6678144488188975
 20
-5.5586667716535434
 30
0
 11
4.6640649212598424
 21
-5.5605415354330709
 31
0
  0
LINE
  5
39E
330
1B
100
AcDbEntity
  8
F.Silkscreen
  6
CONTINUOUS
100
AcDbLine
 10
4.6640649212598424
 20
-5.5605415354330709
 30
0
 11
4.6635242913385824
 21
-5.5607484251968504
 31
0
  0
LINE
  5
39F
330
1B
100
AcDbEntity
  8
F.Silkscreen
  6
CONTINUOUS
100
AcDbLine
 10
4.6635242913385824
 20
-5.5607484251968504
 30
0
 11
4.663418464566929
 21
-5.5607559055118108
 31
0
  0
LINE
  5
3A0
330
1B
100
AcDbEntity
  8
F.Silkscreen
  6
CONTINUOUS
100
AcDbLine
 10
4.663418464566929
 20
-5.5607559055118108
 30
0
 11
4.6633204724409447
 21
-5.5607965354330711
 31
0
  0
LINE
  5
3A1
330
1B
100
AcDbEntity
  8
F.Silkscreen
  6
CONTINUOUS
100
AcDbLine
 10
4.6633204724409447
 20
-5.5607965354330711
 30
0
 11
4.6627883070866138
 21
-5.560848937007874
 31
0
  0
LINE
  5
3A2
330
1B
100
AcDbEntity
  8
F.Silkscreen
  6
CONTINUOUS
100
AcDbLine
 10
4.6627883070866138
 20
-5.560848937007874
 30
0
 11
4.6726624803149601
 21
-5.5749549212598426
 31
0
  0
LINE
  5
3A3
330
1B
100
AcDbEntity
  8
F.Silkscreen
  6
CONTINUOUS
100
AcDbLine
 10
4.6726624803149601
 20
-5.5749549212598426
 30
0
 11
4.6729463385826771
 21
-5.5754593700787396
 31
0
  0
LINE
  5
3A4
330
1B
100
AcDbEntity
  8
F.Silkscreen
  6
CONTINUOUS
100
AcDbLine
 10
4.6729463385826771
 20
-5.5754593700787396
 30
0
 11
4.6731955118110236
 21
-5.5765842125984246
 31
0
  0
LINE
  5
3A5
330
1B
100
AcDbEntity
  8
F.Silkscreen
  6
CONTINUOUS
100
AcDbLine
 10
4.6731955118110236
 20
-5.5765842125984246
 30
0
 11
4.6729953149606303
 21
-5.5777187795275589
 31
0
  0
LINE
  5
3A6
330
1B
100
AcDbEntity
  8
F.Silkscreen
  6
CONTINUOUS
100
AcDbLine
 10
4.6729953149606303
 20
-5.5777187795275589
 30
0
 11
4.6723761417322835
 21
-5.5786903543307087
 31
0
  0
LINE
  5
3A7
330
1B
100
AcDbEntity
  8
F.Silkscreen
  6
CONTINUOUS
100
AcDbLine
 10
4.6723761417322835
 20
-5.5786903543307087
 30
0
 11
4.6714322834645667
 21
-5.5793510629921261
 31
0
  0
LINE
  5
3A8
330
1B
100
AcDbEntity
  8
F.Silkscreen
  6
CONTINUOUS
100
AcDbLine
 10
4.6714322834645667
 20
-5.5793510629921261
 30
0
 11
4.6703074409448817
 21
-5.5796002755905514
 31
0
  0
LINE
  5
3A9
330
1B
100
AcDbEntity
  8
F.Silkscreen
  6
CONTINUOUS
100
AcDbLine
 10
4.6703074409448817
 20
-5.5796002755905514
 30
0
 11
4.6691729133858271
 21
-5.5794000393700784
 31
0
  0
LINE
  5
3AA
330
1B
100
AcDbEntity
  8
F.Silkscreen
  6
CONTINUOUS
100
AcDbLine
 10
4.6691729133858271
 20
-5.5794000393700784
 30
0
 11
4.6682012992125985
 21
-5.5787808661417317
 31
0
  0
LINE
  5
3AB
330
1B
100
AcDbEntity
  8
F.Silkscreen
  6
CONTINUOUS
100
AcDbLine
 10
4.6682012992125985
 20
-5.5787808661417317
 30
0
 11
4.6678244881889759
 21
-5.5783414960629916
 31
0
  0
LINE
  5
3AC
330
1B
100
AcDbEntity
  8
F.Silkscreen
  6
CONTINUOUS
100
AcDbLine
 10
4.6678244881889759
 20
-5.5783414960629916
 30
0
 11
4.6555827559055114
 21
-5.560853267716535
 31
0
  0
LINE
  5
3AD
330
1B
100
AcDbEntity
  8
F.Silkscreen
  6
CONTINUOUS
100
AcDbLine
 10
4.6555827559055114
 20
-5.560853267716535
 30
0
 11
4.6506990551181104
 21
-5.560853267716535
 31
0
  0
LINE
  5
3AE
330
1B
100
AcDbEntity
  8
F.Silkscreen
  6
CONTINUOUS
100
AcDbLine
 10
4.6506990551181104
 20
-5.560853267716535
 30
0
 11
4.6506990551181104
 21
-5.5766481889763782
 31
0
  0
LINE
  5
3AF
330
1B
100
AcDbEntity
  8
F.Silkscreen
  6
CONTINUOUS
100
AcDbLine
 10
4.6506990551181104
 20
-5.5766481889763782
 30
0
 11
4.6506423228346456
 21
-5.577224251968504
 31
0
  0
LINE
  5
3B0
330
1B
100
AcDbEntity
  8
F.Silkscreen
  6
CONTINUOUS
100
AcDbLine
 10
4.6506423228346456
 20
-5.577224251968504
 30
0
 11
4.6502014173228341
 21
-5.5782886614173224
 31
0
  0
LINE
  5
3B1
330
1B
100
AcDbEntity
  8
F.Silkscreen
  6
CONTINUOUS
100
AcDbLine
 10
4.6502014173228341
 20
-5.5782886614173224
 30
0
 11
4.6493867716535435
 21
-5.5791033070866138
 31
0
  0
LINE
  5
3B2
330
1B
100
AcDbEntity
  8
F.Silkscreen
  6
CONTINUOUS
100
AcDbLine
 10
4.6493867716535435
 20
-5.5791033070866138
 30
0
 11
4.6483223622047243
 21
-5.5795442125984254
 31
0
  0
LINE
  5
3B3
330
1B
100
AcDbEntity
  8
F.Silkscreen
  6
CONTINUOUS
100
AcDbLine
 10
4.6483223622047243
 20
-5.5795442125984254
 30
0
 11
4.6471702362204725
 21
-5.5795442125984254
 31
0
  0
LINE
  5
3B4
330
1B
100
AcDbEntity
  8
F.Silkscreen
  6
CONTINUOUS
100
AcDbLine
 10
4.6471702362204725
 20
-5.5795442125984254
 30
0
 11
4.6461058267716533
 21
-5.5791033070866138
 31
0
  0
LINE
  5
3B5
330
1B
100
AcDbEntity
  8
F.Silkscreen
  6
CONTINUOUS
100
AcDbLine
 10
4.6461058267716533
 20
-5.5791033070866138
 30
0
 11
4.6452911811023618
 21
-5.5782886614173224
 31
0
  0
LINE
  5
3B6
330
1B
100
AcDbEntity
  8
F.Silkscreen
  6
CONTINUOUS
100
AcDbLine
 10
4.6452911811023618
 20
-5.5782886614173224
 30
0
 11
4.6448502755905512
 21
-5.577224251968504
 31
0
  0
LINE
  5
3B7
330
1B
100
AcDbEntity
  8
F.Silkscreen
  6
CONTINUOUS
100
AcDbLine
 10
4.6448502755905512
 20
-5.577224251968504
 30
0
 11
4.6447935433070864
 21
-5.5766481889763782
 31
0
  0
LINE
  5
3B8
330
1B
100
AcDbEntity
  8
F.Silkscreen
  6
CONTINUOUS
100
AcDbLine
 10
4.6447935433070864
 20
-5.5766481889763782
 30
0
 11
4.6447935433070864
 21
-5.5372781102362207
 31
0
  0
LINE
  5
3B9
330
1B
100
AcDbEntity
  8
F.Silkscreen
  6
CONTINUOUS
100
AcDbLine
 10
4.6447935433070864
 20
-5.5372781102362207
 30
0
 11
4.6448502755905512
 21
-5.536702047244094
 31
0
  0
LINE
  5
3BA
330
1B
100
AcDbEntity
  8
F.Silkscreen
  6
CONTINUOUS
100
AcDbLine
 10
4.6448502755905512
 20
-5.536702047244094
 30
0
 11
4.6452911811023618
 21
-5.5356376377952756
 31
0
  0
LINE
  5
3BB
330
1B
100
AcDbEntity
  8
F.Silkscreen
  6
CONTINUOUS
100
AcDbLine
 10
4.6452911811023618
 20
-5.5356376377952756
 30
0
 11
4.6461058267716533
 21
-5.5348229921259842
 31
0
  0
LINE
  5
3BC
330
1B
100
AcDbEntity
  8
F.Silkscreen
  6
CONTINUOUS
100
AcDbLine
 10
4.6461058267716533
 20
-5.5348229921259842
 30
0
 11
4.6471702362204725
 21
-5.5343820866141735
 31
0
  0
LINE
  5
3BD
330
1B
100
AcDbEntity
  8
F.Silkscreen
  6
CONTINUOUS
100
AcDbLine
 10
4.6471702362204725
 20
-5.5343820866141735
 30
0
 11
4.6477462992125984
 21
-5.5343253543307087
 31
0
  0
LINE
  5
3BE
330
1B
100
AcDbEntity
  8
F.Silkscreen
  6
CONTINUOUS
100
AcDbLine
 10
4.6477462992125984
 20
-5.5343253543307087
 30
0
 11
4.6627444094488188
 21
-5.5343253543307087
 31
0
  0
LINE
  5
3BF
330
1B
100
AcDbEntity
  8
F.Silkscreen
  6
CONTINUOUS
100
AcDbLine
 10
4.6627444094488188
 20
-5.5343253543307087
 30
0
 11
4.6633204724409447
 21
-5.5343820866141735
 31
0
  0
LINE
  5
3C0
330
1B
100
AcDbEntity
  8
F.Silkscreen
  6
CONTINUOUS
100
AcDbLine
 10
4.6506990551181104
 20
-5.5549477559055118
 30
0
 11
4.6620473622047243
 21
-5.5549477559055118
 31
0
  0
LINE
  5
3C1
330
1B
100
AcDbEntity
  8
F.Silkscreen
  6
CONTINUOUS
100
AcDbLine
 10
4.6620473622047243
 20
-5.5549477559055118
 30
0
 11
4.6647448425196849
 21
-5.5535990157480315
 31
0
  0
LINE
  5
3C2
330
1B
100
AcDbEntity
  8
F.Silkscreen
  6
CONTINUOUS
100
AcDbLine
 10
4.6647448425196849
 20
-5.5535990157480315
 30
0
 11
4.6659419685039367
 21
-5.5524018897637797
 31
0
  0
LINE
  5
3C3
330
1B
100
AcDbEntity
  8
F.Silkscreen
  6
CONTINUOUS
100
AcDbLine
 10
4.6659419685039367
 20
-5.5524018897637797
 30
0
 11
4.667290708661417
 21
-5.549704409448819
 31
0
  0
LINE
  5
3C4
330
1B
100
AcDbEntity
  8
F.Silkscreen
  6
CONTINUOUS
100
AcDbLine
 10
4.667290708661417
 20
-5.549704409448819
 30
0
 11
4.667290708661417
 21
-5.5454742125984247
 31
0
  0
LINE
  5
3C5
330
1B
100
AcDbEntity
  8
F.Silkscreen
  6
CONTINUOUS
100
AcDbLine
 10
4.667290708661417
 20
-5.5454742125984247
 30
0
 11
4.6659419685039367
 21
-5.542776732283464
 31
0
  0
LINE
  5
3C6
330
1B
100
AcDbEntity
  8
F.Silkscreen
  6
CONTINUOUS
100
AcDbLine
 10
4.6659419685039367
 20
-5.542776732283464
 30
0
 11
4.6647448425196849
 21
-5.5415796062992122
 31
0
  0
LINE
  5
3C7
330
1B
100
AcDbEntity
  8
F.Silkscreen
  6
CONTINUOUS
100
AcDbLine
 10
4.6647448425196849
 20
-5.5415796062992122
 30
0
 11
4.6620473622047243
 21
-5.5402308661417319
 31
0
  0
LINE
  5
3C8
330
1B
100
AcDbEntity
  8
F.Silkscreen
  6
CONTINUOUS
100
AcDbLine
 10
4.6620473622047243
 20
-5.5402308661417319
 30
0
 11
4.6506990551181104
 21
-5.5402308661417319
 31
0
  0
LINE
  5
3C9
330
1B
100
AcDbEntity
  8
F.Silkscreen
  6
CONTINUOUS
100
AcDbLine
 10
4.6506990551181104
 20
-5.5402308661417319
 30
0
 11
4.6506990551181104
 21
-5.5549477559055118
 31
0
  0
LINE
  5
3CA
330
1B
100
AcDbEntity
  8
F.Silkscreen
  6
CONTINUOUS
100
AcDbLine
 10
4.755624881889764
 20
-5.5701851968503933
 30
0
 11
4.7562483858267717
 21
-5.570443464566929
 31
0
  0
LINE
  5
3CB
330
1B
100
AcDbEntity
  8
F.Silkscreen
  6
CONTINUOUS
100
AcDbLine
 10
4.7562483858267717
 20
-5.570443464566929
 30
0
 11
4.7562484251968504
 21
-5.5704435039370077
 31
0
  0
LINE
  5
3CC
330
1B
100
AcDbEntity
  8
F.Silkscreen
  6
CONTINUOUS
100
AcDbLine
 10
4.7562484251968504
 20
-5.5704435039370077
 30
0
 11
4.756695905511811
 21
-5.5708107480314961
 31
0
  0
LINE
  5
3CD
330
1B
100
AcDbEntity
  8
F.Silkscreen
  6
CONTINUOUS
100
AcDbLine
 10
4.756695905511811
 20
-5.5708107480314961
 30
0
 11
4.7585706299212598
 21
-5.5726855118110237
 31
0
  0
LINE
  5
3CE
330
1B
100
AcDbEntity
  8
F.Silkscreen
  6
CONTINUOUS
100
AcDbLine
 10
4.7585706299212598
 20
-5.5726855118110237
 30
0
 11
4.7589378740157482
 21
-5.5731329921259842
 31
0
  0
LINE
  5
3CF
330
1B
100
AcDbEntity
  8
F.Silkscreen
  6
CONTINUOUS
100
AcDbLine
 10
4.7589378740157482
 20
-5.5731329921259842
 30
0
 11
4.7593769291338583
 21
-5.5741930708661416
 31
0
  0
LINE
  5
3D0
330
1B
100
AcDbEntity
  8
F.Silkscreen
  6
CONTINUOUS
100
AcDbLine
 10
4.7593769291338583
 20
-5.5741930708661416
 30
0
 11
4.7593787401574801
 21
-5.5741974015748026
 31
0
  0
LINE
  5
3D1
330
1B
100
AcDbEntity
  8
F.Silkscreen
  6
CONTINUOUS
100
AcDbLine
 10
4.7593787401574801
 20
-5.5741974015748026
 30
0
 11
4.7593787401574801
 21
-5.5753494881889765
 31
0
  0
LINE
  5
3D2
330
1B
100
AcDbEntity
  8
F.Silkscreen
  6
CONTINUOUS
100
AcDbLine
 10
4.7593787401574801
 20
-5.5753494881889765
 30
0
 11
4.7589378346456694
 21
-5.5764138976377948
 31
0
  0
LINE
  5
3D3
330
1B
100
AcDbEntity
  8
F.Silkscreen
  6
CONTINUOUS
100
AcDbLine
 10
4.7589378346456694
 20
-5.5764138976377948
 30
0
 11
4.7585706299212598
 21
-5.5768613385826766
 31
0
  0
LINE
  5
3D4
330
1B
100
AcDbEntity
  8
F.Silkscreen
  6
CONTINUOUS
100
AcDbLine
 10
4.7585706299212598
 20
-5.5768613385826766
 30
0
 11
4.7566958661417322
 21
-5.5787361023622042
 31
0
  0
LINE
  5
3D5
330
1B
100
AcDbEntity
  8
F.Silkscreen
  6
CONTINUOUS
100
AcDbLine
 10
4.7566958661417322
 20
-5.5787361023622042
 30
0
 11
4.7562484251968504
 21
-5.5791033070866138
 31
0
  0
LINE
  5
3D6
330
1B
100
AcDbEntity
  8
F.Silkscreen
  6
CONTINUOUS
100
AcDbLine
 10
4.7562484251968504
 20
-5.5791033070866138
 30
0
 11
4.7551840157480312
 21
-5.5795442125984254
 31
0
  0
LINE
  5
3D7
330
1B
100
AcDbEntity
  8
F.Silkscreen
  6
CONTINUOUS
100
AcDbLine
 10
4.7551840157480312
 20
-5.5795442125984254
 30
0
 11
4.7551839763779524
 21
-5.5795442125984254
 31
0
  0
LINE
  5
3D8
330
1B
100
AcDbEntity
  8
F.Silkscreen
  6
CONTINUOUS
100
AcDbLine
 10
4.7551839763779524
 20
-5.5795442125984254
 30
0
 11
4.7540319291338582
 21
-5.5795442125984254
 31
0
  0
LINE
  5
3D9
330
1B
100
AcDbEntity
  8
F.Silkscreen
  6
CONTINUOUS
100
AcDbLine
 10
4.7540319291338582
 20
-5.5795442125984254
 30
0
 11
4.7540318897637794
 21
-5.5795442125984254
 31
0
  0
LINE
  5
3DA
330
1B
100
AcDbEntity
  8
F.Silkscreen
  6
CONTINUOUS
100
AcDbLine
 10
4.7540318897637794
 20
-5.5795442125984254
 30
0
 11
4.7529674803149602
 21
-5.5791033070866138
 31
0
  0
LINE
  5
3DB
330
1B
100
AcDbEntity
  8
F.Silkscreen
  6
CONTINUOUS
100
AcDbLine
 10
4.7529674803149602
 20
-5.5791033070866138
 30
0
 11
4.7525200393700784
 21
-5.5787361023622042
 31
0
  0
LINE
  5
3DC
330
1B
100
AcDbEntity
  8
F.Silkscreen
  6
CONTINUOUS
100
AcDbLine
 10
4.7525200393700784
 20
-5.5787361023622042
 30
0
 11
4.7506452755905508
 21
-5.5768613385826766
 31
0
  0
LINE
  5
3DD
330
1B
100
AcDbEntity
  8
F.Silkscreen
  6
CONTINUOUS
100
AcDbLine
 10
4.7506452755905508
 20
-5.5768613385826766
 30
0
 11
4.7502780708661421
 21
-5.5764138976377948
 31
0
  0
LINE
  5
3DE
330
1B
100
AcDbEntity
  8
F.Silkscreen
  6
CONTINUOUS
100
AcDbLine
 10
4.7502780708661421
 20
-5.5764138976377948
 30
0
 11
4.7500354724409446
 21
-5.5758281889763781
 31
0
  0
LINE
  5
3DF
330
1B
100
AcDbEntity
  8
F.Silkscreen
  6
CONTINUOUS
100
AcDbLine
 10
4.7500354724409446
 20
-5.5758281889763781
 30
0
 11
4.7498371653543305
 21
-5.5753494881889765
 31
0
  0
LINE
  5
3E0
330
1B
100
AcDbEntity
  8
F.Silkscreen
  6
CONTINUOUS
100
AcDbLine
 10
4.7498371653543305
 20
-5.5753494881889765
 30
0
 11
4.7498371653543305
 21
-5.5741974015748026
 31
0
  0
LINE
  5
3E1
330
1B
100
AcDbEntity
  8
F.Silkscreen
  6
CONTINUOUS
100
AcDbLine
 10
4.7498371653543305
 20
-5.5741974015748026
 30
0
 11
4.7502780314960633
 21
-5.5731329921259842
 31
0
  0
LINE
  5
3E2
330
1B
100
AcDbEntity
  8
F.Silkscreen
  6
CONTINUOUS
100
AcDbLine
 10
4.7502780314960633
 20
-5.5731329921259842
 30
0
 11
4.7506452362204721
 21
-5.5726855511811024
 31
0
  0
LINE
  5
3E3
330
1B
100
AcDbEntity
  8
F.Silkscreen
  6
CONTINUOUS
100
AcDbLine
 10
4.7506452362204721
 20
-5.5726855511811024
 30
0
 11
4.7525199999999996
 21
-5.5708107480314961
 31
0
  0
LINE
  5
3E4
330
1B
100
AcDbEntity
  8
F.Silkscreen
  6
CONTINUOUS
100
AcDbLine
 10
4.7525199999999996
 20
-5.5708107480314961
 30
0
 11
4.7529674803149602
 21
-5.5704435039370077
 31
0
  0
LINE
  5
3E5
330
1B
100
AcDbEntity
  8
F.Silkscreen
  6
CONTINUOUS
100
AcDbLine
 10
4.7529674803149602
 20
-5.5704435039370077
 30
0
 11
4.7529675196850389
 21
-5.570443464566929
 31
0
  0
LINE
  5
3E6
330
1B
100
AcDbEntity
  8
F.Silkscreen
  6
CONTINUOUS
100
AcDbLine
 10
4.7529675196850389
 20
-5.570443464566929
 30
0
 11
4.7535910236220476
 21
-5.5701851968503933
 31
0
  0
LINE
  5
3E7
330
1B
100
AcDbEntity
  8
F.Silkscreen
  6
CONTINUOUS
100
AcDbLine
 10
4.7535910236220476
 20
-5.5701851968503933
 30
0
 11
4.7540318897637794
 21
-5.5700025984251971
 31
0
  0
LINE
  5
3E8
330
1B
100
AcDbEntity
  8
F.Silkscreen
  6
CONTINUOUS
100
AcDbLine
 10
4.7540318897637794
 20
-5.5700025984251971
 30
0
 11
4.7551839763779524
 21
-5.5700025984251971
 31
0
  0
LINE
  5
3E9
330
1B
100
AcDbEntity
  8
F.Silkscreen
  6
CONTINUOUS
100
AcDbLine
 10
4.7551839763779524
 20
-5.5700025984251971
 30
0
 11
4.7551840157480312
 21
-5.5700025984251971
 31
0
  0
LINE
  5
3EA
330
1B
100
AcDbEntity
  8
F.Silkscreen
  6
CONTINUOUS
100
AcDbLine
 10
4.7551840157480312
 20
-5.5700025984251971
 30
0
 11
4.755624881889764
 21
-5.5701851968503933
 31
0
  0
LINE
  5
3EB
330
1B
100
AcDbEntity
  8
F.Silkscreen
  6
CONTINUOUS
100
AcDbLine
 10
4.8948028740157481
 20
-5.5328381102362201
 30
0
 11
4.8956732677165355
 21
-5.5335929921259845
 31
0
  0
LINE
  5
3EC
330
1B
100
AcDbEntity
  8
F.Silkscreen
  6
CONTINUOUS
100
AcDbLine
 10
4.8956732677165355
 20
-5.5335929921259845
 30
0
 11
4.8961884645669294
 21
-5.5346234645669288
 31
0
  0
LINE
  5
3ED
330
1B
100
AcDbEntity
  8
F.Silkscreen
  6
CONTINUOUS
100
AcDbLine
 10
4.8961884645669294
 20
-5.5346234645669288
 30
0
 11
4.8962701574803145
 21
-5.5357726771653546
 31
0
  0
LINE
  5
3EE
330
1B
100
AcDbEntity
  8
F.Silkscreen
  6
CONTINUOUS
100
AcDbLine
 10
4.8962701574803145
 20
-5.5357726771653546
 30
0
 11
4.8961418110236217
 21
-5.536337125984252
 31
0
  0
LINE
  5
3EF
330
1B
100
AcDbEntity
  8
F.Silkscreen
  6
CONTINUOUS
100
AcDbLine
 10
4.8961418110236217
 20
-5.536337125984252
 30
0
 11
4.8880635039370075
 21
-5.5605720472440945
 31
0
  0
LINE
  5
3F0
330
1B
100
AcDbEntity
  8
F.Silkscreen
  6
CONTINUOUS
100
AcDbLine
 10
4.8880635039370075
 20
-5.5605720472440945
 30
0
 11
4.8997616535433073
 21
-5.5605720472440945
 31
0
  0
LINE
  5
3F1
330
1B
100
AcDbEntity
  8
F.Silkscreen
  6
CONTINUOUS
100
AcDbLine
 10
4.8997616535433073
 20
-5.5605720472440945
 30
0
 11
4.8997616535433073
 21
-5.5504014566929136
 31
0
  0
LINE
  5
3F2
330
1B
100
AcDbEntity
  8
F.Silkscreen
  6
CONTINUOUS
100
AcDbLine
 10
4.8997616535433073
 20
-5.5504014566929136
 30
0
 11
4.8998183858267712
 21
-5.5498253937007869
 31
0
  0
LINE
  5
3F3
330
1B
100
AcDbEntity
  8
F.Silkscreen
  6
CONTINUOUS
100
AcDbLine
 10
4.8998183858267712
 20
-5.5498253937007869
 30
0
 11
4.9002592913385827
 21
-5.5487609842519685
 31
0
  0
LINE
  5
3F4
330
1B
100
AcDbEntity
  8
F.Silkscreen
  6
CONTINUOUS
100
AcDbLine
 10
4.9002592913385827
 20
-5.5487609842519685
 30
0
 11
4.9010739370078742
 21
-5.5479463385826771
 31
0
  0
LINE
  5
3F5
330
1B
100
AcDbEntity
  8
F.Silkscreen
  6
CONTINUOUS
100
AcDbLine
 10
4.9010739370078742
 20
-5.5479463385826771
 30
0
 11
4.9021383464566926
 21
-5.5475054330708664
 31
0
  0
LINE
  5
3F6
330
1B
100
AcDbEntity
  8
F.Silkscreen
  6
CONTINUOUS
100
AcDbLine
 10
4.9021383464566926
 20
-5.5475054330708664
 30
0
 11
4.9032904724409452
 21
-5.5475054330708664
 31
0
  0
LINE
  5
3F7
330
1B
100
AcDbEntity
  8
F.Silkscreen
  6
CONTINUOUS
100
AcDbLine
 10
4.9032904724409452
 20
-5.5475054330708664
 30
0
 11
4.9043548818897635
 21
-5.5479463385826771
 31
0
  0
LINE
  5
3F8
330
1B
100
AcDbEntity
  8
F.Silkscreen
  6
CONTINUOUS
100
AcDbLine
 10
4.9043548818897635
 20
-5.5479463385826771
 30
0
 11
4.905169527559055
 21
-5.5487609842519685
 31
0
  0
LINE
  5
3F9
330
1B
100
AcDbEntity
  8
F.Silkscreen
  6
CONTINUOUS
100
AcDbLine
 10
4.905169527559055
 20
-5.5487609842519685
 30
0
 11
4.9056104330708656
 21
-5.5498253937007869
 31
0
  0
LINE
  5
3FA
330
1B
100
AcDbEntity
  8
F.Silkscreen
  6
CONTINUOUS
100
AcDbLine
 10
4.9056104330708656
 20
-5.5498253937007869
 30
0
 11
4.9056671653543305
 21
-5.5504014566929136
 31
0
  0
LINE
  5
3FB
330
1B
100
AcDbEntity
  8
F.Silkscreen
  6
CONTINUOUS
100
AcDbLine
 10
4.9056671653543305
 20
-5.5504014566929136
 30
0
 11
4.9056671653543305
 21
-5.5605720472440945
 31
0
  0
LINE
  5
3FC
330
1B
100
AcDbEntity
  8
F.Silkscreen
  6
CONTINUOUS
100
AcDbLine
 10
4.9056671653543305
 20
-5.5605720472440945
 30
0
 11
4.9083387007874011
 21
-5.5605720472440945
 31
0
  0
LINE
  5
3FD
330
1B
100
AcDbEntity
  8
F.Silkscreen
  6
CONTINUOUS
100
AcDbLine
 10
4.9083387007874011
 20
-5.5605720472440945
 30
0
 11
4.9089147637795278
 21
-5.5606287795275593
 31
0
  0
LINE
  5
3FE
330
1B
100
AcDbEntity
  8
F.Silkscreen
  6
CONTINUOUS
100
AcDbLine
 10
4.9089147637795278
 20
-5.5606287795275593
 30
0
 11
4.9099791732283462
 21
-5.5610696850393699
 31
0
  0
LINE
  5
3FF
330
1B
100
AcDbEntity
  8
F.Silkscreen
  6
CONTINUOUS
100
AcDbLine
 10
4.9099791732283462
 20
-5.5610696850393699
 30
0
 11
4.9107938188976377
 21
-5.5618843307086614
 31
0
  0
LINE
  5
400
330
1B
100
AcDbEntity
  8
F.Silkscreen
  6
CONTINUOUS
100
AcDbLine
 10
4.9107938188976377
 20
-5.5618843307086614
 30
0
 11
4.9112347244094483
 21
-5.5629487401574798
 31
0
  0
LINE
  5
401
330
1B
100
AcDbEntity
  8
F.Silkscreen
  6
CONTINUOUS
100
AcDbLine
 10
4.9112347244094483
 20
-5.5629487401574798
 30
0
 11
4.9112347244094483
 21
-5.5641008661417324
 31
0
  0
LINE
  5
402
330
1B
100
AcDbEntity
  8
F.Silkscreen
  6
CONTINUOUS
100
AcDbLine
 10
4.9112347244094483
 20
-5.5641008661417324
 30
0
 11
4.9107938188976377
 21
-5.5651652755905507
 31
0
  0
LINE
  5
403
330
1B
100
AcDbEntity
  8
F.Silkscreen
  6
CONTINUOUS
100
AcDbLine
 10
4.9107938188976377
 20
-5.5651652755905507
 30
0
 11
4.9099791732283462
 21
-5.5659799212598422
 31
0
  0
LINE
  5
404
330
1B
100
AcDbEntity
  8
F.Silkscreen
  6
CONTINUOUS
100
AcDbLine
 10
4.9099791732283462
 20
-5.5659799212598422
 30
0
 11
4.9089147637795278
 21
-5.5664208267716537
 31
0
  0
LINE
  5
405
330
1B
100
AcDbEntity
  8
F.Silkscreen
  6
CONTINUOUS
100
AcDbLine
 10
4.9089147637795278
 20
-5.5664208267716537
 30
0
 11
4.9083387007874011
 21
-5.5664775590551177
 31
0
  0
LINE
  5
406
330
1B
100
AcDbEntity
  8
F.Silkscreen
  6
CONTINUOUS
100
AcDbLine
 10
4.9083387007874011
 20
-5.5664775590551177
 30
0
 11
4.9056671653543305
 21
-5.5664775590551177
 31
0
  0
LINE
  5
407
330
1B
100
AcDbEntity
  8
F.Silkscreen
  6
CONTINUOUS
100
AcDbLine
 10
4.9056671653543305
 20
-5.5664775590551177
 30
0
 11
4.9056671653543305
 21
-5.5766481889763782
 31
0
  0
LINE
  5
408
330
1B
100
AcDbEntity
  8
F.Silkscreen
  6
CONTINUOUS
100
AcDbLine
 10
4.9056671653543305
 20
-5.5766481889763782
 30
0
 11
4.9056104330708656
 21
-5.577224251968504
 31
0
  0
LINE
  5
409
330
1B
100
AcDbEntity
  8
F.Silkscreen
  6
CONTINUOUS
100
AcDbLine
 10
4.9056104330708656
 20
-5.577224251968504
 30
0
 11
4.905169527559055
 21
-5.5782886614173224
 31
0
  0
LINE
  5
40A
330
1B
100
AcDbEntity
  8
F.Silkscreen
  6
CONTINUOUS
100
AcDbLine
 10
4.905169527559055
 20
-5.5782886614173224
 30
0
 11
4.9043548818897635
 21
-5.5791033070866138
 31
0
  0
LINE
  5
40B
330
1B
100
AcDbEntity
  8
F.Silkscreen
  6
CONTINUOUS
100
AcDbLine
 10
4.9043548818897635
 20
-5.5791033070866138
 30
0
 11
4.9032904724409452
 21
-5.5795442125984254
 31
0
  0
LINE
  5
40C
330
1B
100
AcDbEntity
  8
F.Silkscreen
  6
CONTINUOUS
100
AcDbLine
 10
4.9032904724409452
 20
-5.5795442125984254
 30
0
 11
4.9021383464566926
 21
-5.5795442125984254
 31
0
  0
LINE
  5
40D
330
1B
100
AcDbEntity
  8
F.Silkscreen
  6
CONTINUOUS
100
AcDbLine
 10
4.9021383464566926
 20
-5.5795442125984254
 30
0
 11
4.9010739370078742
 21
-5.5791033070866138
 31
0
  0
LINE
  5
40E
330
1B
100
AcDbEntity
  8
F.Silkscreen
  6
CONTINUOUS
100
AcDbLine
 10
4.9010739370078742
 20
-5.5791033070866138
 30
0
 11
4.9002592913385827
 21
-5.5782886614173224
 31
0
  0
LINE
  5
40F
330
1B
100
AcDbEntity
  8
F.Silkscreen
  6
CONTINUOUS
100
AcDbLine
 10
4.9002592913385827
 20
-5.5782886614173224
 30
0
 11
4.8998183858267712
 21
-5.577224251968504
 31
0
  0
LINE
  5
410
330
1B
100
AcDbEntity
  8
F.Silkscreen
  6
CONTINUOUS
100
AcDbLine
 10
4.8998183858267712
 20
-5.577224251968504
 30
0
 11
4.8997616535433073
 21
-5.5766481889763782
 31
0
  0
LINE
  5
411
330
1B
100
AcDbEntity
  8
F.Silkscreen
  6
CONTINUOUS
100
AcDbLine
 10
4.8997616535433073
 20
-5.5766481889763782
 30
0
 11
4.8997616535433073
 21
-5.5664775590551177
 31
0
  0
LINE
  5
412
330
1B
100
AcDbEntity
  8
F.Silkscreen
  6
CONTINUOUS
100
AcDbLine
 10
4.8997616535433073
 20
-5.5664775590551177
 30
0
 11
4.8839667716535429
 21
-5.5664775590551177
 31
0
  0
LINE
  5
413
330
1B
100
AcDbEntity
  8
F.Silkscreen
  6
CONTINUOUS
100
AcDbLine
 10
4.8839667716535429
 20
-5.5664775590551177
 30
0
 11
4.883675196850394
 21
-5.566448818897638
 31
0
  0
LINE
  5
414
330
1B
100
AcDbEntity
  8
F.Silkscreen
  6
CONTINUOUS
100
AcDbLine
 10
4.883675196850394
 20
-5.566448818897638
 30
0
 11
4.8835974803149602
 21
-5.5664543700787403
 31
0
  0
LINE
  5
415
330
1B
100
AcDbEntity
  8
F.Silkscreen
  6
CONTINUOUS
100
AcDbLine
 10
4.8835974803149602
 20
-5.5664543700787403
 30
0
 11
4.8835413385826767
 21
-5.5664356299212594
 31
0
  0
LINE
  5
416
330
1B
100
AcDbEntity
  8
F.Silkscreen
  6
CONTINUOUS
100
AcDbLine
 10
4.8835413385826767
 20
-5.5664356299212594
 30
0
 11
4.883390708661417
 21
-5.5664208267716537
 31
0
  0
LINE
  5
417
330
1B
100
AcDbEntity
  8
F.Silkscreen
  6
CONTINUOUS
100
AcDbLine
 10
4.883390708661417
 20
-5.5664208267716537
 30
0
 11
4.882953385826772
 21
-5.5662396850393696
 31
0
  0
LINE
  5
418
330
1B
100
AcDbEntity
  8
F.Silkscreen
  6
CONTINUOUS
100
AcDbLine
 10
4.882953385826772
 20
-5.5662396850393696
 30
0
 11
4.8825044488188976
 21
-5.5660900393700787
 31
0
  0
LINE
  5
419
330
1B
100
AcDbEntity
  8
F.Silkscreen
  6
CONTINUOUS
100
AcDbLine
 10
4.8825044488188976
 20
-5.5660900393700787
 30
0
 11
4.8824242519685042
 21
-5.566020472440945
 31
0
  0
LINE
  5
41A
330
1B
100
AcDbEntity
  8
F.Silkscreen
  6
CONTINUOUS
100
AcDbLine
 10
4.8824242519685042
 20
-5.566020472440945
 30
0
 11
4.8823262992125986
 21
-5.5659799212598422
 31
0
  0
LINE
  5
41B
330
1B
100
AcDbEntity
  8
F.Silkscreen
  6
CONTINUOUS
100
AcDbLine
 10
4.8823262992125986
 20
-5.5659799212598422
 30
0
 11
4.8819916535433068
 21
-5.5656452755905512
 31
0
  0
LINE
  5
41C
330
1B
100
AcDbEntity
  8
F.Silkscreen
  6
CONTINUOUS
100
AcDbLine
 10
4.8819916535433068
 20
-5.5656452755905512
 30
0
 11
4.8816340944881889
 21
-5.5653351574803152
 31
0
  0
LINE
  5
41D
330
1B
100
AcDbEntity
  8
F.Silkscreen
  6
CONTINUOUS
100
AcDbLine
 10
4.8816340944881889
 20
-5.5653351574803152
 30
0
 11
4.881586653543307
 21
-5.5652402755905515
 31
0
  0
LINE
  5
41E
330
1B
100
AcDbEntity
  8
F.Silkscreen
  6
CONTINUOUS
100
AcDbLine
 10
4.881586653543307
 20
-5.5652402755905515
 30
0
 11
4.8815116535433072
 21
-5.5651652755905507
 31
0
  0
LINE
  5
41F
330
1B
100
AcDbEntity
  8
F.Silkscreen
  6
CONTINUOUS
100
AcDbLine
 10
4.8815116535433072
 20
-5.5651652755905507
 30
0
 11
4.8813304724409452
 21
-5.564727913385827
 31
0
  0
LINE
  5
420
330
1B
100
AcDbEntity
  8
F.Silkscreen
  6
CONTINUOUS
100
AcDbLine
 10
4.8813304724409452
 20
-5.564727913385827
 30
0
 11
4.8811188976377951
 21
-5.5643047244094488
 31
0
  0
LINE
  5
421
330
1B
100
AcDbEntity
  8
F.Silkscreen
  6
CONTINUOUS
100
AcDbLine
 10
4.8811188976377951
 20
-5.5643047244094488
 30
0
 11
4.881111377952756
 21
-5.5641989370078742
 31
0
  0
LINE
  5
422
330
1B
100
AcDbEntity
  8
F.Silkscreen
  6
CONTINUOUS
100
AcDbLine
 10
4.881111377952756
 20
-5.5641989370078742
 30
0
 11
4.8810707480314957
 21
-5.5641008661417324
 31
0
  0
LINE
  5
423
330
1B
100
AcDbEntity
  8
F.Silkscreen
  6
CONTINUOUS
100
AcDbLine
 10
4.8810707480314957
 20
-5.5641008661417324
 30
0
 11
4.8810707480314957
 21
-5.5636273622047243
 31
0
  0
LINE
  5
424
330
1B
100
AcDbEntity
  8
F.Silkscreen
  6
CONTINUOUS
100
AcDbLine
 10
4.8810707480314957
 20
-5.5636273622047243
 30
0
 11
4.8810372047244091
 21
-5.5631555118110239
 31
0
  0
LINE
  5
425
330
1B
100
AcDbEntity
  8
F.Silkscreen
  6
CONTINUOUS
100
AcDbLine
 10
4.8810372047244091
 20
-5.5631555118110239
 30
0
 11
4.8810707480314957
 21
-5.5630079921259838
 31
0
  0
LINE
  5
426
330
1B
100
AcDbEntity
  8
F.Silkscreen
  6
CONTINUOUS
100
AcDbLine
 10
4.8810707480314957
 20
-5.5630079921259838
 30
0
 11
4.8810707480314957
 21
-5.5629487401574798
 31
0
  0
LINE
  5
427
330
1B
100
AcDbEntity
  8
F.Silkscreen
  6
CONTINUOUS
100
AcDbLine
 10
4.8810707480314957
 20
-5.5629487401574798
 30
0
 11
4.8811005905511813
 21
-5.562876614173228
 31
0
  0
LINE
  5
428
330
1B
100
AcDbEntity
  8
F.Silkscreen
  6
CONTINUOUS
100
AcDbLine
 10
4.8811005905511813
 20
-5.562876614173228
 30
0
 11
4.8811655511811018
 21
-5.5625910629921256
 31
0
  0
LINE
  5
429
330
1B
100
AcDbEntity
  8
F.Silkscreen
  6
CONTINUOUS
100
AcDbLine
 10
4.8811655511811018
 20
-5.5625910629921256
 30
0
 11
4.8905393700787396
 21
-5.5344696062992123
 31
0
  0
LINE
  5
42A
330
1B
100
AcDbEntity
  8
F.Silkscreen
  6
CONTINUOUS
100
AcDbLine
 10
4.8905393700787396
 20
-5.5344696062992123
 30
0
 11
4.8907753543307084
 21
-5.5339410629921257
 31
0
  0
LINE
  5
42B
330
1B
100
AcDbEntity
  8
F.Silkscreen
  6
CONTINUOUS
100
AcDbLine
 10
4.8907753543307084
 20
-5.5339410629921257
 30
0
 11
4.891530236220472
 21
-5.533070708661417
 31
0
  0
LINE
  5
42C
330
1B
100
AcDbEntity
  8
F.Silkscreen
  6
CONTINUOUS
100
AcDbLine
 10
4.891530236220472
 20
-5.533070708661417
 30
0
 11
4.8925606692913384
 21
-5.5325554724409445
 31
0
  0
LINE
  5
42D
330
1B
100
AcDbEntity
  8
F.Silkscreen
  6
CONTINUOUS
100
AcDbLine
 10
4.8925606692913384
 20
-5.5325554724409445
 30
0
 11
4.8937098818897633
 21
-5.5324737795275594
 31
0
  0
LINE
  5
42E
330
1B
100
AcDbEntity
  8
F.Silkscreen
  6
CONTINUOUS
100
AcDbLine
 10
4.8937098818897633
 20
-5.5324737795275594
 30
0
 11
4.8948028740157481
 21
-5.5328381102362201
 31
0
  0
LINE
  5
42F
330
1B
100
AcDbEntity
  8
F.Silkscreen
  6
CONTINUOUS
100
AcDbLine
 10
4.965157755905512
 20
-5.5475054330708664
 30
0
 11
4.9652557480314963
 21
-5.5475460236220471
 31
0
  0
LINE
  5
430
330
1B
100
AcDbEntity
  8
F.Silkscreen
  6
CONTINUOUS
100
AcDbLine
 10
4.9652557480314963
 20
-5.5475460236220471
 30
0
 11
4.9653615748031497
 21
-5.5475535433070862
 31
0
  0
LINE
  5
431
330
1B
100
AcDbEntity
  8
F.Silkscreen
  6
CONTINUOUS
100
AcDbLine
 10
4.9653615748031497
 20
-5.5475535433070862
 30
0
 11
4.9659022047244097
 21
-5.5477604330708656
 31
0
  0
LINE
  5
432
330
1B
100
AcDbEntity
  8
F.Silkscreen
  6
CONTINUOUS
100
AcDbLine
 10
4.9659022047244097
 20
-5.5477604330708656
 30
0
 11
4.9696517322834648
 21
-5.5496351968503932
 31
0
  0
LINE
  5
433
330
1B
100
AcDbEntity
  8
F.Silkscreen
  6
CONTINUOUS
100
AcDbLine
 10
4.9696517322834648
 20
-5.5496351968503932
 30
0
 11
4.9697480708661415
 21
-5.5496958267716536
 31
0
  0
LINE
  5
434
330
1B
100
AcDbEntity
  8
F.Silkscreen
  6
CONTINUOUS
100
AcDbLine
 10
4.9697480708661415
 20
-5.5496958267716536
 30
0
 11
4.9697935039370078
 21
-5.5497109842519681
 31
0
  0
LINE
  5
435
330
1B
100
AcDbEntity
  8
F.Silkscreen
  6
CONTINUOUS
100
AcDbLine
 10
4.9697935039370078
 20
-5.5497109842519681
 30
0
 11
4.9698500393700789
 21
-5.54976
 31
0
  0
LINE
  5
436
330
1B
100
AcDbEntity
  8
F.Silkscreen
  6
CONTINUOUS
100
AcDbLine
 10
4.9698500393700789
 20
-5.54976
 30
0
 11
4.9701416141732286
 21
-5.5499435433070863
 31
0
  0
LINE
  5
437
330
1B
100
AcDbEntity
  8
F.Silkscreen
  6
CONTINUOUS
100
AcDbLine
 10
4.9701416141732286
 20
-5.5499435433070863
 30
0
 11
4.9702059842519688
 21
-5.5500177559055119
 31
0
  0
LINE
  5
438
330
1B
100
AcDbEntity
  8
F.Silkscreen
  6
CONTINUOUS
100
AcDbLine
 10
4.9702059842519688
 20
-5.5500177559055119
 30
0
 11
4.970270354330709
 21
-5.5499435433070863
 31
0
  0
LINE
  5
439
330
1B
100
AcDbEntity
  8
F.Silkscreen
  6
CONTINUOUS
100
AcDbLine
 10
4.970270354330709
 20
-5.5499435433070863
 30
0
 11
4.9705618897637791
 21
-5.54976
 31
0
  0
LINE
  5
43A
330
1B
100
AcDbEntity
  8
F.Silkscreen
  6
CONTINUOUS
100
AcDbLine
 10
4.9705618897637791
 20
-5.54976
 30
0
 11
4.9706184645669289
 21
-5.5497109842519681
 31
0
  0
LINE
  5
43B
330
1B
100
AcDbEntity
  8
F.Silkscreen
  6
CONTINUOUS
100
AcDbLine
 10
4.9706184645669289
 20
-5.5497109842519681
 30
0
 11
4.9706638582677165
 21
-5.5496958267716536
 31
0
  0
LINE
  5
43C
330
1B
100
AcDbEntity
  8
F.Silkscreen
  6
CONTINUOUS
100
AcDbLine
 10
4.9706638582677165
 20
-5.5496958267716536
 30
0
 11
4.9707602362204719
 21
-5.5496351968503932
 31
0
  0
LINE
  5
43D
330
1B
100
AcDbEntity
  8
F.Silkscreen
  6
CONTINUOUS
100
AcDbLine
 10
4.9707602362204719
 20
-5.5496351968503932
 30
0
 11
4.974509763779527
 21
-5.5477604330708656
 31
0
  0
LINE
  5
43E
330
1B
100
AcDbEntity
  8
F.Silkscreen
  6
CONTINUOUS
100
AcDbLine
 10
4.974509763779527
 20
-5.5477604330708656
 30
0
 11
4.9750503543307083
 21
-5.5475535433070862
 31
0
  0
LINE
  5
43F
330
1B
100
AcDbEntity
  8
F.Silkscreen
  6
CONTINUOUS
100
AcDbLine
 10
4.9750503543307083
 20
-5.5475535433070862
 30
0
 11
4.9751562204724404
 21
-5.5475459842519683
 31
0
  0
LINE
  5
440
330
1B
100
AcDbEntity
  8
F.Silkscreen
  6
CONTINUOUS
100
AcDbLine
 10
4.9751562204724404
 20
-5.5475459842519683
 30
0
 11
4.9752542125984247
 21
-5.5475054330708664
 31
0
  0
LINE
  5
441
330
1B
100
AcDbEntity
  8
F.Silkscreen
  6
CONTINUOUS
100
AcDbLine
 10
4.9752542125984247
 20
-5.5475054330708664
 30
0
 11
4.9758302755905515
 21
-5.5474487007874016
 31
0
  0
LINE
  5
442
330
1B
100
AcDbEntity
  8
F.Silkscreen
  6
CONTINUOUS
100
AcDbLine
 10
4.9758302755905515
 20
-5.5474487007874016
 30
0
 11
4.9814545669291341
 21
-5.5474487007874016
 31
0
  0
LINE
  5
443
330
1B
100
AcDbEntity
  8
F.Silkscreen
  6
CONTINUOUS
100
AcDbLine
 10
4.9814545669291341
 20
-5.5474487007874016
 30
0
 11
4.98203062992126
 21
-5.5475054330708664
 31
0
  0
LINE
  5
444
330
1B
100
AcDbEntity
  8
F.Silkscreen
  6
CONTINUOUS
100
AcDbLine
 10
4.98203062992126
 20
-5.5475054330708664
 30
0
 11
4.9821286220472443
 21
-5.5475460236220471
 31
0
  0
LINE
  5
445
330
1B
100
AcDbEntity
  8
F.Silkscreen
  6
CONTINUOUS
100
AcDbLine
 10
4.9821286220472443
 20
-5.5475460236220471
 30
0
 11
4.9822344488188977
 21
-5.5475535433070862
 31
0
  0
LINE
  5
446
330
1B
100
AcDbEntity
  8
F.Silkscreen
  6
CONTINUOUS
100
AcDbLine
 10
4.9822344488188977
 20
-5.5475535433070862
 30
0
 11
4.9827750787401577
 21
-5.5477604330708656
 31
0
  0
LINE
  5
447
330
1B
100
AcDbEntity
  8
F.Silkscreen
  6
CONTINUOUS
100
AcDbLine
 10
4.9827750787401577
 20
-5.5477604330708656
 30
0
 11
4.9865246456692915
 21
-5.5496351968503932
 31
0
  0
LINE
  5
448
330
1B
100
AcDbEntity
  8
F.Silkscreen
  6
CONTINUOUS
100
AcDbLine
 10
4.9865246456692915
 20
-5.5496351968503932
 30
0
 11
4.9866209448818895
 21
-5.5496958267716536
 31
0
  0
LINE
  5
449
330
1B
100
AcDbEntity
  8
F.Silkscreen
  6
CONTINUOUS
100
AcDbLine
 10
4.9866209448818895
 20
-5.5496958267716536
 30
0
 11
4.9866664173228346
 21
-5.5497109842519681
 31
0
  0
LINE
  5
44A
330
1B
100
AcDbEntity
  8
F.Silkscreen
  6
CONTINUOUS
100
AcDbLine
 10
4.9866664173228346
 20
-5.5497109842519681
 30
0
 11
4.9867229921259844
 21
-5.5497600393700788
 31
0
  0
LINE
  5
44B
330
1B
100
AcDbEntity
  8
F.Silkscreen
  6
CONTINUOUS
100
AcDbLine
 10
4.9867229921259844
 20
-5.5497600393700788
 30
0
 11
4.9870144881889766
 21
-5.5499435433070863
 31
0
  0
LINE
  5
44C
330
1B
100
AcDbEntity
  8
F.Silkscreen
  6
CONTINUOUS
100
AcDbLine
 10
4.9870144881889766
 20
-5.5499435433070863
 30
0
 11
4.987256968503937
 21
-5.5502231496062988
 31
0
  0
LINE
  5
44D
330
1B
100
AcDbEntity
  8
F.Silkscreen
  6
CONTINUOUS
100
AcDbLine
 10
4.987256968503937
 20
-5.5502231496062988
 30
0
 11
4.987536811023622
 21
-5.5504658267716538
 31
0
  0
LINE
  5
44E
330
1B
100
AcDbEntity
  8
F.Silkscreen
  6
CONTINUOUS
100
AcDbLine
 10
4.987536811023622
 20
-5.5504658267716538
 30
0
 11
4.9877203149606295
 21
-5.5507573622047239
 31
0
  0
LINE
  5
44F
330
1B
100
AcDbEntity
  8
F.Silkscreen
  6
CONTINUOUS
100
AcDbLine
 10
4.9877203149606295
 20
-5.5507573622047239
 30
0
 11
4.9877693700787402
 21
-5.5508139370078737
 31
0
  0
LINE
  5
450
330
1B
100
AcDbEntity
  8
F.Silkscreen
  6
CONTINUOUS
100
AcDbLine
 10
4.9877693700787402
 20
-5.5508139370078737
 30
0
 11
4.9877844881889759
 21
-5.5508593307086613
 31
0
  0
LINE
  5
451
330
1B
100
AcDbEntity
  8
F.Silkscreen
  6
CONTINUOUS
100
AcDbLine
 10
4.9877844881889759
 20
-5.5508593307086613
 30
0
 11
4.9878451574803151
 21
-5.5509557086614176
 31
0
  0
LINE
  5
452
330
1B
100
AcDbEntity
  8
F.Silkscreen
  6
CONTINUOUS
100
AcDbLine
 10
4.9878451574803151
 20
-5.5509557086614176
 30
0
 11
4.9897199212598426
 21
-5.5547052362204727
 31
0
  0
LINE
  5
453
330
1B
100
AcDbEntity
  8
F.Silkscreen
  6
CONTINUOUS
100
AcDbLine
 10
4.9897199212598426
 20
-5.5547052362204727
 30
0
 11
4.9899268110236221
 21
-5.5552458267716531
 31
0
  0
LINE
  5
454
330
1B
100
AcDbEntity
  8
F.Silkscreen
  6
CONTINUOUS
100
AcDbLine
 10
4.9899268110236221
 20
-5.5552458267716531
 30
0
 11
4.9899343307086612
 21
-5.5553516929133853
 31
0
  0
LINE
  5
455
330
1B
100
AcDbEntity
  8
F.Silkscreen
  6
CONTINUOUS
100
AcDbLine
 10
4.9899343307086612
 20
-5.5553516929133853
 30
0
 11
4.9899749212598428
 21
-5.5554496850393695
 31
0
  0
LINE
  5
456
330
1B
100
AcDbEntity
  8
F.Silkscreen
  6
CONTINUOUS
100
AcDbLine
 10
4.9899749212598428
 20
-5.5554496850393695
 30
0
 11
4.9900316535433067
 21
-5.5560257480314963
 31
0
  0
LINE
  5
457
330
1B
100
AcDbEntity
  8
F.Silkscreen
  6
CONTINUOUS
100
AcDbLine
 10
4.9900316535433067
 20
-5.5560257480314963
 30
0
 11
4.9900316535433067
 21
-5.5766481889763782
 31
0
  0
LINE
  5
458
330
1B
100
AcDbEntity
  8
F.Silkscreen
  6
CONTINUOUS
100
AcDbLine
 10
4.9900316535433067
 20
-5.5766481889763782
 30
0
 11
4.9899749212598428
 21
-5.577224251968504
 31
0
  0
LINE
  5
459
330
1B
100
AcDbEntity
  8
F.Silkscreen
  6
CONTINUOUS
100
AcDbLine
 10
4.9899749212598428
 20
-5.577224251968504
 30
0
 11
4.9895340157480312
 21
-5.5782886614173224
 31
0
  0
LINE
  5
45A
330
1B
100
AcDbEntity
  8
F.Silkscreen
  6
CONTINUOUS
100
AcDbLine
 10
4.9895340157480312
 20
-5.5782886614173224
 30
0
 11
4.9887193700787398
 21
-5.5791033070866138
 31
0
  0
LINE
  5
45B
330
1B
100
AcDbEntity
  8
F.Silkscreen
  6
CONTINUOUS
100
AcDbLine
 10
4.9887193700787398
 20
-5.5791033070866138
 30
0
 11
4.9876549606299214
 21
-5.5795442125984254
 31
0
  0
LINE
  5
45C
330
1B
100
AcDbEntity
  8
F.Silkscreen
  6
CONTINUOUS
100
AcDbLine
 10
4.9876549606299214
 20
-5.5795442125984254
 30
0
 11
4.9865028346456688
 21
-5.5795442125984254
 31
0
  0
LINE
  5
45D
330
1B
100
AcDbEntity
  8
F.Silkscreen
  6
CONTINUOUS
100
AcDbLine
 10
4.9865028346456688
 20
-5.5795442125984254
 30
0
 11
4.9854384251968504
 21
-5.5791033070866138
 31
0
  0
LINE
  5
45E
330
1B
100
AcDbEntity
  8
F.Silkscreen
  6
CONTINUOUS
100
AcDbLine
 10
4.9854384251968504
 20
-5.5791033070866138
 30
0
 11
4.984623779527559
 21
-5.5782886614173224
 31
0
  0
LINE
  5
45F
330
1B
100
AcDbEntity
  8
F.Silkscreen
  6
CONTINUOUS
100
AcDbLine
 10
4.984623779527559
 20
-5.5782886614173224
 30
0
 11
4.9841828740157483
 21
-5.577224251968504
 31
0
  0
LINE
  5
460
330
1B
100
AcDbEntity
  8
F.Silkscreen
  6
CONTINUOUS
100
AcDbLine
 10
4.9841828740157483
 20
-5.577224251968504
 30
0
 11
4.9841261417322835
 21
-5.5766481889763782
 31
0
  0
LINE
  5
461
330
1B
100
AcDbEntity
  8
F.Silkscreen
  6
CONTINUOUS
100
AcDbLine
 10
4.9841261417322835
 20
-5.5766481889763782
 30
0
 11
4.9841261417322835
 21
-5.55672279527559
 31
0
  0
LINE
  5
462
330
1B
100
AcDbEntity
  8
F.Silkscreen
  6
CONTINUOUS
100
AcDbLine
 10
4.9841261417322835
 20
-5.55672279527559
 30
0
 11
4.9830032677165352
 21
-5.5544770472440943
 31
0
  0
LINE
  5
463
330
1B
100
AcDbEntity
  8
F.Silkscreen
  6
CONTINUOUS
100
AcDbLine
 10
4.9830032677165352
 20
-5.5544770472440943
 30
0
 11
4.9807575196850395
 21
-5.5533542125984248
 31
0
  0
LINE
  5
464
330
1B
100
AcDbEntity
  8
F.Silkscreen
  6
CONTINUOUS
100
AcDbLine
 10
4.9807575196850395
 20
-5.5533542125984248
 30
0
 11
4.9765273228346452
 21
-5.5533542125984248
 31
0
  0
LINE
  5
465
330
1B
100
AcDbEntity
  8
F.Silkscreen
  6
CONTINUOUS
100
AcDbLine
 10
4.9765273228346452
 20
-5.5533542125984248
 30
0
 11
4.9742815748031495
 21
-5.5544770472440943
 31
0
  0
LINE
  5
466
330
1B
100
AcDbEntity
  8
F.Silkscreen
  6
CONTINUOUS
100
AcDbLine
 10
4.9742815748031495
 20
-5.5544770472440943
 30
0
 11
4.9731587401574799
 21
-5.55672279527559
 31
0
  0
LINE
  5
467
330
1B
100
AcDbEntity
  8
F.Silkscreen
  6
CONTINUOUS
100
AcDbLine
 10
4.9731587401574799
 20
-5.55672279527559
 30
0
 11
4.9731587401574799
 21
-5.5766481889763782
 31
0
  0
LINE
  5
468
330
1B
100
AcDbEntity
  8
F.Silkscreen
  6
CONTINUOUS
100
AcDbLine
 10
4.9731587401574799
 20
-5.5766481889763782
 30
0
 11
4.973102007874016
 21
-5.577224251968504
 31
0
  0
LINE
  5
469
330
1B
100
AcDbEntity
  8
F.Silkscreen
  6
CONTINUOUS
100
AcDbLine
 10
4.973102007874016
 20
-5.577224251968504
 30
0
 11
4.9726611023622045
 21
-5.5782886614173224
 31
0
  0
LINE
  5
46A
330
1B
100
AcDbEntity
  8
F.Silkscreen
  6
CONTINUOUS
100
AcDbLine
 10
4.9726611023622045
 20
-5.5782886614173224
 30
0
 11
4.971846456692913
 21
-5.5791033070866138
 31
0
  0
LINE
  5
46B
330
1B
100
AcDbEntity
  8
F.Silkscreen
  6
CONTINUOUS
100
AcDbLine
 10
4.971846456692913
 20
-5.5791033070866138
 30
0
 11
4.9707820472440947
 21
-5.5795442125984254
 31
0
  0
LINE
  5
46C
330
1B
100
AcDbEntity
  8
F.Silkscreen
  6
CONTINUOUS
100
AcDbLine
 10
4.9707820472440947
 20
-5.5795442125984254
 30
0
 11
4.969629921259842
 21
-5.5795442125984254
 31
0
  0
LINE
  5
46D
330
1B
100
AcDbEntity
  8
F.Silkscreen
  6
CONTINUOUS
100
AcDbLine
 10
4.969629921259842
 20
-5.5795442125984254
 30
0
 11
4.9685655118110237
 21
-5.5791033070866138
 31
0
  0
LINE
  5
46E
330
1B
100
AcDbEntity
  8
F.Silkscreen
  6
CONTINUOUS
100
AcDbLine
 10
4.9685655118110237
 20
-5.5791033070866138
 30
0
 11
4.9677508661417322
 21
-5.5782886614173224
 31
0
  0
LINE
  5
46F
330
1B
100
AcDbEntity
  8
F.Silkscreen
  6
CONTINUOUS
100
AcDbLine
 10
4.9677508661417322
 20
-5.5782886614173224
 30
0
 11
4.9673099606299216
 21
-5.577224251968504
 31
0
  0
LINE
  5
470
330
1B
100
AcDbEntity
  8
F.Silkscreen
  6
CONTINUOUS
100
AcDbLine
 10
4.9673099606299216
 20
-5.577224251968504
 30
0
 11
4.9672532283464568
 21
-5.5766481889763782
 31
0
  0
LINE
  5
471
330
1B
100
AcDbEntity
  8
F.Silkscreen
  6
CONTINUOUS
100
AcDbLine
 10
4.9672532283464568
 20
-5.5766481889763782
 30
0
 11
4.9672532283464568
 21
-5.55672279527559
 31
0
  0
LINE
  5
472
330
1B
100
AcDbEntity
  8
F.Silkscreen
  6
CONTINUOUS
100
AcDbLine
 10
4.9672532283464568
 20
-5.55672279527559
 30
0
 11
4.9661303543307085
 21
-5.5544770472440943
 31
0
  0
LINE
  5
473
330
1B
100
AcDbEntity
  8
F.Silkscreen
  6
CONTINUOUS
100
AcDbLine
 10
4.9661303543307085
 20
-5.5544770472440943
 30
0
 11
4.9638846456692916
 21
-5.5533542125984248
 31
0
  0
LINE
  5
474
330
1B
100
AcDbEntity
  8
F.Silkscreen
  6
CONTINUOUS
100
AcDbLine
 10
4.9638846456692916
 20
-5.5533542125984248
 30
0
 11
4.9596544488188972
 21
-5.5533542125984248
 31
0
  0
LINE
  5
475
330
1B
100
AcDbEntity
  8
F.Silkscreen
  6
CONTINUOUS
100
AcDbLine
 10
4.9596544488188972
 20
-5.5533542125984248
 30
0
 11
4.9569569685039365
 21
-5.5547029527559051
 31
0
  0
LINE
  5
476
330
1B
100
AcDbEntity
  8
F.Silkscreen
  6
CONTINUOUS
100
AcDbLine
 10
4.9569569685039365
 20
-5.5547029527559051
 30
0
 11
4.9562858661417319
 21
-5.5553740551181097
 31
0
  0
LINE
  5
477
330
1B
100
AcDbEntity
  8
F.Silkscreen
  6
CONTINUOUS
100
AcDbLine
 10
4.9562858661417319
 20
-5.5553740551181097
 30
0
 11
4.9562858661417319
 21
-5.5766481889763782
 31
0
  0
LINE
  5
478
330
1B
100
AcDbEntity
  8
F.Silkscreen
  6
CONTINUOUS
100
AcDbLine
 10
4.9562858661417319
 20
-5.5766481889763782
 30
0
 11
4.956229133858268
 21
-5.577224251968504
 31
0
  0
LINE
  5
479
330
1B
100
AcDbEntity
  8
F.Silkscreen
  6
CONTINUOUS
100
AcDbLine
 10
4.956229133858268
 20
-5.577224251968504
 30
0
 11
4.9557882283464565
 21
-5.5782886614173224
 31
0
  0
LINE
  5
47A
330
1B
100
AcDbEntity
  8
F.Silkscreen
  6
CONTINUOUS
100
AcDbLine
 10
4.9557882283464565
 20
-5.5782886614173224
 30
0
 11
4.954973582677165
 21
-5.5791033070866138
 31
0
  0
LINE
  5
47B
330
1B
100
AcDbEntity
  8
F.Silkscreen
  6
CONTINUOUS
100
AcDbLine
 10
4.954973582677165
 20
-5.5791033070866138
 30
0
 11
4.9539091732283467
 21
-5.5795442125984254
 31
0
  0
LINE
  5
47C
330
1B
100
AcDbEntity
  8
F.Silkscreen
  6
CONTINUOUS
100
AcDbLine
 10
4.9539091732283467
 20
-5.5795442125984254
 30
0
 11
4.952757047244094
 21
-5.5795442125984254
 31
0
  0
LINE
  5
47D
330
1B
100
AcDbEntity
  8
F.Silkscreen
  6
CONTINUOUS
100
AcDbLine
 10
4.952757047244094
 20
-5.5795442125984254
 30
0
 11
4.9516926377952757
 21
-5.5791033070866138
 31
0
  0
LINE
  5
47E
330
1B
100
AcDbEntity
  8
F.Silkscreen
  6
CONTINUOUS
100
AcDbLine
 10
4.9516926377952757
 20
-5.5791033070866138
 30
0
 11
4.9508779921259842
 21
-5.5782886614173224
 31
0
  0
LINE
  5
47F
330
1B
100
AcDbEntity
  8
F.Silkscreen
  6
CONTINUOUS
100
AcDbLine
 10
4.9508779921259842
 20
-5.5782886614173224
 30
0
 11
4.9504370866141727
 21
-5.577224251968504
 31
0
  0
LINE
  5
480
330
1B
100
AcDbEntity
  8
F.Silkscreen
  6
CONTINUOUS
100
AcDbLine
 10
4.9504370866141727
 20
-5.577224251968504
 30
0
 11
4.9503803543307088
 21
-5.5766481889763782
 31
0
  0
LINE
  5
481
330
1B
100
AcDbEntity
  8
F.Silkscreen
  6
CONTINUOUS
100
AcDbLine
 10
4.9503803543307088
 20
-5.5766481889763782
 30
0
 11
4.9503803543307088
 21
-5.5504014566929136
 31
0
  0
LINE
  5
482
330
1B
100
AcDbEntity
  8
F.Silkscreen
  6
CONTINUOUS
100
AcDbLine
 10
4.9503803543307088
 20
-5.5504014566929136
 30
0
 11
4.9504370866141727
 21
-5.5498253937007869
 31
0
  0
LINE
  5
483
330
1B
100
AcDbEntity
  8
F.Silkscreen
  6
CONTINUOUS
100
AcDbLine
 10
4.9504370866141727
 20
-5.5498253937007869
 30
0
 11
4.9508779921259842
 21
-5.5487609842519685
 31
0
  0
LINE
  5
484
330
1B
100
AcDbEntity
  8
F.Silkscreen
  6
CONTINUOUS
100
AcDbLine
 10
4.9508779921259842
 20
-5.5487609842519685
 30
0
 11
4.9516926377952757
 21
-5.5479463385826771
 31
0
  0
LINE
  5
485
330
1B
100
AcDbEntity
  8
F.Silkscreen
  6
CONTINUOUS
100
AcDbLine
 10
4.9516926377952757
 20
-5.5479463385826771
 30
0
 11
4.952757047244094
 21
-5.5475054330708664
 31
0
  0
LINE
  5
486
330
1B
100
AcDbEntity
  8
F.Silkscreen
  6
CONTINUOUS
100
AcDbLine
 10
4.952757047244094
 20
-5.5475054330708664
 30
0
 11
4.9539091732283467
 21
-5.5475054330708664
 31
0
  0
LINE
  5
487
330
1B
100
AcDbEntity
  8
F.Silkscreen
  6
CONTINUOUS
100
AcDbLine
 10
4.9539091732283467
 20
-5.5475054330708664
 30
0
 11
4.954973582677165
 21
-5.5479463385826771
 31
0
  0
LINE
  5
488
330
1B
100
AcDbEntity
  8
F.Silkscreen
  6
CONTINUOUS
100
AcDbLine
 10
4.954973582677165
 20
-5.5479463385826771
 30
0
 11
4.9557374015748028
 21
-5.5487101574803148
 31
0
  0
LINE
  5
489
330
1B
100
AcDbEntity
  8
F.Silkscreen
  6
CONTINUOUS
100
AcDbLine
 10
4.9557374015748028
 20
-5.5487101574803148
 30
0
 11
4.957636889763779
 21
-5.5477604330708656
 31
0
  0
LINE
  5
48A
330
1B
100
AcDbEntity
  8
F.Silkscreen
  6
CONTINUOUS
100
AcDbLine
 10
4.957636889763779
 20
-5.5477604330708656
 30
0
 11
4.9581774803149603
 21
-5.5475535433070862
 31
0
  0
LINE
  5
48B
330
1B
100
AcDbEntity
  8
F.Silkscreen
  6
CONTINUOUS
100
AcDbLine
 10
4.9581774803149603
 20
-5.5475535433070862
 30
0
 11
4.9582833464566924
 21
-5.5475459842519683
 31
0
  0
LINE
  5
48C
330
1B
100
AcDbEntity
  8
F.Silkscreen
  6
CONTINUOUS
100
AcDbLine
 10
4.9582833464566924
 20
-5.5475459842519683
 30
0
 11
4.9583813385826767
 21
-5.5475054330708664
 31
0
  0
LINE
  5
48D
330
1B
100
AcDbEntity
  8
F.Silkscreen
  6
CONTINUOUS
100
AcDbLine
 10
4.9583813385826767
 20
-5.5475054330708664
 30
0
 11
4.9589574015748035
 21
-5.5474487007874016
 31
0
  0
LINE
  5
48E
330
1B
100
AcDbEntity
  8
F.Silkscreen
  6
CONTINUOUS
100
AcDbLine
 10
4.9589574015748035
 20
-5.5474487007874016
 30
0
 11
4.9645816929133861
 21
-5.5474487007874016
 31
0
  0
LINE
  5
48F
330
1B
100
AcDbEntity
  8
F.Silkscreen
  6
CONTINUOUS
100
AcDbLine
 10
4.9645816929133861
 20
-5.5474487007874016
 30
0
 11
4.965157755905512
 21
-5.5475054330708664
 31
0
  0
LINE
  5
490
330
1B
100
AcDbEntity
  8
F.Silkscreen
  6
CONTINUOUS
100
AcDbLine
 10
5.0176511811023623
 20
-5.5475054330708664
 30
0
 11
5.0177491732283466
 21
-5.5475460236220471
 31
0
  0
LINE
  5
491
330
1B
100
AcDbEntity
  8
F.Silkscreen
  6
CONTINUOUS
100
AcDbLine
 10
5.0177491732283466
 20
-5.5475460236220471
 30
0
 11
5.017855
 21
-5.5475535433070862
 31
0
  0
LINE
  5
492
330
1B
100
AcDbEntity
  8
F.Silkscreen
  6
CONTINUOUS
100
AcDbLine
 10
5.017855
 20
-5.5475535433070862
 30
0
 11
5.01839562992126
 21
-5.5477604330708656
 31
0
  0
LINE
  5
493
330
1B
100
AcDbEntity
  8
F.Silkscreen
  6
CONTINUOUS
100
AcDbLine
 10
5.01839562992126
 20
-5.5477604330708656
 30
0
 11
5.0221451574803151
 21
-5.5496351968503932
 31
0
  0
LINE
  5
494
330
1B
100
AcDbEntity
  8
F.Silkscreen
  6
CONTINUOUS
100
AcDbLine
 10
5.0221451574803151
 20
-5.5496351968503932
 30
0
 11
5.0222414960629918
 21
-5.5496958267716536
 31
0
  0
LINE
  5
495
330
1B
100
AcDbEntity
  8
F.Silkscreen
  6
CONTINUOUS
100
AcDbLine
 10
5.0222414960629918
 20
-5.5496958267716536
 30
0
 11
5.0222869291338581
 21
-5.5497109842519681
 31
0
  0
LINE
  5
496
330
1B
100
AcDbEntity
  8
F.Silkscreen
  6
CONTINUOUS
100
AcDbLine
 10
5.0222869291338581
 20
-5.5497109842519681
 30
0
 11
5.0223434645669291
 21
-5.54976
 31
0
  0
LINE
  5
497
330
1B
100
AcDbEntity
  8
F.Silkscreen
  6
CONTINUOUS
100
AcDbLine
 10
5.0223434645669291
 20
-5.54976
 30
0
 11
5.0226350393700789
 21
-5.5499435433070863
 31
0
  0
LINE
  5
498
330
1B
100
AcDbEntity
  8
F.Silkscreen
  6
CONTINUOUS
100
AcDbLine
 10
5.0226350393700789
 20
-5.5499435433070863
 30
0
 11
5.0226994094488191
 21
-5.5500177559055119
 31
0
  0
LINE
  5
499
330
1B
100
AcDbEntity
  8
F.Silkscreen
  6
CONTINUOUS
100
AcDbLine
 10
5.0226994094488191
 20
-5.5500177559055119
 30
0
 11
5.0227637795275593
 21
-5.5499435433070863
 31
0
  0
LINE
  5
49A
330
1B
100
AcDbEntity
  8
F.Silkscreen
  6
CONTINUOUS
100
AcDbLine
 10
5.0227637795275593
 20
-5.5499435433070863
 30
0
 11
5.0230553149606294
 21
-5.54976
 31
0
  0
LINE
  5
49B
330
1B
100
AcDbEntity
  8
F.Silkscreen
  6
CONTINUOUS
100
AcDbLine
 10
5.0230553149606294
 20
-5.54976
 30
0
 11
5.0231118897637792
 21
-5.5497109842519681
 31
0
  0
LINE
  5
49C
330
1B
100
AcDbEntity
  8
F.Silkscreen
  6
CONTINUOUS
100
AcDbLine
 10
5.0231118897637792
 20
-5.5497109842519681
 30
0
 11
5.0231572834645668
 21
-5.5496958267716536
 31
0
  0
LINE
  5
49D
330
1B
100
AcDbEntity
  8
F.Silkscreen
  6
CONTINUOUS
100
AcDbLine
 10
5.0231572834645668
 20
-5.5496958267716536
 30
0
 11
5.0232536614173231
 21
-5.5496351968503932
 31
0
  0
LINE
  5
49E
330
1B
100
AcDbEntity
  8
F.Silkscreen
  6
CONTINUOUS
100
AcDbLine
 10
5.0232536614173231
 20
-5.5496351968503932
 30
0
 11
5.0270031889763782
 21
-5.5477604330708656
 31
0
  0
LINE
  5
49F
330
1B
100
AcDbEntity
  8
F.Silkscreen
  6
CONTINUOUS
100
AcDbLine
 10
5.0270031889763782
 20
-5.5477604330708656
 30
0
 11
5.0275437795275586
 21
-5.5475535433070862
 31
0
  0
LINE
  5
4A0
330
1B
100
AcDbEntity
  8
F.Silkscreen
  6
CONTINUOUS
100
AcDbLine
 10
5.0275437795275586
 20
-5.5475535433070862
 30
0
 11
5.0276496456692916
 21
-5.5475459842519683
 31
0
  0
LINE
  5
4A1
330
1B
100
AcDbEntity
  8
F.Silkscreen
  6
CONTINUOUS
100
AcDbLine
 10
5.0276496456692916
 20
-5.5475459842519683
 30
0
 11
5.0277476377952759
 21
-5.5475054330708664
 31
0
  0
LINE
  5
4A2
330
1B
100
AcDbEntity
  8
F.Silkscreen
  6
CONTINUOUS
100
AcDbLine
 10
5.0277476377952759
 20
-5.5475054330708664
 30
0
 11
5.0283237007874018
 21
-5.5474487007874016
 31
0
  0
LINE
  5
4A3
330
1B
100
AcDbEntity
  8
F.Silkscreen
  6
CONTINUOUS
100
AcDbLine
 10
5.0283237007874018
 20
-5.5474487007874016
 30
0
 11
5.0339479921259844
 21
-5.5474487007874016
 31
0
  0
LINE
  5
4A4
330
1B
100
AcDbEntity
  8
F.Silkscreen
  6
CONTINUOUS
100
AcDbLine
 10
5.0339479921259844
 20
-5.5474487007874016
 30
0
 11
5.0345240551181103
 21
-5.5475054330708664
 31
0
  0
LINE
  5
4A5
330
1B
100
AcDbEntity
  8
F.Silkscreen
  6
CONTINUOUS
100
AcDbLine
 10
5.0345240551181103
 20
-5.5475054330708664
 30
0
 11
5.0346220472440946
 21
-5.5475460236220471
 31
0
  0
LINE
  5
4A6
330
1B
100
AcDbEntity
  8
F.Silkscreen
  6
CONTINUOUS
100
AcDbLine
 10
5.0346220472440946
 20
-5.5475460236220471
 30
0
 11
5.034727874015748
 21
-5.5475535433070862
 31
0
  0
LINE
  5
4A7
330
1B
100
AcDbEntity
  8
F.Silkscreen
  6
CONTINUOUS
100
AcDbLine
 10
5.034727874015748
 20
-5.5475535433070862
 30
0
 11
5.035268503937008
 21
-5.5477604330708656
 31
0
  0
LINE
  5
4A8
330
1B
100
AcDbEntity
  8
F.Silkscreen
  6
CONTINUOUS
100
AcDbLine
 10
5.035268503937008
 20
-5.5477604330708656
 30
0
 11
5.0390180708661418
 21
-5.5496351968503932
 31
0
  0
LINE
  5
4A9
330
1B
100
AcDbEntity
  8
F.Silkscreen
  6
CONTINUOUS
100
AcDbLine
 10
5.0390180708661418
 20
-5.5496351968503932
 30
0
 11
5.0391143700787397
 21
-5.5496958267716536
 31
0
  0
LINE
  5
4AA
330
1B
100
AcDbEntity
  8
F.Silkscreen
  6
CONTINUOUS
100
AcDbLine
 10
5.0391143700787397
 20
-5.5496958267716536
 30
0
 11
5.0391598425196849
 21
-5.5497109842519681
 31
0
  0
LINE
  5
4AB
330
1B
100
AcDbEntity
  8
F.Silkscreen
  6
CONTINUOUS
100
AcDbLine
 10
5.0391598425196849
 20
-5.5497109842519681
 30
0
 11
5.0392164173228347
 21
-5.5497600393700788
 31
0
  0
LINE
  5
4AC
330
1B
100
AcDbEntity
  8
F.Silkscreen
  6
CONTINUOUS
100
AcDbLine
 10
5.0392164173228347
 20
-5.5497600393700788
 30
0
 11
5.0395079133858269
 21
-5.5499435433070863
 31
0
  0
LINE
  5
4AD
330
1B
100
AcDbEntity
  8
F.Silkscreen
  6
CONTINUOUS
100
AcDbLine
 10
5.0395079133858269
 20
-5.5499435433070863
 30
0
 11
5.0397503937007873
 21
-5.5502231496062988
 31
0
  0
LINE
  5
4AE
330
1B
100
AcDbEntity
  8
F.Silkscreen
  6
CONTINUOUS
100
AcDbLine
 10
5.0397503937007873
 20
-5.5502231496062988
 30
0
 11
5.0400302362204723
 21
-5.5504658267716538
 31
0
  0
LINE
  5
4AF
330
1B
100
AcDbEntity
  8
F.Silkscreen
  6
CONTINUOUS
100
AcDbLine
 10
5.0400302362204723
 20
-5.5504658267716538
 30
0
 11
5.0402137401574798
 21
-5.5507573622047239
 31
0
  0
LINE
  5
4B0
330
1B
100
AcDbEntity
  8
F.Silkscreen
  6
CONTINUOUS
100
AcDbLine
 10
5.0402137401574798
 20
-5.5507573622047239
 30
0
 11
5.0402627952755905
 21
-5.5508139370078737
 31
0
  0
LINE
  5
4B1
330
1B
100
AcDbEntity
  8
F.Silkscreen
  6
CONTINUOUS
100
AcDbLine
 10
5.0402627952755905
 20
-5.5508139370078737
 30
0
 11
5.0402779133858271
 21
-5.5508593307086613
 31
0
  0
LINE
  5
4B2
330
1B
100
AcDbEntity
  8
F.Silkscreen
  6
CONTINUOUS
100
AcDbLine
 10
5.0402779133858271
 20
-5.5508593307086613
 30
0
 11
5.0403385826771654
 21
-5.5509557086614176
 31
0
  0
LINE
  5
4B3
330
1B
100
AcDbEntity
  8
F.Silkscreen
  6
CONTINUOUS
100
AcDbLine
 10
5.0403385826771654
 20
-5.5509557086614176
 30
0
 11
5.0422133464566929
 21
-5.5547052362204727
 31
0
  0
LINE
  5
4B4
330
1B
100
AcDbEntity
  8
F.Silkscreen
  6
CONTINUOUS
100
AcDbLine
 10
5.0422133464566929
 20
-5.5547052362204727
 30
0
 11
5.0424202362204724
 21
-5.5552458267716531
 31
0
  0
LINE
  5
4B5
330
1B
100
AcDbEntity
  8
F.Silkscreen
  6
CONTINUOUS
100
AcDbLine
 10
5.0424202362204724
 20
-5.5552458267716531
 30
0
 11
5.0424277559055115
 21
-5.5553516929133853
 31
0
  0
LINE
  5
4B6
330
1B
100
AcDbEntity
  8
F.Silkscreen
  6
CONTINUOUS
100
AcDbLine
 10
5.0424277559055115
 20
-5.5553516929133853
 30
0
 11
5.0424683464566931
 21
-5.5554496850393695
 31
0
  0
LINE
  5
4B7
330
1B
100
AcDbEntity
  8
F.Silkscreen
  6
CONTINUOUS
100
AcDbLine
 10
5.0424683464566931
 20
-5.5554496850393695
 30
0
 11
5.042525078740157
 21
-5.5560257480314963
 31
0
  0
LINE
  5
4B8
330
1B
100
AcDbEntity
  8
F.Silkscreen
  6
CONTINUOUS
100
AcDbLine
 10
5.042525078740157
 20
-5.5560257480314963
 30
0
 11
5.042525078740157
 21
-5.5766481889763782
 31
0
  0
LINE
  5
4B9
330
1B
100
AcDbEntity
  8
F.Silkscreen
  6
CONTINUOUS
100
AcDbLine
 10
5.042525078740157
 20
-5.5766481889763782
 30
0
 11
5.0424683464566931
 21
-5.577224251968504
 31
0
  0
LINE
  5
4BA
330
1B
100
AcDbEntity
  8
F.Silkscreen
  6
CONTINUOUS
100
AcDbLine
 10
5.0424683464566931
 20
-5.577224251968504
 30
0
 11
5.0420274409448815
 21
-5.5782886614173224
 31
0
  0
LINE
  5
4BB
330
1B
100
AcDbEntity
  8
F.Silkscreen
  6
CONTINUOUS
100
AcDbLine
 10
5.0420274409448815
 20
-5.5782886614173224
 30
0
 11
5.0412127952755901
 21
-5.5791033070866138
 31
0
  0
LINE
  5
4BC
330
1B
100
AcDbEntity
  8
F.Silkscreen
  6
CONTINUOUS
100
AcDbLine
 10
5.0412127952755901
 20
-5.5791033070866138
 30
0
 11
5.0401483858267717
 21
-5.5795442125984254
 31
0
  0
LINE
  5
4BD
330
1B
100
AcDbEntity
  8
F.Silkscreen
  6
CONTINUOUS
100
AcDbLine
 10
5.0401483858267717
 20
-5.5795442125984254
 30
0
 11
5.03899625984252
 21
-5.5795442125984254
 31
0
  0
LINE
  5
4BE
330
1B
100
AcDbEntity
  8
F.Silkscreen
  6
CONTINUOUS
100
AcDbLine
 10
5.03899625984252
 20
-5.5795442125984254
 30
0
 11
5.0379318503937007
 21
-5.5791033070866138
 31
0
  0
LINE
  5
4BF
330
1B
100
AcDbEntity
  8
F.Silkscreen
  6
CONTINUOUS
100
AcDbLine
 10
5.0379318503937007
 20
-5.5791033070866138
 30
0
 11
5.0371172047244093
 21
-5.5782886614173224
 31
0
  0
LINE
  5
4C0
330
1B
100
AcDbEntity
  8
F.Silkscreen
  6
CONTINUOUS
100
AcDbLine
 10
5.0371172047244093
 20
-5.5782886614173224
 30
0
 11
5.0366762992125986
 21
-5.577224251968504
 31
0
  0
LINE
  5
4C1
330
1B
100
AcDbEntity
  8
F.Silkscreen
  6
CONTINUOUS
100
AcDbLine
 10
5.0366762992125986
 20
-5.577224251968504
 30
0
 11
5.0366195669291338
 21
-5.5766481889763782
 31
0
  0
LINE
  5
4C2
330
1B
100
AcDbEntity
  8
F.Silkscreen
  6
CONTINUOUS
100
AcDbLine
 10
5.0366195669291338
 20
-5.5766481889763782
 30
0
 11
5.0366195669291338
 21
-5.55672279527559
 31
0
  0
LINE
  5
4C3
330
1B
100
AcDbEntity
  8
F.Silkscreen
  6
CONTINUOUS
100
AcDbLine
 10
5.0366195669291338
 20
-5.55672279527559
 30
0
 11
5.0354966929133855
 21
-5.5544770472440943
 31
0
  0
LINE
  5
4C4
330
1B
100
AcDbEntity
  8
F.Silkscreen
  6
CONTINUOUS
100
AcDbLine
 10
5.0354966929133855
 20
-5.5544770472440943
 30
0
 11
5.0332509448818898
 21
-5.5533542125984248
 31
0
  0
LINE
  5
4C5
330
1B
100
AcDbEntity
  8
F.Silkscreen
  6
CONTINUOUS
100
AcDbLine
 10
5.0332509448818898
 20
-5.5533542125984248
 30
0
 11
5.0290207480314963
 21
-5.5533542125984248
 31
0
  0
LINE
  5
4C6
330
1B
100
AcDbEntity
  8
F.Silkscreen
  6
CONTINUOUS
100
AcDbLine
 10
5.0290207480314963
 20
-5.5533542125984248
 30
0
 11
5.0267749999999998
 21
-5.5544770472440943
 31
0
  0
LINE
  5
4C7
330
1B
100
AcDbEntity
  8
F.Silkscreen
  6
CONTINUOUS
100
AcDbLine
 10
5.0267749999999998
 20
-5.5544770472440943
 30
0
 11
5.0256521653543302
 21
-5.55672279527559
 31
0
  0
LINE
  5
4C8
330
1B
100
AcDbEntity
  8
F.Silkscreen
  6
CONTINUOUS
100
AcDbLine
 10
5.0256521653543302
 20
-5.55672279527559
 30
0
 11
5.0256521653543302
 21
-5.5766481889763782
 31
0
  0
LINE
  5
4C9
330
1B
100
AcDbEntity
  8
F.Silkscreen
  6
CONTINUOUS
100
AcDbLine
 10
5.0256521653543302
 20
-5.5766481889763782
 30
0
 11
5.0255954330708663
 21
-5.577224251968504
 31
0
  0
LINE
  5
4CA
330
1B
100
AcDbEntity
  8
F.Silkscreen
  6
CONTINUOUS
100
AcDbLine
 10
5.0255954330708663
 20
-5.577224251968504
 30
0
 11
5.0251545275590548
 21
-5.5782886614173224
 31
0
  0
LINE
  5
4CB
330
1B
100
AcDbEntity
  8
F.Silkscreen
  6
CONTINUOUS
100
AcDbLine
 10
5.0251545275590548
 20
-5.5782886614173224
 30
0
 11
5.0243398818897633
 21
-5.5791033070866138
 31
0
  0
LINE
  5
4CC
330
1B
100
AcDbEntity
  8
F.Silkscreen
  6
CONTINUOUS
100
AcDbLine
 10
5.0243398818897633
 20
-5.5791033070866138
 30
0
 11
5.023275472440945
 21
-5.5795442125984254
 31
0
  0
LINE
  5
4CD
330
1B
100
AcDbEntity
  8
F.Silkscreen
  6
CONTINUOUS
100
AcDbLine
 10
5.023275472440945
 20
-5.5795442125984254
 30
0
 11
5.0221233464566932
 21
-5.5795442125984254
 31
0
  0
LINE
  5
4CE
330
1B
100
AcDbEntity
  8
F.Silkscreen
  6
CONTINUOUS
100
AcDbLine
 10
5.0221233464566932
 20
-5.5795442125984254
 30
0
 11
5.021058937007874
 21
-5.5791033070866138
 31
0
  0
LINE
  5
4CF
330
1B
100
AcDbEntity
  8
F.Silkscreen
  6
CONTINUOUS
100
AcDbLine
 10
5.021058937007874
 20
-5.5791033070866138
 30
0
 11
5.0202442913385825
 21
-5.5782886614173224
 31
0
  0
LINE
  5
4D0
330
1B
100
AcDbEntity
  8
F.Silkscreen
  6
CONTINUOUS
100
AcDbLine
 10
5.0202442913385825
 20
-5.5782886614173224
 30
0
 11
5.0198033858267719
 21
-5.577224251968504
 31
0
  0
LINE
  5
4D1
330
1B
100
AcDbEntity
  8
F.Silkscreen
  6
CONTINUOUS
100
AcDbLine
 10
5.0198033858267719
 20
-5.577224251968504
 30
0
 11
5.0197466535433071
 21
-5.5766481889763782
 31
0
  0
LINE
  5
4D2
330
1B
100
AcDbEntity
  8
F.Silkscreen
  6
CONTINUOUS
100
AcDbLine
 10
5.0197466535433071
 20
-5.5766481889763782
 30
0
 11
5.0197466535433071
 21
-5.55672279527559
 31
0
  0
LINE
  5
4D3
330
1B
100
AcDbEntity
  8
F.Silkscreen
  6
CONTINUOUS
100
AcDbLine
 10
5.0197466535433071
 20
-5.55672279527559
 30
0
 11
5.0186237795275588
 21
-5.5544770472440943
 31
0
  0
LINE
  5
4D4
330
1B
100
AcDbEntity
  8
F.Silkscreen
  6
CONTINUOUS
100
AcDbLine
 10
5.0186237795275588
 20
-5.5544770472440943
 30
0
 11
5.0163780708661418
 21
-5.5533542125984248
 31
0
  0
LINE
  5
4D5
330
1B
100
AcDbEntity
  8
F.Silkscreen
  6
CONTINUOUS
100
AcDbLine
 10
5.0163780708661418
 20
-5.5533542125984248
 30
0
 11
5.0121478740157484
 21
-5.5533542125984248
 31
0
  0
LINE
  5
4D6
330
1B
100
AcDbEntity
  8
F.Silkscreen
  6
CONTINUOUS
100
AcDbLine
 10
5.0121478740157484
 20
-5.5533542125984248
 30
0
 11
5.0094503937007877
 21
-5.5547029527559051
 31
0
  0
LINE
  5
4D7
330
1B
100
AcDbEntity
  8
F.Silkscreen
  6
CONTINUOUS
100
AcDbLine
 10
5.0094503937007877
 20
-5.5547029527559051
 30
0
 11
5.0087792913385822
 21
-5.5553740551181097
 31
0
  0
LINE
  5
4D8
330
1B
100
AcDbEntity
  8
F.Silkscreen
  6
CONTINUOUS
100
AcDbLine
 10
5.0087792913385822
 20
-5.5553740551181097
 30
0
 11
5.0087792913385822
 21
-5.5766481889763782
 31
0
  0
LINE
  5
4D9
330
1B
100
AcDbEntity
  8
F.Silkscreen
  6
CONTINUOUS
100
AcDbLine
 10
5.0087792913385822
 20
-5.5766481889763782
 30
0
 11
5.0087225590551183
 21
-5.577224251968504
 31
0
  0
LINE
  5
4DA
330
1B
100
AcDbEntity
  8
F.Silkscreen
  6
CONTINUOUS
100
AcDbLine
 10
5.0087225590551183
 20
-5.577224251968504
 30
0
 11
5.0082816535433068
 21
-5.5782886614173224
 31
0
  0
LINE
  5
4DB
330
1B
100
AcDbEntity
  8
F.Silkscreen
  6
CONTINUOUS
100
AcDbLine
 10
5.0082816535433068
 20
-5.5782886614173224
 30
0
 11
5.0074670078740153
 21
-5.5791033070866138
 31
0
  0
LINE
  5
4DC
330
1B
100
AcDbEntity
  8
F.Silkscreen
  6
CONTINUOUS
100
AcDbLine
 10
5.0074670078740153
 20
-5.5791033070866138
 30
0
 11
5.006402598425197
 21
-5.5795442125984254
 31
0
  0
LINE
  5
4DD
330
1B
100
AcDbEntity
  8
F.Silkscreen
  6
CONTINUOUS
100
AcDbLine
 10
5.006402598425197
 20
-5.5795442125984254
 30
0
 11
5.0052504724409443
 21
-5.5795442125984254
 31
0
  0
LINE
  5
4DE
330
1B
100
AcDbEntity
  8
F.Silkscreen
  6
CONTINUOUS
100
AcDbLine
 10
5.0052504724409443
 20
-5.5795442125984254
 30
0
 11
5.004186062992126
 21
-5.5791033070866138
 31
0
  0
LINE
  5
4DF
330
1B
100
AcDbEntity
  8
F.Silkscreen
  6
CONTINUOUS
100
AcDbLine
 10
5.004186062992126
 20
-5.5791033070866138
 30
0
 11
5.0033714173228345
 21
-5.5782886614173224
 31
0
  0
LINE
  5
4E0
330
1B
100
AcDbEntity
  8
F.Silkscreen
  6
CONTINUOUS
100
AcDbLine
 10
5.0033714173228345
 20
-5.5782886614173224
 30
0
 11
5.0029305118110239
 21
-5.577224251968504
 31
0
  0
LINE
  5
4E1
330
1B
100
AcDbEntity
  8
F.Silkscreen
  6
CONTINUOUS
100
AcDbLine
 10
5.0029305118110239
 20
-5.577224251968504
 30
0
 11
5.0028737795275591
 21
-5.5766481889763782
 31
0
  0
LINE
  5
4E2
330
1B
100
AcDbEntity
  8
F.Silkscreen
  6
CONTINUOUS
100
AcDbLine
 10
5.0028737795275591
 20
-5.5766481889763782
 30
0
 11
5.0028737795275591
 21
-5.5504014566929136
 31
0
  0
LINE
  5
4E3
330
1B
100
AcDbEntity
  8
F.Silkscreen
  6
CONTINUOUS
100
AcDbLine
 10
5.0028737795275591
 20
-5.5504014566929136
 30
0
 11
5.0029305118110239
 21
-5.5498253937007869
 31
0
  0
LINE
  5
4E4
330
1B
100
AcDbEntity
  8
F.Silkscreen
  6
CONTINUOUS
100
AcDbLine
 10
5.0029305118110239
 20
-5.5498253937007869
 30
0
 11
5.0033714173228345
 21
-5.5487609842519685
 31
0
  0
LINE
  5
4E5
330
1B
100
AcDbEntity
  8
F.Silkscreen
  6
CONTINUOUS
100
AcDbLine
 10
5.0033714173228345
 20
-5.5487609842519685
 30
0
 11
5.004186062992126
 21
-5.5479463385826771
 31
0
  0
LINE
  5
4E6
330
1B
100
AcDbEntity
  8
F.Silkscreen
  6
CONTINUOUS
100
AcDbLine
 10
5.004186062992126
 20
-5.5479463385826771
 30
0
 11
5.0052504724409443
 21
-5.5475054330708664
 31
0
  0
LINE
  5
4E7
330
1B
100
AcDbEntity
  8
F.Silkscreen
  6
CONTINUOUS
100
AcDbLine
 10
5.0052504724409443
 20
-5.5475054330708664
 30
0
 11
5.006402598425197
 21
-5.5475054330708664
 31
0
  0
LINE
  5
4E8
330
1B
100
AcDbEntity
  8
F.Silkscreen
  6
CONTINUOUS
100
AcDbLine
 10
5.006402598425197
 20
-5.5475054330708664
 30
0
 11
5.0074670078740153
 21
-5.5479463385826771
 31
0
  0
LINE
  5
4E9
330
1B
100
AcDbEntity
  8
F.Silkscreen
  6
CONTINUOUS
100
AcDbLine
 10
5.0074670078740153
 20
-5.5479463385826771
 30
0
 11
5.0082308267716531
 21
-5.5487101574803148
 31
0
  0
LINE
  5
4EA
330
1B
100
AcDbEntity
  8
F.Silkscreen
  6
CONTINUOUS
100
AcDbLine
 10
5.0082308267716531
 20
-5.5487101574803148
 30
0
 11
5.0101303149606302
 21
-5.5477604330708656
 31
0
  0
LINE
  5
4EB
330
1B
100
AcDbEntity
  8
F.Silkscreen
  6
CONTINUOUS
100
AcDbLine
 10
5.0101303149606302
 20
-5.5477604330708656
 30
0
 11
5.0106709055118106
 21
-5.5475535433070862
 31
0
  0
LINE
  5
4EC
330
1B
100
AcDbEntity
  8
F.Silkscreen
  6
CONTINUOUS
100
AcDbLine
 10
5.0106709055118106
 20
-5.5475535433070862
 30
0
 11
5.0107767716535436
 21
-5.5475459842519683
 31
0
  0
LINE
  5
4ED
330
1B
100
AcDbEntity
  8
F.Silkscreen
  6
CONTINUOUS
100
AcDbLine
 10
5.0107767716535436
 20
-5.5475459842519683
 30
0
 11
5.010874763779527
 21
-5.5475054330708664
 31
0
  0
LINE
  5
4EE
330
1B
100
AcDbEntity
  8
F.Silkscreen
  6
CONTINUOUS
100
AcDbLine
 10
5.010874763779527
 20
-5.5475054330708664
 30
0
 11
5.0114508267716538
 21
-5.5474487007874016
 31
0
  0
LINE
  5
4EF
330
1B
100
AcDbEntity
  8
F.Silkscreen
  6
CONTINUOUS
100
AcDbLine
 10
5.0114508267716538
 20
-5.5474487007874016
 30
0
 11
5.0170751181102364
 21
-5.5474487007874016
 31
0
  0
LINE
  5
4F0
330
1B
100
AcDbEntity
  8
F.Silkscreen
  6
CONTINUOUS
100
AcDbLine
 10
5.0170751181102364
 20
-5.5474487007874016
 30
0
 11
5.0176511811023623
 21
-5.5475054330708664
 31
0
  0
LINE
  5
4F1
330
1B
100
AcDbEntity
  8
F.Silkscreen
  6
CONTINUOUS
100
AcDbLine
 10
5.4597288582677166
 20
-5.4604922440944881
 30
0
 11
5.4600514960629916
 21
-5.4604952362204724
 31
0
  0
LINE
  5
4F2
330
1B
100
AcDbEntity
  8
F.Silkscreen
  6
CONTINUOUS
100
AcDbLine
 10
5.4600514960629916
 20
-5.4604952362204724
 30
0
 11
5.4601714566929136
 21
-5.4605462204724411
 31
0
  0
LINE
  5
4F3
330
1B
100
AcDbEntity
  8
F.Silkscreen
  6
CONTINUOUS
100
AcDbLine
 10
5.4601714566929136
 20
-5.4605462204724411
 30
0
 11
5.4603011417322831
 21
-5.4605587795275587
 31
0
  0
LINE
  5
4F4
330
1B
100
AcDbEntity
  8
F.Silkscreen
  6
CONTINUOUS
100
AcDbLine
 10
5.4603011417322831
 20
-5.4605587795275587
 30
0
 11
5.4604161417322832
 21
-5.4606199606299208
 31
0
  0
LINE
  5
4F5
330
1B
100
AcDbEntity
  8
F.Silkscreen
  6
CONTINUOUS
100
AcDbLine
 10
5.4604161417322832
 20
-5.4606199606299208
 30
0
 11
5.460544330708661
 21
-5.4606438188976378
 31
0
  0
LINE
  5
4F6
330
1B
100
AcDbEntity
  8
F.Silkscreen
  6
CONTINUOUS
100
AcDbLine
 10
5.460544330708661
 20
-5.4606438188976378
 30
0
 11
5.4608148818897639
 21
-5.46081968503937
 31
0
  0
LINE
  5
4F7
330
1B
100
AcDbEntity
  8
F.Silkscreen
  6
CONTINUOUS
100
AcDbLine
 10
5.4608148818897639
 20
-5.46081968503937
 30
0
 11
5.4611118110236223
 21
-5.460945905511811
 31
0
  0
LINE
  5
4F8
330
1B
100
AcDbEntity
  8
F.Silkscreen
  6
CONTINUOUS
100
AcDbLine
 10
5.4611118110236223
 20
-5.460945905511811
 30
0
 11
5.4612030314960629
 21
-5.4610388582677167
 31
0
  0
LINE
  5
4F9
330
1B
100
AcDbEntity
  8
F.Silkscreen
  6
CONTINUOUS
100
AcDbLine
 10
5.4612030314960629
 20
-5.4610388582677167
 30
0
 11
5.4613181496062992
 21
-5.4611001181102363
 31
0
  0
LINE
  5
4FA
330
1B
100
AcDbEntity
  8
F.Silkscreen
  6
CONTINUOUS
100
AcDbLine
 10
5.4613181496062992
 20
-5.4611001181102363
 30
0
 11
5.4614009842519682
 21
-5.4612007086614174
 31
0
  0
LINE
  5
4FB
330
1B
100
AcDbEntity
  8
F.Silkscreen
  6
CONTINUOUS
100
AcDbLine
 10
5.4614009842519682
 20
-5.4612007086614174
 30
0
 11
5.4615102362204722
 21
-5.4612717322834641
 31
0
  0
LINE
  5
4FC
330
1B
100
AcDbEntity
  8
F.Silkscreen
  6
CONTINUOUS
100
AcDbLine
 10
5.4615102362204722
 20
-5.4612717322834641
 30
0
 11
5.4616929921259842
 21
-5.4615379133858264
 31
0
  0
LINE
  5
4FD
330
1B
100
AcDbEntity
  8
F.Silkscreen
  6
CONTINUOUS
100
AcDbLine
 10
5.4616929921259842
 20
-5.4615379133858264
 30
0
 11
5.4619189370078738
 21
-5.4617680708661416
 31
0
  0
LINE
  5
4FE
330
1B
100
AcDbEntity
  8
F.Silkscreen
  6
CONTINUOUS
100
AcDbLine
 10
5.4619189370078738
 20
-5.4617680708661416
 30
0
 11
5.4619676377952757
 21
-5.4618888188976378
 31
0
  0
LINE
  5
4FF
330
1B
100
AcDbEntity
  8
F.Silkscreen
  6
CONTINUOUS
100
AcDbLine
 10
5.4619676377952757
 20
-5.4618888188976378
 30
0
 11
5.4620505511811022
 21
-5.4619894881889763
 31
0
  0
LINE
  5
500
330
1B
100
AcDbEntity
  8
F.Silkscreen
  6
CONTINUOUS
100
AcDbLine
 10
5.4620505511811022
 20
-5.4619894881889763
 30
0
 11
5.4620885433070869
 21
-5.4621140551181098
 31
0
  0
LINE
  5
501
330
1B
100
AcDbEntity
  8
F.Silkscreen
  6
CONTINUOUS
100
AcDbLine
 10
5.4620885433070869
 20
-5.4621140551181098
 30
0
 11
5.4621623622047242
 21
-5.4622215354330708
 31
0
  0
LINE
  5
502
330
1B
100
AcDbEntity
  8
F.Silkscreen
  6
CONTINUOUS
100
AcDbLine
 10
5.4621623622047242
 20
-5.4622215354330708
 30
0
 11
5.4622293307086611
 21
-5.4625373622047242
 31
0
  0
LINE
  5
503
330
1B
100
AcDbEntity
  8
F.Silkscreen
  6
CONTINUOUS
100
AcDbLine
 10
5.4622293307086611
 20
-5.4625373622047242
 30
0
 11
5.4623499999999998
 21
-5.4628364566929131
 31
0
  0
LINE
  5
504
330
1B
100
AcDbEntity
  8
F.Silkscreen
  6
CONTINUOUS
100
AcDbLine
 10
5.4623499999999998
 20
-5.4628364566929131
 30
0
 11
5.4623487795275594
 21
-5.4629667322834647
 31
0
  0
LINE
  5
505
330
1B
100
AcDbEntity
  8
F.Silkscreen
  6
CONTINUOUS
100
AcDbLine
 10
5.4623487795275594
 20
-5.4629667322834647
 30
0
 11
5.4623868503937008
 21
-5.4630914173228344
 31
0
  0
LINE
  5
506
330
1B
100
AcDbEntity
  8
F.Silkscreen
  6
CONTINUOUS
100
AcDbLine
 10
5.4623868503937008
 20
-5.4630914173228344
 30
0
 11
5.4623742913385822
 21
-5.4632210629921261
 31
0
  0
LINE
  5
507
330
1B
100
AcDbEntity
  8
F.Silkscreen
  6
CONTINUOUS
100
AcDbLine
 10
5.4623742913385822
 20
-5.4632210629921261
 30
0
 11
5.4624013385826773
 21
-5.4633485826771651
 31
0
  0
LINE
  5
508
330
1B
100
AcDbEntity
  8
F.Silkscreen
  6
CONTINUOUS
100
AcDbLine
 10
5.4624013385826773
 20
-5.4633485826771651
 30
0
 11
5.4623423622047245
 21
-5.4636658267716536
 31
0
  0
LINE
  5
509
330
1B
100
AcDbEntity
  8
F.Silkscreen
  6
CONTINUOUS
100
AcDbLine
 10
5.4623423622047245
 20
-5.4636658267716536
 30
0
 11
5.4623394094488189
 21
-5.4639885039370082
 31
0
  0
LINE
  5
50A
330
1B
100
AcDbEntity
  8
F.Silkscreen
  6
CONTINUOUS
100
AcDbLine
 10
5.4623394094488189
 20
-5.4639885039370082
 30
0
 11
5.4622824015748028
 21
-5.4641702755905515
 31
0
  0
LINE
  5
50B
330
1B
100
AcDbEntity
  8
F.Silkscreen
  6
CONTINUOUS
100
AcDbLine
 10
5.4622824015748028
 20
-5.4641702755905515
 30
0
 11
5.4622758661417325
 21
-5.4642381496062988
 31
0
  0
LINE
  5
50C
330
1B
100
AcDbEntity
  8
F.Silkscreen
  6
CONTINUOUS
100
AcDbLine
 10
5.4622758661417325
 20
-5.4642381496062988
 30
0
 11
5.4622401181102358
 21
-5.4643052755905508
 31
0
  0
LINE
  5
50D
330
1B
100
AcDbEntity
  8
F.Silkscreen
  6
CONTINUOUS
100
AcDbLine
 10
5.4622401181102358
 20
-5.4643052755905508
 30
0
 11
5.4621993700787401
 21
-5.4644352755905512
 31
0
  0
LINE
  5
50E
330
1B
100
AcDbEntity
  8
F.Silkscreen
  6
CONTINUOUS
100
AcDbLine
 10
5.4621993700787401
 20
-5.4644352755905512
 30
0
 11
5.4621908267716535
 21
-5.4644813385826767
 31
0
  0
LINE
  5
50F
330
1B
100
AcDbEntity
  8
F.Silkscreen
  6
CONTINUOUS
100
AcDbLine
 10
5.4621908267716535
 20
-5.4644813385826767
 30
0
 11
5.4621794881889763
 21
-5.4644987401574801
 31
0
  0
LINE
  5
510
330
1B
100
AcDbEntity
  8
F.Silkscreen
  6
CONTINUOUS
100
AcDbLine
 10
5.4621794881889763
 20
-5.4644987401574801
 30
0
 11
5.4621662992125986
 21
-5.4645408661417321
 31
0
  0
LINE
  5
511
330
1B
100
AcDbEntity
  8
F.Silkscreen
  6
CONTINUOUS
100
AcDbLine
 10
5.4621662992125986
 20
-5.4645408661417321
 30
0
 11
5.4426076377952759
 21
-5.5105567322834643
 31
0
  0
LINE
  5
512
330
1B
100
AcDbEntity
  8
F.Silkscreen
  6
CONTINUOUS
100
AcDbLine
 10
5.4426076377952759
 20
-5.5105567322834643
 30
0
 11
5.4423300787401576
 21
-5.5110646850393703
 31
0
  0
LINE
  5
513
330
1B
100
AcDbEntity
  8
F.Silkscreen
  6
CONTINUOUS
100
AcDbLine
 10
5.4423300787401576
 20
-5.5110646850393703
 30
0
 11
5.4415079527559058
 21
-5.5118718110236218
 31
0
  0
LINE
  5
514
330
1B
100
AcDbEntity
  8
F.Silkscreen
  6
CONTINUOUS
100
AcDbLine
 10
5.4415079527559058
 20
-5.5118718110236218
 30
0
 11
5.4404395275590547
 21
-5.5123028740157478
 31
0
  0
LINE
  5
515
330
1B
100
AcDbEntity
  8
F.Silkscreen
  6
CONTINUOUS
100
AcDbLine
 10
5.4404395275590547
 20
-5.5123028740157478
 30
0
 11
5.4392874803149605
 21
-5.5122922834645669
 31
0
  0
LINE
  5
516
330
1B
100
AcDbEntity
  8
F.Silkscreen
  6
CONTINUOUS
100
AcDbLine
 10
5.4392874803149605
 20
-5.5122922834645669
 30
0
 11
5.4382271653543306
 21
-5.5118416141732283
 31
0
  0
LINE
  5
517
330
1B
100
AcDbEntity
  8
F.Silkscreen
  6
CONTINUOUS
100
AcDbLine
 10
5.4382271653543306
 20
-5.5118416141732283
 30
0
 11
5.4374200393700782
 21
-5.5110194881889765
 31
0
  0
LINE
  5
518
330
1B
100
AcDbEntity
  8
F.Silkscreen
  6
CONTINUOUS
100
AcDbLine
 10
5.4374200393700782
 20
-5.5110194881889765
 30
0
 11
5.4369889763779522
 21
-5.5099510629921262
 31
0
  0
LINE
  5
519
330
1B
100
AcDbEntity
  8
F.Silkscreen
  6
CONTINUOUS
100
AcDbLine
 10
5.4369889763779522
 20
-5.5099510629921262
 30
0
 11
5.436999566929134
 21
-5.5087990157480311
 31
0
  0
LINE
  5
51A
330
1B
100
AcDbEntity
  8
F.Silkscreen
  6
CONTINUOUS
100
AcDbLine
 10
5.436999566929134
 20
-5.5087990157480311
 30
0
 11
5.4371726771653544
 21
-5.5082466535433072
 31
0
  0
LINE
  5
51B
330
1B
100
AcDbEntity
  8
F.Silkscreen
  6
CONTINUOUS
100
AcDbLine
 10
5.4371726771653544
 20
-5.5082466535433072
 30
0
 11
5.4520110629921259
 21
-5.4733361811023622
 31
0
  0
LINE
  5
51C
330
1B
100
AcDbEntity
  8
F.Silkscreen
  6
CONTINUOUS
100
AcDbLine
 10
5.4520110629921259
 20
-5.4733361811023622
 30
0
 11
5.3455363779527554
 21
-5.5610212598425193
 31
0
  0
LINE
  5
51D
330
1B
100
AcDbEntity
  8
F.Silkscreen
  6
CONTINUOUS
100
AcDbLine
 10
5.3455363779527554
 20
-5.5610212598425193
 30
0
 11
5.3453516929133853
 21
-5.5611450787401573
 31
0
  0
LINE
  5
51E
330
1B
100
AcDbEntity
  8
F.Silkscreen
  6
CONTINUOUS
100
AcDbLine
 10
5.3453516929133853
 20
-5.5611450787401573
 30
0
 11
5.3452997637795274
 21
-5.5611970472440948
 31
0
  0
LINE
  5
51F
330
1B
100
AcDbEntity
  8
F.Silkscreen
  6
CONTINUOUS
100
AcDbLine
 10
5.3452997637795274
 20
-5.5611970472440948
 30
0
 11
5.345233031496063
 21
-5.5612246850393703
 31
0
  0
LINE
  5
520
330
1B
100
AcDbEntity
  8
F.Silkscreen
  6
CONTINUOUS
100
AcDbLine
 10
5.345233031496063
 20
-5.5612246850393703
 30
0
 11
5.3450556299212595
 21
-5.5613436614173226
 31
0
  0
LINE
  5
521
330
1B
100
AcDbEntity
  8
F.Silkscreen
  6
CONTINUOUS
100
AcDbLine
 10
5.3450556299212595
 20
-5.5613436614173226
 30
0
 11
5.34463842519685
 21
-5.56147094488189
 31
0
  0
LINE
  5
522
330
1B
100
AcDbEntity
  8
F.Silkscreen
  6
CONTINUOUS
100
AcDbLine
 10
5.34463842519685
 20
-5.56147094488189
 30
0
 11
5.3442353543307082
 21
-5.5616379527559054
 31
0
  0
LINE
  5
523
330
1B
100
AcDbEntity
  8
F.Silkscreen
  6
CONTINUOUS
100
AcDbLine
 10
5.3442353543307082
 20
-5.5616379527559054
 30
0
 11
5.3440227165354326
 21
-5.561658858267716
 31
0
  0
LINE
  5
524
330
1B
100
AcDbEntity
  8
F.Silkscreen
  6
CONTINUOUS
100
AcDbLine
 10
5.3440227165354326
 20
-5.561658858267716
 30
0
 11
5.3439537007874014
 21
-5.5616799606299212
 31
0
  0
LINE
  5
525
330
1B
100
AcDbEntity
  8
F.Silkscreen
  6
CONTINUOUS
100
AcDbLine
 10
5.3439537007874014
 20
-5.5616799606299212
 30
0
 11
5.3438805905511808
 21
-5.5616728740157475
 31
0
  0
LINE
  5
526
330
1B
100
AcDbEntity
  8
F.Silkscreen
  6
CONTINUOUS
100
AcDbLine
 10
5.3438805905511808
 20
-5.5616728740157475
 30
0
 11
5.3436592913385823
 21
-5.5616946850393703
 31
0
  0
LINE
  5
527
330
1B
100
AcDbEntity
  8
F.Silkscreen
  6
CONTINUOUS
100
AcDbLine
 10
5.3436592913385823
 20
-5.5616946850393703
 30
0
 11
5.0735524409448818
 21
-5.5616946850393703
 31
0
  0
LINE
  5
528
330
1B
100
AcDbEntity
  8
F.Silkscreen
  6
CONTINUOUS
100
AcDbLine
 10
5.0735524409448818
 20
-5.5616946850393703
 30
0
 11
5.0729763779527559
 21
-5.5616379527559054
 31
0
  0
LINE
  5
529
330
1B
100
AcDbEntity
  8
F.Silkscreen
  6
CONTINUOUS
100
AcDbLine
 10
5.0729763779527559
 20
-5.5616379527559054
 30
0
 11
5.0719119685039367
 21
-5.5611970472440948
 31
0
  0
LINE
  5
52A
330
1B
100
AcDbEntity
  8
F.Silkscreen
  6
CONTINUOUS
100
AcDbLine
 10
5.0719119685039367
 20
-5.5611970472440948
 30
0
 11
5.0710973228346452
 21
-5.5603824015748033
 31
0
  0
LINE
  5
52B
330
1B
100
AcDbEntity
  8
F.Silkscreen
  6
CONTINUOUS
100
AcDbLine
 10
5.0710973228346452
 20
-5.5603824015748033
 30
0
 11
5.0706564173228346
 21
-5.5593179921259841
 31
0
  0
LINE
  5
52C
330
1B
100
AcDbEntity
  8
F.Silkscreen
  6
CONTINUOUS
100
AcDbLine
 10
5.0706564173228346
 20
-5.5593179921259841
 30
0
 11
5.0706564173228346
 21
-5.5581658661417324
 31
0
  0
LINE
  5
52D
330
1B
100
AcDbEntity
  8
F.Silkscreen
  6
CONTINUOUS
100
AcDbLine
 10
5.0706564173228346
 20
-5.5581658661417324
 30
0
 11
5.0710973228346452
 21
-5.5571014566929131
 31
0
  0
LINE
  5
52E
330
1B
100
AcDbEntity
  8
F.Silkscreen
  6
CONTINUOUS
100
AcDbLine
 10
5.0710973228346452
 20
-5.5571014566929131
 30
0
 11
5.0719119685039367
 21
-5.5562868110236217
 31
0
  0
LINE
  5
52F
330
1B
100
AcDbEntity
  8
F.Silkscreen
  6
CONTINUOUS
100
AcDbLine
 10
5.0719119685039367
 20
-5.5562868110236217
 30
0
 11
5.0729763779527559
 21
-5.555845905511811
 31
0
  0
LINE
  5
530
330
1B
100
AcDbEntity
  8
F.Silkscreen
  6
CONTINUOUS
100
AcDbLine
 10
5.0729763779527559
 20
-5.555845905511811
 30
0
 11
5.0735524409448818
 21
-5.5557891732283462
 31
0
  0
LINE
  5
531
330
1B
100
AcDbEntity
  8
F.Silkscreen
  6
CONTINUOUS
100
AcDbLine
 10
5.0735524409448818
 20
-5.5557891732283462
 30
0
 11
5.3425999212598425
 21
-5.5557891732283462
 31
0
  0
LINE
  5
532
330
1B
100
AcDbEntity
  8
F.Silkscreen
  6
CONTINUOUS
100
AcDbLine
 10
5.3425999212598425
 20
-5.5557891732283462
 30
0
 11
5.448256850393701
 21
-5.468777559055118
 31
0
  0
LINE
  5
533
330
1B
100
AcDbEntity
  8
F.Silkscreen
  6
CONTINUOUS
100
AcDbLine
 10
5.448256850393701
 20
-5.468777559055118
 30
0
 11
5.4111489763779526
 21
-5.4766464566929134
 31
0
  0
LINE
  5
534
330
1B
100
AcDbEntity
  8
F.Silkscreen
  6
CONTINUOUS
100
AcDbLine
 10
5.4111489763779526
 20
-5.4766464566929134
 30
0
 11
5.410573661417323
 21
-5.476710433070866
 31
0
  0
LINE
  5
535
330
1B
100
AcDbEntity
  8
F.Silkscreen
  6
CONTINUOUS
100
AcDbLine
 10
5.410573661417323
 20
-5.476710433070866
 30
0
 11
5.4094409448818892
 21
-5.4764999212598422
 31
0
  0
LINE
  5
536
330
1B
100
AcDbEntity
  8
F.Silkscreen
  6
CONTINUOUS
100
AcDbLine
 10
5.4094409448818892
 20
-5.4764999212598422
 30
0
 11
5.4084750393700789
 21
-5.475872007874016
 31
0
  0
LINE
  5
537
330
1B
100
AcDbEntity
  8
F.Silkscreen
  6
CONTINUOUS
100
AcDbLine
 10
5.4084750393700789
 20
-5.475872007874016
 30
0
 11
5.4078229133858269
 21
-5.4749222047244093
 31
0
  0
LINE
  5
538
330
1B
100
AcDbEntity
  8
F.Silkscreen
  6
CONTINUOUS
100
AcDbLine
 10
5.4078229133858269
 20
-5.4749222047244093
 30
0
 11
5.4075839370078738
 21
-5.4737951181102362
 31
0
  0
LINE
  5
539
330
1B
100
AcDbEntity
  8
F.Silkscreen
  6
CONTINUOUS
100
AcDbLine
 10
5.4075839370078738
 20
-5.4737951181102362
 30
0
 11
5.4077944488188976
 21
-5.4726624015748033
 31
0
  0
LINE
  5
53A
330
1B
100
AcDbEntity
  8
F.Silkscreen
  6
CONTINUOUS
100
AcDbLine
 10
5.4077944488188976
 20
-5.4726624015748033
 30
0
 11
5.4084223622047247
 21
-5.4716964960629921
 31
0
  0
LINE
  5
53B
330
1B
100
AcDbEntity
  8
F.Silkscreen
  6
CONTINUOUS
100
AcDbLine
 10
5.4084223622047247
 20
-5.4716964960629921
 30
0
 11
5.4093721653543305
 21
-5.4710443700787401
 31
0
  0
LINE
  5
53C
330
1B
100
AcDbEntity
  8
F.Silkscreen
  6
CONTINUOUS
100
AcDbLine
 10
5.4093721653543305
 20
-5.4710443700787401
 30
0
 11
5.409923937007874
 21
-5.4708693700787396
 31
0
  0
LINE
  5
53D
330
1B
100
AcDbEntity
  8
F.Silkscreen
  6
CONTINUOUS
100
AcDbLine
 10
5.409923937007874
 20
-5.4708693700787396
 30
0
 11
5.4588362992125985
 21
-5.4604972834645666
 31
0
  0
LINE
  5
53E
330
1B
100
AcDbEntity
  8
F.Silkscreen
  6
CONTINUOUS
100
AcDbLine
 10
5.4588362992125985
 20
-5.4604972834645666
 30
0
 11
5.4588801968503935
 21
-5.4604923622047243
 31
0
  0
LINE
  5
53F
330
1B
100
AcDbEntity
  8
F.Silkscreen
  6
CONTINUOUS
100
AcDbLine
 10
5.4588801968503935
 20
-5.4604923622047243
 30
0
 11
5.4588994488188973
 21
-5.4604846456692915
 31
0
  0
LINE
  5
540
330
1B
100
AcDbEntity
  8
F.Silkscreen
  6
CONTINUOUS
100
AcDbLine
 10
5.4588994488188973
 20
-5.4604846456692915
 30
0
 11
5.4589460629921263
 21
-5.460485039370079
 31
0
  0
LINE
  5
541
330
1B
100
AcDbEntity
  8
F.Silkscreen
  6
CONTINUOUS
100
AcDbLine
 10
5.4589460629921263
 20
-5.460485039370079
 30
0
 11
5.4590816535433069
 21
-5.4604699606299212
 31
0
  0
LINE
  5
542
330
1B
100
AcDbEntity
  8
F.Silkscreen
  6
CONTINUOUS
100
AcDbLine
 10
5.4590816535433069
 20
-5.4604699606299212
 30
0
 11
5.4591544094488187
 21
-5.4604477952755905
 31
0
  0
LINE
  5
543
330
1B
100
AcDbEntity
  8
F.Silkscreen
  6
CONTINUOUS
100
AcDbLine
 10
5.4591544094488187
 20
-5.4604477952755905
 30
0
 11
5.4592222440944882
 21
-5.4604543307086617
 31
0
  0
LINE
  5
544
330
1B
100
AcDbEntity
  8
F.Silkscreen
  6
CONTINUOUS
100
AcDbLine
 10
5.4592222440944882
 20
-5.4604543307086617
 30
0
 11
5.4594116141732281
 21
-5.460433307086614
 31
0
  0
LINE
  5
545
330
1B
100
AcDbEntity
  8
F.Silkscreen
  6
CONTINUOUS
100
AcDbLine
 10
5.4594116141732281
 20
-5.460433307086614
 30
0
 11
5.4597288582677166
 21
-5.4604922440944881
 31
0
  0
LINE
  5
546
330
1B
100
AcDbEntity
  8
F.Silkscreen
  6
CONTINUOUS
100
AcDbLine
 10
6.7224991732283463
 20
-3.5912430708661418
 30
0
 11
6.7232153937007872
 21
-3.5915306299212597
 31
0
  0
LINE
  5
547
330
1B
100
AcDbEntity
  8
F.Silkscreen
  6
CONTINUOUS
100
AcDbLine
 10
6.7232153937007872
 20
-3.5915306299212597
 30
0
 11
6.7618110236220472
 21
-3.6116222440944883
 31
0
  0
LINE
  5
548
330
1B
100
AcDbEntity
  8
F.Silkscreen
  6
CONTINUOUS
100
AcDbLine
 10
6.7618110236220472
 20
-3.6116222440944883
 30
0
 11
6.7618110236220472
 21
-3.5950228346456692
 31
0
  0
LINE
  5
549
330
1B
100
AcDbEntity
  8
F.Silkscreen
  6
CONTINUOUS
100
AcDbLine
 10
6.7618110236220472
 20
-3.5950228346456692
 30
0
 11
6.7618866535433071
 21
-3.5942547637795275
 31
0
  0
LINE
  5
54A
330
1B
100
AcDbEntity
  8
F.Silkscreen
  6
CONTINUOUS
100
AcDbLine
 10
6.7618866535433071
 20
-3.5942547637795275
 30
0
 11
6.7624745275590552
 21
-3.5928355511811021
 31
0
  0
LINE
  5
54B
330
1B
100
AcDbEntity
  8
F.Silkscreen
  6
CONTINUOUS
100
AcDbLine
 10
6.7624745275590552
 20
-3.5928355511811021
 30
0
 11
6.7635607480314963
 21
-3.5917493307086614
 31
0
  0
LINE
  5
54C
330
1B
100
AcDbEntity
  8
F.Silkscreen
  6
CONTINUOUS
100
AcDbLine
 10
6.7635607480314963
 20
-3.5917493307086614
 30
0
 11
6.7649799606299208
 21
-3.5911614566929133
 31
0
  0
LINE
  5
54D
330
1B
100
AcDbEntity
  8
F.Silkscreen
  6
CONTINUOUS
100
AcDbLine
 10
6.7649799606299208
 20
-3.5911614566929133
 30
0
 11
6.7665161023622042
 21
-3.5911614566929133
 31
0
  0
LINE
  5
54E
330
1B
100
AcDbEntity
  8
F.Silkscreen
  6
CONTINUOUS
100
AcDbLine
 10
6.7665161023622042
 20
-3.5911614566929133
 30
0
 11
6.7679353149606296
 21
-3.5917493307086614
 31
0
  0
LINE
  5
54F
330
1B
100
AcDbEntity
  8
F.Silkscreen
  6
CONTINUOUS
100
AcDbLine
 10
6.7679353149606296
 20
-3.5917493307086614
 30
0
 11
6.7690215354330707
 21
-3.5928355511811021
 31
0
  0
LINE
  5
550
330
1B
100
AcDbEntity
  8
F.Silkscreen
  6
CONTINUOUS
100
AcDbLine
 10
6.7690215354330707
 20
-3.5928355511811021
 30
0
 11
6.7696094094488188
 21
-3.5942547637795275
 31
0
  0
LINE
  5
551
330
1B
100
AcDbEntity
  8
F.Silkscreen
  6
CONTINUOUS
100
AcDbLine
 10
6.7696094094488188
 20
-3.5942547637795275
 30
0
 11
6.7696850393700787
 21
-3.5950228346456692
 31
0
  0
LINE
  5
552
330
1B
100
AcDbEntity
  8
F.Silkscreen
  6
CONTINUOUS
100
AcDbLine
 10
6.7696850393700787
 20
-3.5950228346456692
 30
0
 11
6.7696850393700787
 21
-3.7522033464566928
 31
0
  0
LINE
  5
553
330
1B
100
AcDbEntity
  8
F.Silkscreen
  6
CONTINUOUS
100
AcDbLine
 10
6.7696850393700787
 20
-3.7522033464566928
 30
0
 11
7.0971031496062986
 21
-3.7522033464566928
 31
0
  0
LINE
  5
554
330
1B
100
AcDbEntity
  8
F.Silkscreen
  6
CONTINUOUS
100
AcDbLine
 10
7.0971031496062986
 20
-3.7522033464566928
 30
0
 11
7.0978712204724408
 21
-3.7522789763779527
 31
0
  0
LINE
  5
555
330
1B
100
AcDbEntity
  8
F.Silkscreen
  6
CONTINUOUS
100
AcDbLine
 10
7.0978712204724408
 20
-3.7522789763779527
 30
0
 11
7.0992904330708662
 21
-3.7528668503937008
 31
0
  0
LINE
  5
556
330
1B
100
AcDbEntity
  8
F.Silkscreen
  6
CONTINUOUS
100
AcDbLine
 10
7.0992904330708662
 20
-3.7528668503937008
 30
0
 11
7.1003766535433073
 21
-3.7539530708661415
 31
0
  0
LINE
  5
557
330
1B
100
AcDbEntity
  8
F.Silkscreen
  6
CONTINUOUS
100
AcDbLine
 10
7.1003766535433073
 20
-3.7539530708661415
 30
0
 11
7.1009645275590554
 21
-3.7553722834645669
 31
0
  0
LINE
  5
558
330
1B
100
AcDbEntity
  8
F.Silkscreen
  6
CONTINUOUS
100
AcDbLine
 10
7.1009645275590554
 20
-3.7553722834645669
 30
0
 11
7.1009645275590554
 21
-3.7569084251968503
 31
0
  0
LINE
  5
559
330
1B
100
AcDbEntity
  8
F.Silkscreen
  6
CONTINUOUS
100
AcDbLine
 10
7.1009645275590554
 20
-3.7569084251968503
 30
0
 11
7.1003766535433073
 21
-3.7583276377952757
 31
0
  0
LINE
  5
55A
330
1B
100
AcDbEntity
  8
F.Silkscreen
  6
CONTINUOUS
100
AcDbLine
 10
7.1003766535433073
 20
-3.7583276377952757
 30
0
 11
7.0992904330708662
 21
-3.7594138582677163
 31
0
  0
LINE
  5
55B
330
1B
100
AcDbEntity
  8
F.Silkscreen
  6
CONTINUOUS
100
AcDbLine
 10
7.0992904330708662
 20
-3.7594138582677163
 30
0
 11
7.0978712204724408
 21
-3.7600017322834645
 31
0
  0
LINE
  5
55C
330
1B
100
AcDbEntity
  8
F.Silkscreen
  6
CONTINUOUS
100
AcDbLine
 10
7.0978712204724408
 20
-3.7600017322834645
 30
0
 11
7.0971031496062986
 21
-3.7600773622047243
 31
0
  0
LINE
  5
55D
330
1B
100
AcDbEntity
  8
F.Silkscreen
  6
CONTINUOUS
100
AcDbLine
 10
7.0971031496062986
 20
-3.7600773622047243
 30
0
 11
7.0805037401574804
 21
-3.7600773622047243
 31
0
  0
LINE
  5
55E
330
1B
100
AcDbEntity
  8
F.Silkscreen
  6
CONTINUOUS
100
AcDbLine
 10
7.0805037401574804
 20
-3.7600773622047243
 30
0
 11
7.1005953543307081
 21
-3.7986729921259843
 31
0
  0
LINE
  5
55F
330
1B
100
AcDbEntity
  8
F.Silkscreen
  6
CONTINUOUS
100
AcDbLine
 10
7.1005953543307081
 20
-3.7986729921259843
 30
0
 11
7.1008829133858269
 21
-3.7993892125984252
 31
0
  0
LINE
  5
560
330
1B
100
AcDbEntity
  8
F.Silkscreen
  6
CONTINUOUS
100
AcDbLine
 10
7.1008829133858269
 20
-3.7993892125984252
 30
0
 11
7.101016811023622
 21
-3.8009194881889763
 31
0
  0
LINE
  5
561
330
1B
100
AcDbEntity
  8
F.Silkscreen
  6
CONTINUOUS
100
AcDbLine
 10
7.101016811023622
 20
-3.8009194881889763
 30
0
 11
7.1005548818897637
 21
-3.8023845669291338
 31
0
  0
LINE
  5
562
330
1B
100
AcDbEntity
  8
F.Silkscreen
  6
CONTINUOUS
100
AcDbLine
 10
7.1005548818897637
 20
-3.8023845669291338
 30
0
 11
7.0995674409448819
 21
-3.8035613385826772
 31
0
  0
LINE
  5
563
330
1B
100
AcDbEntity
  8
F.Silkscreen
  6
CONTINUOUS
100
AcDbLine
 10
7.0995674409448819
 20
-3.8035613385826772
 30
0
 11
7.0982048818897638
 21
-3.8042706299212599
 31
0
  0
LINE
  5
564
330
1B
100
AcDbEntity
  8
F.Silkscreen
  6
CONTINUOUS
100
AcDbLine
 10
7.0982048818897638
 20
-3.8042706299212599
 30
0
 11
7.096674566929134
 21
-3.8044044881889763
 31
0
  0
LINE
  5
565
330
1B
100
AcDbEntity
  8
F.Silkscreen
  6
CONTINUOUS
100
AcDbLine
 10
7.096674566929134
 20
-3.8044044881889763
 30
0
 11
7.0952095275590548
 21
-3.8039425590551179
 31
0
  0
LINE
  5
566
330
1B
100
AcDbEntity
  8
F.Silkscreen
  6
CONTINUOUS
100
AcDbLine
 10
7.0952095275590548
 20
-3.8039425590551179
 30
0
 11
7.0940327559055119
 21
-3.8029551574803149
 31
0
  0
LINE
  5
567
330
1B
100
AcDbEntity
  8
F.Silkscreen
  6
CONTINUOUS
100
AcDbLine
 10
7.0940327559055119
 20
-3.8029551574803149
 30
0
 11
7.0936110236220467
 21
-3.8023088188976377
 31
0
  0
LINE
  5
568
330
1B
100
AcDbEntity
  8
F.Silkscreen
  6
CONTINUOUS
100
AcDbLine
 10
7.0936110236220467
 20
-3.8023088188976377
 30
0
 11
7.0779527559055113
 21
-3.7722295669291337
 31
0
  0
LINE
  5
569
330
1B
100
AcDbEntity
  8
F.Silkscreen
  6
CONTINUOUS
100
AcDbLine
 10
7.0779527559055113
 20
-3.7722295669291337
 30
0
 11
7.0779527559055113
 21
-5.5102799999999998
 31
0
  0
LINE
  5
56A
330
1B
100
AcDbEntity
  8
F.Silkscreen
  6
CONTINUOUS
100
AcDbLine
 10
7.0779527559055113
 20
-5.5102799999999998
 30
0
 11
7.0936110236220467
 21
-5.480200787401575
 31
0
  0
LINE
  5
56B
330
1B
100
AcDbEntity
  8
F.Silkscreen
  6
CONTINUOUS
100
AcDbLine
 10
7.0936110236220467
 20
-5.480200787401575
 30
0
 11
7.0940327559055119
 21
-5.4795544488188979
 31
0
  0
LINE
  5
56C
330
1B
100
AcDbEntity
  8
F.Silkscreen
  6
CONTINUOUS
100
AcDbLine
 10
7.0940327559055119
 20
-5.4795544488188979
 30
0
 11
7.0952095275590548
 21
-5.4785670472440939
 31
0
  0
LINE
  5
56D
330
1B
100
AcDbEntity
  8
F.Silkscreen
  6
CONTINUOUS
100
AcDbLine
 10
7.0952095275590548
 20
-5.4785670472440939
 30
0
 11
7.096674566929134
 21
-5.4781051181102365
 31
0
  0
LINE
  5
56E
330
1B
100
AcDbEntity
  8
F.Silkscreen
  6
CONTINUOUS
100
AcDbLine
 10
7.096674566929134
 20
-5.4781051181102365
 30
0
 11
7.0982048818897638
 21
-5.4782389763779529
 31
0
  0
LINE
  5
56F
330
1B
100
AcDbEntity
  8
F.Silkscreen
  6
CONTINUOUS
100
AcDbLine
 10
7.0982048818897638
 20
-5.4782389763779529
 30
0
 11
7.0995674409448819
 21
-5.4789482677165351
 31
0
  0
LINE
  5
570
330
1B
100
AcDbEntity
  8
F.Silkscreen
  6
CONTINUOUS
100
AcDbLine
 10
7.0995674409448819
 20
-5.4789482677165351
 30
0
 11
7.1005548818897637
 21
-5.4801250393700789
 31
0
  0
LINE
  5
571
330
1B
100
AcDbEntity
  8
F.Silkscreen
  6
CONTINUOUS
100
AcDbLine
 10
7.1005548818897637
 20
-5.4801250393700789
 30
0
 11
7.101016811023622
 21
-5.481590118110236
 31
0
  0
LINE
  5
572
330
1B
100
AcDbEntity
  8
F.Silkscreen
  6
CONTINUOUS
100
AcDbLine
 10
7.101016811023622
 20
-5.481590118110236
 30
0
 11
7.1008829133858269
 21
-5.4831203937007871
 31
0
  0
LINE
  5
573
330
1B
100
AcDbEntity
  8
F.Silkscreen
  6
CONTINUOUS
100
AcDbLine
 10
7.1008829133858269
 20
-5.4831203937007871
 30
0
 11
7.1005953543307081
 21
-5.483836614173228
 31
0
  0
LINE
  5
574
330
1B
100
AcDbEntity
  8
F.Silkscreen
  6
CONTINUOUS
100
AcDbLine
 10
7.1005953543307081
 20
-5.483836614173228
 30
0
 11
7.0805037401574804
 21
-5.522432244094488
 31
0
  0
LINE
  5
575
330
1B
100
AcDbEntity
  8
F.Silkscreen
  6
CONTINUOUS
100
AcDbLine
 10
7.0805037401574804
 20
-5.522432244094488
 30
0
 11
7.0971031496062986
 21
-5.522432244094488
 31
0
  0
LINE
  5
576
330
1B
100
AcDbEntity
  8
F.Silkscreen
  6
CONTINUOUS
100
AcDbLine
 10
7.0971031496062986
 20
-5.522432244094488
 30
0
 11
7.0978712204724408
 21
-5.5225078740157478
 31
0
  0
LINE
  5
577
330
1B
100
AcDbEntity
  8
F.Silkscreen
  6
CONTINUOUS
100
AcDbLine
 10
7.0978712204724408
 20
-5.5225078740157478
 30
0
 11
7.0992904330708662
 21
-5.5230957480314959
 31
0
  0
LINE
  5
578
330
1B
100
AcDbEntity
  8
F.Silkscreen
  6
CONTINUOUS
100
AcDbLine
 10
7.0992904330708662
 20
-5.5230957480314959
 30
0
 11
7.1003766535433073
 21
-5.5241819685039371
 31
0
  0
LINE
  5
579
330
1B
100
AcDbEntity
  8
F.Silkscreen
  6
CONTINUOUS
100
AcDbLine
 10
7.1003766535433073
 20
-5.5241819685039371
 30
0
 11
7.1009645275590554
 21
-5.5256011811023624
 31
0
  0
LINE
  5
57A
330
1B
100
AcDbEntity
  8
F.Silkscreen
  6
CONTINUOUS
100
AcDbLine
 10
7.1009645275590554
 20
-5.5256011811023624
 30
0
 11
7.1009645275590554
 21
-5.5271373228346459
 31
0
  0
LINE
  5
57B
330
1B
100
AcDbEntity
  8
F.Silkscreen
  6
CONTINUOUS
100
AcDbLine
 10
7.1009645275590554
 20
-5.5271373228346459
 30
0
 11
7.1003766535433073
 21
-5.5285565354330704
 31
0
  0
LINE
  5
57C
330
1B
100
AcDbEntity
  8
F.Silkscreen
  6
CONTINUOUS
100
AcDbLine
 10
7.1003766535433073
 20
-5.5285565354330704
 30
0
 11
7.0992904330708662
 21
-5.5296427559055115
 31
0
  0
LINE
  5
57D
330
1B
100
AcDbEntity
  8
F.Silkscreen
  6
CONTINUOUS
100
AcDbLine
 10
7.0992904330708662
 20
-5.5296427559055115
 30
0
 11
7.0978712204724408
 21
-5.5302306299212596
 31
0
  0
LINE
  5
57E
330
1B
100
AcDbEntity
  8
F.Silkscreen
  6
CONTINUOUS
100
AcDbLine
 10
7.0978712204724408
 20
-5.5302306299212596
 30
0
 11
7.0971031496062986
 21
-5.5303062598425194
 31
0
  0
LINE
  5
57F
330
1B
100
AcDbEntity
  8
F.Silkscreen
  6
CONTINUOUS
100
AcDbLine
 10
7.0971031496062986
 20
-5.5303062598425194
 30
0
 11
6.7059112992125982
 21
-5.5303062598425194
 31
0
  0
LINE
  5
580
330
1B
100
AcDbEntity
  8
F.Silkscreen
  6
CONTINUOUS
100
AcDbLine
 10
6.7059112992125982
 20
-5.5303062598425194
 30
0
 11
6.7051432283464569
 21
-5.5302306299212596
 31
0
  0
LINE
  5
581
330
1B
100
AcDbEntity
  8
F.Silkscreen
  6
CONTINUOUS
100
AcDbLine
 10
6.7051432283464569
 20
-5.5302306299212596
 30
0
 11
6.7037240157480316
 21
-5.5296427559055115
 31
0
  0
LINE
  5
582
330
1B
100
AcDbEntity
  8
F.Silkscreen
  6
CONTINUOUS
100
AcDbLine
 10
6.7037240157480316
 20
-5.5296427559055115
 30
0
 11
6.7026377952755904
 21
-5.5285565354330704
 31
0
  0
LINE
  5
583
330
1B
100
AcDbEntity
  8
F.Silkscreen
  6
CONTINUOUS
100
AcDbLine
 10
6.7026377952755904
 20
-5.5285565354330704
 30
0
 11
6.7020499212598423
 21
-5.5271373228346459
 31
0
  0
LINE
  5
584
330
1B
100
AcDbEntity
  8
F.Silkscreen
  6
CONTINUOUS
100
AcDbLine
 10
6.7020499212598423
 20
-5.5271373228346459
 30
0
 11
6.7020499212598423
 21
-5.5256011811023624
 31
0
  0
LINE
  5
585
330
1B
100
AcDbEntity
  8
F.Silkscreen
  6
CONTINUOUS
100
AcDbLine
 10
6.7020499212598423
 20
-5.5256011811023624
 30
0
 11
6.7026377952755904
 21
-5.5241819685039371
 31
0
  0
LINE
  5
586
330
1B
100
AcDbEntity
  8
F.Silkscreen
  6
CONTINUOUS
100
AcDbLine
 10
6.7026377952755904
 20
-5.5241819685039371
 30
0
 11
6.7037240157480316
 21
-5.5230957480314959
 31
0
  0
LINE
  5
587
330
1B
100
AcDbEntity
  8
F.Silkscreen
  6
CONTINUOUS
100
AcDbLine
 10
6.7037240157480316
 20
-5.5230957480314959
 30
0
 11
6.7051432283464569
 21
-5.5225078740157478
 31
0
  0
LINE
  5
588
330
1B
100
AcDbEntity
  8
F.Silkscreen
  6
CONTINUOUS
100
AcDbLine
 10
6.7051432283464569
 20
-5.5225078740157478
 30
0
 11
6.7059112992125982
 21
-5.522432244094488
 31
0
  0
LINE
  5
589
330
1B
100
AcDbEntity
  8
F.Silkscreen
  6
CONTINUOUS
100
AcDbLine
 10
6.7059112992125982
 20
-5.522432244094488
 30
0
 11
7.0675277559055116
 21
-5.522432244094488
 31
0
  0
LINE
  5
58A
330
1B
100
AcDbEntity
  8
F.Silkscreen
  6
CONTINUOUS
100
AcDbLine
 10
7.0675277559055116
 20
-5.522432244094488
 30
0
 11
7.0474361417322831
 21
-5.483836614173228
 31
0
  0
LINE
  5
58B
330
1B
100
AcDbEntity
  8
F.Silkscreen
  6
CONTINUOUS
100
AcDbLine
 10
7.0474361417322831
 20
-5.483836614173228
 30
0
 11
7.0471485826771652
 21
-5.4831203937007871
 31
0
  0
LINE
  5
58C
330
1B
100
AcDbEntity
  8
F.Silkscreen
  6
CONTINUOUS
100
AcDbLine
 10
7.0471485826771652
 20
-5.4831203937007871
 30
0
 11
7.04701468503937
 21
-5.4815900787401572
 31
0
  0
LINE
  5
58D
330
1B
100
AcDbEntity
  8
F.Silkscreen
  6
CONTINUOUS
100
AcDbLine
 10
7.04701468503937
 20
-5.4815900787401572
 30
0
 11
7.0474766141732283
 21
-5.4801250393700789
 31
0
  0
LINE
  5
58E
330
1B
100
AcDbEntity
  8
F.Silkscreen
  6
CONTINUOUS
100
AcDbLine
 10
7.0474766141732283
 20
-5.4801250393700789
 30
0
 11
7.0484640157480314
 21
-5.4789482677165351
 31
0
  0
LINE
  5
58F
330
1B
100
AcDbEntity
  8
F.Silkscreen
  6
CONTINUOUS
100
AcDbLine
 10
7.0484640157480314
 20
-5.4789482677165351
 30
0
 11
7.0498266141732282
 21
-5.4782389763779529
 31
0
  0
LINE
  5
590
330
1B
100
AcDbEntity
  8
F.Silkscreen
  6
CONTINUOUS
100
AcDbLine
 10
7.0498266141732282
 20
-5.4782389763779529
 30
0
 11
7.051356929133858
 21
-5.4781050787401577
 31
0
  0
LINE
  5
591
330
1B
100
AcDbEntity
  8
F.Silkscreen
  6
CONTINUOUS
100
AcDbLine
 10
7.051356929133858
 20
-5.4781050787401577
 30
0
 11
7.0528219685039373
 21
-5.4785670078740152
 31
0
  0
LINE
  5
592
330
1B
100
AcDbEntity
  8
F.Silkscreen
  6
CONTINUOUS
100
AcDbLine
 10
7.0528219685039373
 20
-5.4785670078740152
 30
0
 11
7.0539987401574802
 21
-5.4795544094488191
 31
0
  0
LINE
  5
593
330
1B
100
AcDbEntity
  8
F.Silkscreen
  6
CONTINUOUS
100
AcDbLine
 10
7.0539987401574802
 20
-5.4795544094488191
 30
0
 11
7.0544204724409445
 21
-5.480200787401575
 31
0
  0
LINE
  5
594
330
1B
100
AcDbEntity
  8
F.Silkscreen
  6
CONTINUOUS
100
AcDbLine
 10
7.0544204724409445
 20
-5.480200787401575
 30
0
 11
7.0700787401574798
 21
-5.5102799999999998
 31
0
  0
LINE
  5
595
330
1B
100
AcDbEntity
  8
F.Silkscreen
  6
CONTINUOUS
100
AcDbLine
 10
7.0700787401574798
 20
-5.5102799999999998
 30
0
 11
7.0700787401574798
 21
-3.7722295669291337
 31
0
  0
LINE
  5
596
330
1B
100
AcDbEntity
  8
F.Silkscreen
  6
CONTINUOUS
100
AcDbLine
 10
7.0700787401574798
 20
-3.7722295669291337
 30
0
 11
7.0544204724409445
 21
-3.8023088188976377
 31
0
  0
LINE
  5
597
330
1B
100
AcDbEntity
  8
F.Silkscreen
  6
CONTINUOUS
100
AcDbLine
 10
7.0544204724409445
 20
-3.8023088188976377
 30
0
 11
7.0539987401574802
 21
-3.8029551968503936
 31
0
  0
LINE
  5
598
330
1B
100
AcDbEntity
  8
F.Silkscreen
  6
CONTINUOUS
100
AcDbLine
 10
7.0539987401574802
 20
-3.8029551968503936
 30
0
 11
7.0528219685039373
 21
-3.8039425984251967
 31
0
  0
LINE
  5
599
330
1B
100
AcDbEntity
  8
F.Silkscreen
  6
CONTINUOUS
100
AcDbLine
 10
7.0528219685039373
 20
-3.8039425984251967
 30
0
 11
7.051356929133858
 21
-3.804404527559055
 31
0
  0
LINE
  5
59A
330
1B
100
AcDbEntity
  8
F.Silkscreen
  6
CONTINUOUS
100
AcDbLine
 10
7.051356929133858
 20
-3.804404527559055
 30
0
 11
7.0498266141732282
 21
-3.8042706299212599
 31
0
  0
LINE
  5
59B
330
1B
100
AcDbEntity
  8
F.Silkscreen
  6
CONTINUOUS
100
AcDbLine
 10
7.0498266141732282
 20
-3.8042706299212599
 30
0
 11
7.0484640157480314
 21
-3.8035613385826772
 31
0
  0
LINE
  5
59C
330
1B
100
AcDbEntity
  8
F.Silkscreen
  6
CONTINUOUS
100
AcDbLine
 10
7.0484640157480314
 20
-3.8035613385826772
 30
0
 11
7.0474766141732283
 21
-3.8023845669291338
 31
0
  0
LINE
  5
59D
330
1B
100
AcDbEntity
  8
F.Silkscreen
  6
CONTINUOUS
100
AcDbLine
 10
7.0474766141732283
 20
-3.8023845669291338
 30
0
 11
7.04701468503937
 21
-3.800919527559055
 31
0
  0
LINE
  5
59E
330
1B
100
AcDbEntity
  8
F.Silkscreen
  6
CONTINUOUS
100
AcDbLine
 10
7.04701468503937
 20
-3.800919527559055
 30
0
 11
7.0471485826771652
 21
-3.7993892125984252
 31
0
  0
LINE
  5
59F
330
1B
100
AcDbEntity
  8
F.Silkscreen
  6
CONTINUOUS
100
AcDbLine
 10
7.0471485826771652
 20
-3.7993892125984252
 30
0
 11
7.0474361417322831
 21
-3.7986729921259843
 31
0
  0
LINE
  5
5A0
330
1B
100
AcDbEntity
  8
F.Silkscreen
  6
CONTINUOUS
100
AcDbLine
 10
7.0474361417322831
 20
-3.7986729921259843
 30
0
 11
7.0675277559055116
 21
-3.7600773622047243
 31
0
  0
LINE
  5
5A1
330
1B
100
AcDbEntity
  8
F.Silkscreen
  6
CONTINUOUS
100
AcDbLine
 10
7.0675277559055116
 20
-3.7600773622047243
 30
0
 11
6.7696850393700787
 21
-3.7600773622047243
 31
0
  0
LINE
  5
5A2
330
1B
100
AcDbEntity
  8
F.Silkscreen
  6
CONTINUOUS
100
AcDbLine
 10
6.7696850393700787
 20
-3.7600773622047243
 30
0
 11
6.7696850393700787
 21
-4.0251968503937006
 31
0
  0
LINE
  5
5A3
330
1B
100
AcDbEntity
  8
F.Silkscreen
  6
CONTINUOUS
100
AcDbLine
 10
6.7696850393700787
 20
-4.0251968503937006
 30
0
 11
6.7696094094488188
 21
-4.0259649212598427
 31
0
  0
LINE
  5
5A4
330
1B
100
AcDbEntity
  8
F.Silkscreen
  6
CONTINUOUS
100
AcDbLine
 10
6.7696094094488188
 20
-4.0259649212598427
 30
0
 11
6.7690215354330707
 21
-4.0273841338582672
 31
0
  0
LINE
  5
5A5
330
1B
100
AcDbEntity
  8
F.Silkscreen
  6
CONTINUOUS
100
AcDbLine
 10
6.7690215354330707
 20
-4.0273841338582672
 30
0
 11
6.7679353149606296
 21
-4.0284703543307083
 31
0
  0
LINE
  5
5A6
330
1B
100
AcDbEntity
  8
F.Silkscreen
  6
CONTINUOUS
100
AcDbLine
 10
6.7679353149606296
 20
-4.0284703543307083
 30
0
 11
6.7665161023622042
 21
-4.0290582283464564
 31
0
  0
LINE
  5
5A7
330
1B
100
AcDbEntity
  8
F.Silkscreen
  6
CONTINUOUS
100
AcDbLine
 10
6.7665161023622042
 20
-4.0290582283464564
 30
0
 11
6.7649799606299208
 21
-4.0290582283464564
 31
0
  0
LINE
  5
5A8
330
1B
100
AcDbEntity
  8
F.Silkscreen
  6
CONTINUOUS
100
AcDbLine
 10
6.7649799606299208
 20
-4.0290582283464564
 30
0
 11
6.7635607480314963
 21
-4.0284703543307083
 31
0
  0
LINE
  5
5A9
330
1B
100
AcDbEntity
  8
F.Silkscreen
  6
CONTINUOUS
100
AcDbLine
 10
6.7635607480314963
 20
-4.0284703543307083
 30
0
 11
6.7624745275590552
 21
-4.0273841338582672
 31
0
  0
LINE
  5
5AA
330
1B
100
AcDbEntity
  8
F.Silkscreen
  6
CONTINUOUS
100
AcDbLine
 10
6.7624745275590552
 20
-4.0273841338582672
 30
0
 11
6.7618866535433071
 21
-4.0259649212598427
 31
0
  0
LINE
  5
5AB
330
1B
100
AcDbEntity
  8
F.Silkscreen
  6
CONTINUOUS
100
AcDbLine
 10
6.7618866535433071
 20
-4.0259649212598427
 30
0
 11
6.7618110236220472
 21
-4.0251968503937006
 31
0
  0
LINE
  5
5AC
330
1B
100
AcDbEntity
  8
F.Silkscreen
  6
CONTINUOUS
100
AcDbLine
 10
6.7618110236220472
 20
-4.0251968503937006
 30
0
 11
6.7618110236220472
 21
-3.7600773622047243
 31
0
  0
LINE
  5
5AD
330
1B
100
AcDbEntity
  8
F.Silkscreen
  6
CONTINUOUS
100
AcDbLine
 10
6.7618110236220472
 20
-3.7600773622047243
 30
0
 11
6.6813764173228343
 21
-3.7600773622047243
 31
0
  0
LINE
  5
5AE
330
1B
100
AcDbEntity
  8
F.Silkscreen
  6
CONTINUOUS
100
AcDbLine
 10
6.6813764173228343
 20
-3.7600773622047243
 30
0
 11
6.680608346456693
 21
-3.7600017322834645
 31
0
  0
LINE
  5
5AF
330
1B
100
AcDbEntity
  8
F.Silkscreen
  6
CONTINUOUS
100
AcDbLine
 10
6.680608346456693
 20
-3.7600017322834645
 30
0
 11
6.6791891338582676
 21
-3.7594138582677163
 31
0
  0
LINE
  5
5B0
330
1B
100
AcDbEntity
  8
F.Silkscreen
  6
CONTINUOUS
100
AcDbLine
 10
6.6791891338582676
 20
-3.7594138582677163
 30
0
 11
6.6781029133858265
 21
-3.7583276377952757
 31
0
  0
LINE
  5
5B1
330
1B
100
AcDbEntity
  8
F.Silkscreen
  6
CONTINUOUS
100
AcDbLine
 10
6.6781029133858265
 20
-3.7583276377952757
 30
0
 11
6.6775150393700784
 21
-3.7569084251968503
 31
0
  0
LINE
  5
5B2
330
1B
100
AcDbEntity
  8
F.Silkscreen
  6
CONTINUOUS
100
AcDbLine
 10
6.6775150393700784
 20
-3.7569084251968503
 30
0
 11
6.6775150393700784
 21
-3.7553722834645669
 31
0
  0
LINE
  5
5B3
330
1B
100
AcDbEntity
  8
F.Silkscreen
  6
CONTINUOUS
100
AcDbLine
 10
6.6775150393700784
 20
-3.7553722834645669
 30
0
 11
6.6781029133858265
 21
-3.7539530708661415
 31
0
  0
LINE
  5
5B4
330
1B
100
AcDbEntity
  8
F.Silkscreen
  6
CONTINUOUS
100
AcDbLine
 10
6.6781029133858265
 20
-3.7539530708661415
 30
0
 11
6.6791891338582676
 21
-3.7528668503937008
 31
0
  0
LINE
  5
5B5
330
1B
100
AcDbEntity
  8
F.Silkscreen
  6
CONTINUOUS
100
AcDbLine
 10
6.6791891338582676
 20
-3.7528668503937008
 30
0
 11
6.680608346456693
 21
-3.7522789763779527
 31
0
  0
LINE
  5
5B6
330
1B
100
AcDbEntity
  8
F.Silkscreen
  6
CONTINUOUS
100
AcDbLine
 10
6.680608346456693
 20
-3.7522789763779527
 30
0
 11
6.6813764173228343
 21
-3.7522033464566928
 31
0
  0
LINE
  5
5B7
330
1B
100
AcDbEntity
  8
F.Silkscreen
  6
CONTINUOUS
100
AcDbLine
 10
6.6813764173228343
 20
-3.7522033464566928
 30
0
 11
6.7618110236220472
 21
-3.7522033464566928
 31
0
  0
LINE
  5
5B8
330
1B
100
AcDbEntity
  8
F.Silkscreen
  6
CONTINUOUS
100
AcDbLine
 10
6.7618110236220472
 20
-3.7522033464566928
 30
0
 11
6.7618110236220472
 21
-3.6245981889763779
 31
0
  0
LINE
  5
5B9
330
1B
100
AcDbEntity
  8
F.Silkscreen
  6
CONTINUOUS
100
AcDbLine
 10
6.7618110236220472
 20
-3.6245981889763779
 30
0
 11
6.7232153937007872
 21
-3.6446898425196848
 31
0
  0
LINE
  5
5BA
330
1B
100
AcDbEntity
  8
F.Silkscreen
  6
CONTINUOUS
100
AcDbLine
 10
6.7232153937007872
 20
-3.6446898425196848
 30
0
 11
6.7224991732283463
 21
-3.6449774015748031
 31
0
  0
LINE
  5
5BB
330
1B
100
AcDbEntity
  8
F.Silkscreen
  6
CONTINUOUS
100
AcDbLine
 10
6.7224991732283463
 20
-3.6449774015748031
 30
0
 11
6.7209688582677165
 21
-3.6451112992125982
 31
0
  0
LINE
  5
5BC
330
1B
100
AcDbEntity
  8
F.Silkscreen
  6
CONTINUOUS
100
AcDbLine
 10
6.7209688582677165
 20
-3.6451112992125982
 30
0
 11
6.7195038188976373
 21
-3.6446493700787399
 31
0
  0
LINE
  5
5BD
330
1B
100
AcDbEntity
  8
F.Silkscreen
  6
CONTINUOUS
100
AcDbLine
 10
6.7195038188976373
 20
-3.6446493700787399
 30
0
 11
6.7183270472440944
 21
-3.6436619685039369
 31
0
  0
LINE
  5
5BE
330
1B
100
AcDbEntity
  8
F.Silkscreen
  6
CONTINUOUS
100
AcDbLine
 10
6.7183270472440944
 20
-3.6436619685039369
 30
0
 11
6.7176177559055112
 21
-3.6422993700787401
 31
0
  0
LINE
  5
5BF
330
1B
100
AcDbEntity
  8
F.Silkscreen
  6
CONTINUOUS
100
AcDbLine
 10
6.7176177559055112
 20
-3.6422993700787401
 30
0
 11
6.7174838582677161
 21
-3.6407690551181102
 31
0
  0
LINE
  5
5C0
330
1B
100
AcDbEntity
  8
F.Silkscreen
  6
CONTINUOUS
100
AcDbLine
 10
6.7174838582677161
 20
-3.6407690551181102
 30
0
 11
6.7179457874015744
 21
-3.6393040157480314
 31
0
  0
LINE
  5
5C1
330
1B
100
AcDbEntity
  8
F.Silkscreen
  6
CONTINUOUS
100
AcDbLine
 10
6.7179457874015744
 20
-3.6393040157480314
 30
0
 11
6.7189331889763775
 21
-3.6381272440944881
 31
0
  0
LINE
  5
5C2
330
1B
100
AcDbEntity
  8
F.Silkscreen
  6
CONTINUOUS
100
AcDbLine
 10
6.7189331889763775
 20
-3.6381272440944881
 30
0
 11
6.7195795669291334
 21
-3.6377055118110238
 31
0
  0
LINE
  5
5C3
330
1B
100
AcDbEntity
  8
F.Silkscreen
  6
CONTINUOUS
100
AcDbLine
 10
6.7195795669291334
 20
-3.6377055118110238
 30
0
 11
6.7496588188976379
 21
-3.622047244094488
 31
0
  0
LINE
  5
5C4
330
1B
100
AcDbEntity
  8
F.Silkscreen
  6
CONTINUOUS
100
AcDbLine
 10
6.7496588188976379
 20
-3.622047244094488
 30
0
 11
5.4090025984251966
 21
-3.622047244094488
 31
0
  0
LINE
  5
5C5
330
1B
100
AcDbEntity
  8
F.Silkscreen
  6
CONTINUOUS
100
AcDbLine
 10
5.4090025984251966
 20
-3.622047244094488
 30
0
 11
5.4390818503937011
 21
-3.6377055118110238
 31
0
  0
LINE
  5
5C6
330
1B
100
AcDbEntity
  8
F.Silkscreen
  6
CONTINUOUS
100
AcDbLine
 10
5.4390818503937011
 20
-3.6377055118110238
 30
0
 11
5.4397281889763782
 21
-3.6381272440944881
 31
0
  0
LINE
  5
5C7
330
1B
100
AcDbEntity
  8
F.Silkscreen
  6
CONTINUOUS
100
AcDbLine
 10
5.4397281889763782
 20
-3.6381272440944881
 30
0
 11
5.4407155905511813
 21
-3.6393040157480314
 31
0
  0
LINE
  5
5C8
330
1B
100
AcDbEntity
  8
F.Silkscreen
  6
CONTINUOUS
100
AcDbLine
 10
5.4407155905511813
 20
-3.6393040157480314
 30
0
 11
5.4411775196850396
 21
-3.6407690551181102
 31
0
  0
LINE
  5
5C9
330
1B
100
AcDbEntity
  8
F.Silkscreen
  6
CONTINUOUS
100
AcDbLine
 10
5.4411775196850396
 20
-3.6407690551181102
 30
0
 11
5.4410436614173223
 21
-3.6422993700787401
 31
0
  0
LINE
  5
5CA
330
1B
100
AcDbEntity
  8
F.Silkscreen
  6
CONTINUOUS
100
AcDbLine
 10
5.4410436614173223
 20
-3.6422993700787401
 30
0
 11
5.4403343700787401
 21
-3.6436619291338581
 31
0
  0
LINE
  5
5CB
330
1B
100
AcDbEntity
  8
F.Silkscreen
  6
CONTINUOUS
100
AcDbLine
 10
5.4403343700787401
 20
-3.6436619291338581
 30
0
 11
5.4391575984251963
 21
-3.6446493700787399
 31
0
  0
LINE
  5
5CC
330
1B
100
AcDbEntity
  8
F.Silkscreen
  6
CONTINUOUS
100
AcDbLine
 10
5.4391575984251963
 20
-3.6446493700787399
 30
0
 11
5.4376925196850392
 21
-3.6451112992125982
 31
0
  0
LINE
  5
5CD
330
1B
100
AcDbEntity
  8
F.Silkscreen
  6
CONTINUOUS
100
AcDbLine
 10
5.4376925196850392
 20
-3.6451112992125982
 30
0
 11
5.4361622440944881
 21
-3.6449774015748031
 31
0
  0
LINE
  5
5CE
330
1B
100
AcDbEntity
  8
F.Silkscreen
  6
CONTINUOUS
100
AcDbLine
 10
5.4361622440944881
 20
-3.6449774015748031
 30
0
 11
5.4354460236220472
 21
-3.6446898425196848
 31
0
  0
LINE
  5
5CF
330
1B
100
AcDbEntity
  8
F.Silkscreen
  6
CONTINUOUS
100
AcDbLine
 10
5.4354460236220472
 20
-3.6446898425196848
 30
0
 11
5.3968503937007872
 21
-3.6245981889763779
 31
0
  0
LINE
  5
5D0
330
1B
100
AcDbEntity
  8
F.Silkscreen
  6
CONTINUOUS
100
AcDbLine
 10
5.3968503937007872
 20
-3.6245981889763779
 30
0
 11
5.3968503937007872
 21
-4.0244094488188979
 31
0
  0
LINE
  5
5D1
330
1B
100
AcDbEntity
  8
F.Silkscreen
  6
CONTINUOUS
100
AcDbLine
 10
5.3968503937007872
 20
-4.0244094488188979
 30
0
 11
5.3967747637795274
 21
-4.0251775196850392
 31
0
  0
LINE
  5
5D2
330
1B
100
AcDbEntity
  8
F.Silkscreen
  6
CONTINUOUS
100
AcDbLine
 10
5.3967747637795274
 20
-4.0251775196850392
 30
0
 11
5.3961868897637792
 21
-4.0265967322834646
 31
0
  0
LINE
  5
5D3
330
1B
100
AcDbEntity
  8
F.Silkscreen
  6
CONTINUOUS
100
AcDbLine
 10
5.3961868897637792
 20
-4.0265967322834646
 30
0
 11
5.3951006692913381
 21
-4.0276829527559057
 31
0
  0
LINE
  5
5D4
330
1B
100
AcDbEntity
  8
F.Silkscreen
  6
CONTINUOUS
100
AcDbLine
 10
5.3951006692913381
 20
-4.0276829527559057
 30
0
 11
5.3936814566929137
 21
-4.0282708267716538
 31
0
  0
LINE
  5
5D5
330
1B
100
AcDbEntity
  8
F.Silkscreen
  6
CONTINUOUS
100
AcDbLine
 10
5.3936814566929137
 20
-4.0282708267716538
 30
0
 11
5.3921453149606302
 21
-4.0282708267716538
 31
0
  0
LINE
  5
5D6
330
1B
100
AcDbEntity
  8
F.Silkscreen
  6
CONTINUOUS
100
AcDbLine
 10
5.3921453149606302
 20
-4.0282708267716538
 30
0
 11
5.3907261023622048
 21
-4.0276829527559057
 31
0
  0
LINE
  5
5D7
330
1B
100
AcDbEntity
  8
F.Silkscreen
  6
CONTINUOUS
100
AcDbLine
 10
5.3907261023622048
 20
-4.0276829527559057
 30
0
 11
5.3896398818897637
 21
-4.0265967322834646
 31
0
  0
LINE
  5
5D8
330
1B
100
AcDbEntity
  8
F.Silkscreen
  6
CONTINUOUS
100
AcDbLine
 10
5.3896398818897637
 20
-4.0265967322834646
 30
0
 11
5.3890520078740156
 21
-4.0251775196850392
 31
0
  0
LINE
  5
5D9
330
1B
100
AcDbEntity
  8
F.Silkscreen
  6
CONTINUOUS
100
AcDbLine
 10
5.3890520078740156
 20
-4.0251775196850392
 30
0
 11
5.3889763779527557
 21
-4.0244094488188979
 31
0
  0
LINE
  5
5DA
330
1B
100
AcDbEntity
  8
F.Silkscreen
  6
CONTINUOUS
100
AcDbLine
 10
5.3889763779527557
 20
-4.0244094488188979
 30
0
 11
5.3889763779527557
 21
-3.5950228346456692
 31
0
  0
LINE
  5
5DB
330
1B
100
AcDbEntity
  8
F.Silkscreen
  6
CONTINUOUS
100
AcDbLine
 10
5.3889763779527557
 20
-3.5950228346456692
 30
0
 11
5.3890520078740156
 21
-3.5942547637795275
 31
0
  0
LINE
  5
5DC
330
1B
100
AcDbEntity
  8
F.Silkscreen
  6
CONTINUOUS
100
AcDbLine
 10
5.3890520078740156
 20
-3.5942547637795275
 30
0
 11
5.3896398818897637
 21
-3.5928355511811021
 31
0
  0
LINE
  5
5DD
330
1B
100
AcDbEntity
  8
F.Silkscreen
  6
CONTINUOUS
100
AcDbLine
 10
5.3896398818897637
 20
-3.5928355511811021
 30
0
 11
5.3907261023622048
 21
-3.5917493307086614
 31
0
  0
LINE
  5
5DE
330
1B
100
AcDbEntity
  8
F.Silkscreen
  6
CONTINUOUS
100
AcDbLine
 10
5.3907261023622048
 20
-3.5917493307086614
 30
0
 11
5.3921453149606302
 21
-3.5911614566929133
 31
0
  0
LINE
  5
5DF
330
1B
100
AcDbEntity
  8
F.Silkscreen
  6
CONTINUOUS
100
AcDbLine
 10
5.3921453149606302
 20
-3.5911614566929133
 30
0
 11
5.3936814566929137
 21
-3.5911614566929133
 31
0
  0
LINE
  5
5E0
330
1B
100
AcDbEntity
  8
F.Silkscreen
  6
CONTINUOUS
100
AcDbLine
 10
5.3936814566929137
 20
-3.5911614566929133
 30
0
 11
5.3951006692913381
 21
-3.5917493307086614
 31
0
  0
LINE
  5
5E1
330
1B
100
AcDbEntity
  8
F.Silkscreen
  6
CONTINUOUS
100
AcDbLine
 10
5.3951006692913381
 20
-3.5917493307086614
 30
0
 11
5.3961868897637792
 21
-3.5928355511811021
 31
0
  0
LINE
  5
5E2
330
1B
100
AcDbEntity
  8
F.Silkscreen
  6
CONTINUOUS
100
AcDbLine
 10
5.3961868897637792
 20
-3.5928355511811021
 30
0
 11
5.3967747637795274
 21
-3.5942547637795275
 31
0
  0
LINE
  5
5E3
330
1B
100
AcDbEntity
  8
F.Silkscreen
  6
CONTINUOUS
100
AcDbLine
 10
5.3967747637795274
 20
-3.5942547637795275
 30
0
 11
5.3968503937007872
 21
-3.5950228346456692
 31
0
  0
LINE
  5
5E4
330
1B
100
AcDbEntity
  8
F.Silkscreen
  6
CONTINUOUS
100
AcDbLine
 10
5.3968503937007872
 20
-3.5950228346456692
 30
0
 11
5.3968503937007872
 21
-3.6116222440944883
 31
0
  0
LINE
  5
5E5
330
1B
100
AcDbEntity
  8
F.Silkscreen
  6
CONTINUOUS
100
AcDbLine
 10
5.3968503937007872
 20
-3.6116222440944883
 30
0
 11
5.4354460236220472
 21
-3.5915306299212597
 31
0
  0
LINE
  5
5E6
330
1B
100
AcDbEntity
  8
F.Silkscreen
  6
CONTINUOUS
100
AcDbLine
 10
5.4354460236220472
 20
-3.5915306299212597
 30
0
 11
5.4361622440944881
 21
-3.5912430708661418
 31
0
  0
LINE
  5
5E7
330
1B
100
AcDbEntity
  8
F.Silkscreen
  6
CONTINUOUS
100
AcDbLine
 10
5.4361622440944881
 20
-3.5912430708661418
 30
0
 11
5.4376925196850392
 21
-3.5911091732283462
 31
0
  0
LINE
  5
5E8
330
1B
100
AcDbEntity
  8
F.Silkscreen
  6
CONTINUOUS
100
AcDbLine
 10
5.4376925196850392
 20
-3.5911091732283462
 30
0
 11
5.4391575984251963
 21
-3.5915711023622046
 31
0
  0
LINE
  5
5E9
330
1B
100
AcDbEntity
  8
F.Silkscreen
  6
CONTINUOUS
100
AcDbLine
 10
5.4391575984251963
 20
-3.5915711023622046
 30
0
 11
5.4403343700787401
 21
-3.5925585433070863
 31
0
  0
LINE
  5
5EA
330
1B
100
AcDbEntity
  8
F.Silkscreen
  6
CONTINUOUS
100
AcDbLine
 10
5.4403343700787401
 20
-3.5925585433070863
 30
0
 11
5.4410436614173223
 21
-3.5939211023622049
 31
0
  0
LINE
  5
5EB
330
1B
100
AcDbEntity
  8
F.Silkscreen
  6
CONTINUOUS
100
AcDbLine
 10
5.4410436614173223
 20
-3.5939211023622049
 30
0
 11
5.4411775196850396
 21
-3.5954514173228347
 31
0
  0
LINE
  5
5EC
330
1B
100
AcDbEntity
  8
F.Silkscreen
  6
CONTINUOUS
100
AcDbLine
 10
5.4411775196850396
 20
-3.5954514173228347
 30
0
 11
5.4407155905511813
 21
-3.5969164566929135
 31
0
  0
LINE
  5
5ED
330
1B
100
AcDbEntity
  8
F.Silkscreen
  6
CONTINUOUS
100
AcDbLine
 10
5.4407155905511813
 20
-3.5969164566929135
 30
0
 11
5.4397281889763782
 21
-3.5980932283464564
 31
0
  0
LINE
  5
5EE
330
1B
100
AcDbEntity
  8
F.Silkscreen
  6
CONTINUOUS
100
AcDbLine
 10
5.4397281889763782
 20
-3.5980932283464564
 30
0
 11
5.4390818503937011
 21
-3.5985149606299212
 31
0
  0
LINE
  5
5EF
330
1B
100
AcDbEntity
  8
F.Silkscreen
  6
CONTINUOUS
100
AcDbLine
 10
5.4390818503937011
 20
-3.5985149606299212
 30
0
 11
5.4090025984251966
 21
-3.6141732283464565
 31
0
  0
LINE
  5
5F0
330
1B
100
AcDbEntity
  8
F.Silkscreen
  6
CONTINUOUS
100
AcDbLine
 10
5.4090025984251966
 20
-3.6141732283464565
 30
0
 11
6.7496588188976379
 21
-3.6141732283464565
 31
0
  0
LINE
  5
5F1
330
1B
100
AcDbEntity
  8
F.Silkscreen
  6
CONTINUOUS
100
AcDbLine
 10
6.7496588188976379
 20
-3.6141732283464565
 30
0
 11
6.7195795669291334
 21
-3.5985149606299212
 31
0
  0
LINE
  5
5F2
330
1B
100
AcDbEntity
  8
F.Silkscreen
  6
CONTINUOUS
100
AcDbLine
 10
6.7195795669291334
 20
-3.5985149606299212
 30
0
 11
6.7189331889763775
 21
-3.5980932283464564
 31
0
  0
LINE
  5
5F3
330
1B
100
AcDbEntity
  8
F.Silkscreen
  6
CONTINUOUS
100
AcDbLine
 10
6.7189331889763775
 20
-3.5980932283464564
 30
0
 11
6.7179457874015744
 21
-3.5969164566929135
 31
0
  0
LINE
  5
5F4
330
1B
100
AcDbEntity
  8
F.Silkscreen
  6
CONTINUOUS
100
AcDbLine
 10
6.7179457874015744
 20
-3.5969164566929135
 30
0
 11
6.7174838582677161
 21
-3.5954514173228347
 31
0
  0
LINE
  5
5F5
330
1B
100
AcDbEntity
  8
F.Silkscreen
  6
CONTINUOUS
100
AcDbLine
 10
6.7174838582677161
 20
-3.5954514173228347
 30
0
 11
6.7176177559055112
 21
-3.5939211023622049
 31
0
  0
LINE
  5
5F6
330
1B
100
AcDbEntity
  8
F.Silkscreen
  6
CONTINUOUS
100
AcDbLine
 10
6.7176177559055112
 20
-3.5939211023622049
 30
0
 11
6.7183270472440944
 21
-3.5925585039370076
 31
0
  0
LINE
  5
5F7
330
1B
100
AcDbEntity
  8
F.Silkscreen
  6
CONTINUOUS
100
AcDbLine
 10
6.7183270472440944
 20
-3.5925585039370076
 30
0
 11
6.7195038188976373
 21
-3.5915711023622046
 31
0
  0
LINE
  5
5F8
330
1B
100
AcDbEntity
  8
F.Silkscreen
  6
CONTINUOUS
100
AcDbLine
 10
6.7195038188976373
 20
-3.5915711023622046
 30
0
 11
6.7209688582677165
 21
-3.5911091732283462
 31
0
  0
LINE
  5
5F9
330
1B
100
AcDbEntity
  8
F.Silkscreen
  6
CONTINUOUS
100
AcDbLine
 10
6.7209688582677165
 20
-3.5911091732283462
 30
0
 11
6.7224991732283463
 21
-3.5912430708661418
 31
0
  0
LINE
  5
5FA
330
1B
100
AcDbEntity
  8
F.Silkscreen
  6
CONTINUOUS
100
AcDbLine
 10
5.5012467716535429
 20
-5.3778598425196851
 30
0
 11
5.5020614173228344
 21
-5.3786744881889765
 31
0
  0
LINE
  5
5FB
330
1B
100
AcDbEntity
  8
F.Silkscreen
  6
CONTINUOUS
100
AcDbLine
 10
5.5020614173228344
 20
-5.3786744881889765
 30
0
 11
5.5025023228346459
 21
-5.3797388976377949
 31
0
  0
LINE
  5
5FC
330
1B
100
AcDbEntity
  8
F.Silkscreen
  6
CONTINUOUS
100
AcDbLine
 10
5.5025023228346459
 20
-5.3797388976377949
 30
0
 11
5.5025590551181098
 21
-5.3803149606299208
 31
0
  0
LINE
  5
5FD
330
1B
100
AcDbEntity
  8
F.Silkscreen
  6
CONTINUOUS
100
AcDbLine
 10
5.5025590551181098
 20
-5.3803149606299208
 30
0
 11
5.5025590551181098
 21
-5.4273622047244094
 31
0
  0
LINE
  5
5FE
330
1B
100
AcDbEntity
  8
F.Silkscreen
  6
CONTINUOUS
100
AcDbLine
 10
5.5025590551181098
 20
-5.4273622047244094
 30
0
 11
5.5496062992125985
 21
-5.4273622047244094
 31
0
  0
LINE
  5
5FF
330
1B
100
AcDbEntity
  8
F.Silkscreen
  6
CONTINUOUS
100
AcDbLine
 10
5.5496062992125985
 20
-5.4273622047244094
 30
0
 11
5.5501823622047244
 21
-5.4274189370078743
 31
0
  0
LINE
  5
600
330
1B
100
AcDbEntity
  8
F.Silkscreen
  6
CONTINUOUS
100
AcDbLine
 10
5.5501823622047244
 20
-5.4274189370078743
 30
0
 11
5.5512467716535427
 21
-5.4278598425196849
 31
0
  0
LINE
  5
601
330
1B
100
AcDbEntity
  8
F.Silkscreen
  6
CONTINUOUS
100
AcDbLine
 10
5.5512467716535427
 20
-5.4278598425196849
 30
0
 11
5.5520614173228342
 21
-5.4286744881889764
 31
0
  0
LINE
  5
602
330
1B
100
AcDbEntity
  8
F.Silkscreen
  6
CONTINUOUS
100
AcDbLine
 10
5.5520614173228342
 20
-5.4286744881889764
 30
0
 11
5.5525023228346457
 21
-5.4297388976377947
 31
0
  0
LINE
  5
603
330
1B
100
AcDbEntity
  8
F.Silkscreen
  6
CONTINUOUS
100
AcDbLine
 10
5.5525023228346457
 20
-5.4297388976377947
 30
0
 11
5.5525023228346457
 21
-5.4308910236220473
 31
0
  0
LINE
  5
604
330
1B
100
AcDbEntity
  8
F.Silkscreen
  6
CONTINUOUS
100
AcDbLine
 10
5.5525023228346457
 20
-5.4308910236220473
 30
0
 11
5.5520614173228342
 21
-5.4319554330708657
 31
0
  0
LINE
  5
605
330
1B
100
AcDbEntity
  8
F.Silkscreen
  6
CONTINUOUS
100
AcDbLine
 10
5.5520614173228342
 20
-5.4319554330708657
 30
0
 11
5.5512467716535427
 21
-5.4327700787401572
 31
0
  0
LINE
  5
606
330
1B
100
AcDbEntity
  8
F.Silkscreen
  6
CONTINUOUS
100
AcDbLine
 10
5.5512467716535427
 20
-5.4327700787401572
 30
0
 11
5.5501823622047244
 21
-5.4332109842519687
 31
0
  0
LINE
  5
607
330
1B
100
AcDbEntity
  8
F.Silkscreen
  6
CONTINUOUS
100
AcDbLine
 10
5.5501823622047244
 20
-5.4332109842519687
 30
0
 11
5.5496062992125985
 21
-5.4332677165354326
 31
0
  0
LINE
  5
608
330
1B
100
AcDbEntity
  8
F.Silkscreen
  6
CONTINUOUS
100
AcDbLine
 10
5.5496062992125985
 20
-5.4332677165354326
 30
0
 11
5.5025590551181098
 21
-5.4332677165354326
 31
0
  0
LINE
  5
609
330
1B
100
AcDbEntity
  8
F.Silkscreen
  6
CONTINUOUS
100
AcDbLine
 10
5.5025590551181098
 20
-5.4332677165354326
 30
0
 11
5.5025590551181098
 21
-5.4803149606299213
 31
0
  0
LINE
  5
60A
330
1B
100
AcDbEntity
  8
F.Silkscreen
  6
CONTINUOUS
100
AcDbLine
 10
5.5025590551181098
 20
-5.4803149606299213
 30
0
 11
5.5025023228346459
 21
-5.4808910236220472
 31
0
  0
LINE
  5
60B
330
1B
100
AcDbEntity
  8
F.Silkscreen
  6
CONTINUOUS
100
AcDbLine
 10
5.5025023228346459
 20
-5.4808910236220472
 30
0
 11
5.5020614173228344
 21
-5.4819554330708664
 31
0
  0
LINE
  5
60C
330
1B
100
AcDbEntity
  8
F.Silkscreen
  6
CONTINUOUS
100
AcDbLine
 10
5.5020614173228344
 20
-5.4819554330708664
 30
0
 11
5.5012467716535429
 21
-5.482770078740157
 31
0
  0
LINE
  5
60D
330
1B
100
AcDbEntity
  8
F.Silkscreen
  6
CONTINUOUS
100
AcDbLine
 10
5.5012467716535429
 20
-5.482770078740157
 30
0
 11
5.5001823622047246
 21
-5.4832109842519685
 31
0
  0
LINE
  5
60E
330
1B
100
AcDbEntity
  8
F.Silkscreen
  6
CONTINUOUS
100
AcDbLine
 10
5.5001823622047246
 20
-5.4832109842519685
 30
0
 11
5.4990302362204719
 21
-5.4832109842519685
 31
0
  0
LINE
  5
60F
330
1B
100
AcDbEntity
  8
F.Silkscreen
  6
CONTINUOUS
100
AcDbLine
 10
5.4990302362204719
 20
-5.4832109842519685
 30
0
 11
5.4979658267716536
 21
-5.482770078740157
 31
0
  0
LINE
  5
610
330
1B
100
AcDbEntity
  8
F.Silkscreen
  6
CONTINUOUS
100
AcDbLine
 10
5.4979658267716536
 20
-5.482770078740157
 30
0
 11
5.4971511811023621
 21
-5.4819554330708664
 31
0
  0
LINE
  5
611
330
1B
100
AcDbEntity
  8
F.Silkscreen
  6
CONTINUOUS
100
AcDbLine
 10
5.4971511811023621
 20
-5.4819554330708664
 30
0
 11
5.4967102755905515
 21
-5.4808910236220472
 31
0
  0
LINE
  5
612
330
1B
100
AcDbEntity
  8
F.Silkscreen
  6
CONTINUOUS
100
AcDbLine
 10
5.4967102755905515
 20
-5.4808910236220472
 30
0
 11
5.4966535433070867
 21
-5.4803149606299213
 31
0
  0
LINE
  5
613
330
1B
100
AcDbEntity
  8
F.Silkscreen
  6
CONTINUOUS
100
AcDbLine
 10
5.4966535433070867
 20
-5.4803149606299213
 30
0
 11
5.4966535433070867
 21
-5.4332677165354326
 31
0
  0
LINE
  5
614
330
1B
100
AcDbEntity
  8
F.Silkscreen
  6
CONTINUOUS
100
AcDbLine
 10
5.4966535433070867
 20
-5.4332677165354326
 30
0
 11
5.449606299212598
 21
-5.4332677165354326
 31
0
  0
LINE
  5
615
330
1B
100
AcDbEntity
  8
F.Silkscreen
  6
CONTINUOUS
100
AcDbLine
 10
5.449606299212598
 20
-5.4332677165354326
 30
0
 11
5.4490302362204721
 21
-5.4332109842519687
 31
0
  0
LINE
  5
616
330
1B
100
AcDbEntity
  8
F.Silkscreen
  6
CONTINUOUS
100
AcDbLine
 10
5.4490302362204721
 20
-5.4332109842519687
 30
0
 11
5.4479658267716538
 21
-5.4327700787401572
 31
0
  0
LINE
  5
617
330
1B
100
AcDbEntity
  8
F.Silkscreen
  6
CONTINUOUS
100
AcDbLine
 10
5.4479658267716538
 20
-5.4327700787401572
 30
0
 11
5.4471511811023623
 21
-5.4319554330708657
 31
0
  0
LINE
  5
618
330
1B
100
AcDbEntity
  8
F.Silkscreen
  6
CONTINUOUS
100
AcDbLine
 10
5.4471511811023623
 20
-5.4319554330708657
 30
0
 11
5.4467102755905508
 21
-5.4308910236220473
 31
0
  0
LINE
  5
619
330
1B
100
AcDbEntity
  8
F.Silkscreen
  6
CONTINUOUS
100
AcDbLine
 10
5.4467102755905508
 20
-5.4308910236220473
 30
0
 11
5.4467102755905508
 21
-5.4297388976377947
 31
0
  0
LINE
  5
61A
330
1B
100
AcDbEntity
  8
F.Silkscreen
  6
CONTINUOUS
100
AcDbLine
 10
5.4467102755905508
 20
-5.4297388976377947
 30
0
 11
5.4471511811023623
 21
-5.4286744881889764
 31
0
  0
LINE
  5
61B
330
1B
100
AcDbEntity
  8
F.Silkscreen
  6
CONTINUOUS
100
AcDbLine
 10
5.4471511811023623
 20
-5.4286744881889764
 30
0
 11
5.4479658267716538
 21
-5.4278598425196849
 31
0
  0
LINE
  5
61C
330
1B
100
AcDbEntity
  8
F.Silkscreen
  6
CONTINUOUS
100
AcDbLine
 10
5.4479658267716538
 20
-5.4278598425196849
 30
0
 11
5.4490302362204721
 21
-5.4274189370078743
 31
0
  0
LINE
  5
61D
330
1B
100
AcDbEntity
  8
F.Silkscreen
  6
CONTINUOUS
100
AcDbLine
 10
5.4490302362204721
 20
-5.4274189370078743
 30
0
 11
5.449606299212598
 21
-5.4273622047244094
 31
0
  0
LINE
  5
61E
330
1B
100
AcDbEntity
  8
F.Silkscreen
  6
CONTINUOUS
100
AcDbLine
 10
5.449606299212598
 20
-5.4273622047244094
 30
0
 11
5.4966535433070867
 21
-5.4273622047244094
 31
0
  0
LINE
  5
61F
330
1B
100
AcDbEntity
  8
F.Silkscreen
  6
CONTINUOUS
100
AcDbLine
 10
5.4966535433070867
 20
-5.4273622047244094
 30
0
 11
5.4966535433070867
 21
-5.3803149606299208
 31
0
  0
LINE
  5
620
330
1B
100
AcDbEntity
  8
F.Silkscreen
  6
CONTINUOUS
100
AcDbLine
 10
5.4966535433070867
 20
-5.3803149606299208
 30
0
 11
5.4967102755905515
 21
-5.3797388976377949
 31
0
  0
LINE
  5
621
330
1B
100
AcDbEntity
  8
F.Silkscreen
  6
CONTINUOUS
100
AcDbLine
 10
5.4967102755905515
 20
-5.3797388976377949
 30
0
 11
5.4971511811023621
 21
-5.3786744881889765
 31
0
  0
LINE
  5
622
330
1B
100
AcDbEntity
  8
F.Silkscreen
  6
CONTINUOUS
100
AcDbLine
 10
5.4971511811023621
 20
-5.3786744881889765
 30
0
 11
5.4979658267716536
 21
-5.3778598425196851
 31
0
  0
LINE
  5
623
330
1B
100
AcDbEntity
  8
F.Silkscreen
  6
CONTINUOUS
100
AcDbLine
 10
5.4979658267716536
 20
-5.3778598425196851
 30
0
 11
5.4990302362204719
 21
-5.3774189370078735
 31
0
  0
LINE
  5
624
330
1B
100
AcDbEntity
  8
F.Silkscreen
  6
CONTINUOUS
100
AcDbLine
 10
5.4990302362204719
 20
-5.3774189370078735
 30
0
 11
5.5001823622047246
 21
-5.3774189370078735
 31
0
  0
LINE
  5
625
330
1B
100
AcDbEntity
  8
F.Silkscreen
  6
CONTINUOUS
100
AcDbLine
 10
5.5001823622047246
 20
-5.3774189370078735
 30
0
 11
5.5012467716535429
 21
-5.3778598425196851
 31
0
  0
LINE
  5
626
330
1B
100
AcDbEntity
  8
F.Silkscreen
  6
CONTINUOUS
100
AcDbLine
 10
7.0134513385826773
 20
-4.8725649606299211
 30
0
 11
7.0150806299212594
 21
-4.874194251968504
 31
0
  0
LINE
  5
627
330
1B
100
AcDbEntity
  8
F.Silkscreen
  6
CONTINUOUS
100
AcDbLine
 10
7.0150806299212594
 20
-4.874194251968504
 30
0
 11
7.0159624409448815
 21
-4.8763230708661416
 31
0
  0
LINE
  5
628
330
1B
100
AcDbEntity
  8
F.Silkscreen
  6
CONTINUOUS
100
AcDbLine
 10
7.0159624409448815
 20
-4.8763230708661416
 30
0
 11
7.0160759055118112
 21
-4.8774751968503933
 31
0
  0
LINE
  5
629
330
1B
100
AcDbEntity
  8
F.Silkscreen
  6
CONTINUOUS
100
AcDbLine
 10
7.0160759055118112
 20
-4.8774751968503933
 30
0
 11
7.0160759055118112
 21
-4.8800061417322835
 31
0
  0
LINE
  5
62A
330
1B
100
AcDbEntity
  8
F.Silkscreen
  6
CONTINUOUS
100
AcDbLine
 10
7.0160759055118112
 20
-4.8800061417322835
 30
0
 11
7.0298554330708658
 21
-4.8800061417322835
 31
0
  0
LINE
  5
62B
330
1B
100
AcDbEntity
  8
F.Silkscreen
  6
CONTINUOUS
100
AcDbLine
 10
7.0298554330708658
 20
-4.8800061417322835
 30
0
 11
7.0310075590551175
 21
-4.8801196062992123
 31
0
  0
LINE
  5
62C
330
1B
100
AcDbEntity
  8
F.Silkscreen
  6
CONTINUOUS
100
AcDbLine
 10
7.0310075590551175
 20
-4.8801196062992123
 30
0
 11
7.033136377952756
 21
-4.8810014173228344
 31
0
  0
LINE
  5
62D
330
1B
100
AcDbEntity
  8
F.Silkscreen
  6
CONTINUOUS
100
AcDbLine
 10
7.033136377952756
 20
-4.8810014173228344
 30
0
 11
7.0347656692913381
 21
-4.8826307086614174
 31
0
  0
LINE
  5
62E
330
1B
100
AcDbEntity
  8
F.Silkscreen
  6
CONTINUOUS
100
AcDbLine
 10
7.0347656692913381
 20
-4.8826307086614174
 30
0
 11
7.0356474803149602
 21
-4.884759527559055
 31
0
  0
LINE
  5
62F
330
1B
100
AcDbEntity
  8
F.Silkscreen
  6
CONTINUOUS
100
AcDbLine
 10
7.0356474803149602
 20
-4.884759527559055
 30
0
 11
7.0356474803149602
 21
-4.8870637795275593
 31
0
  0
LINE
  5
630
330
1B
100
AcDbEntity
  8
F.Silkscreen
  6
CONTINUOUS
100
AcDbLine
 10
7.0356474803149602
 20
-4.8870637795275593
 30
0
 11
7.0347656692913381
 21
-4.8891925984251969
 31
0
  0
LINE
  5
631
330
1B
100
AcDbEntity
  8
F.Silkscreen
  6
CONTINUOUS
100
AcDbLine
 10
7.0347656692913381
 20
-4.8891925984251969
 30
0
 11
7.033136377952756
 21
-4.8908218897637799
 31
0
  0
LINE
  5
632
330
1B
100
AcDbEntity
  8
F.Silkscreen
  6
CONTINUOUS
100
AcDbLine
 10
7.033136377952756
 20
-4.8908218897637799
 30
0
 11
7.0310075590551175
 21
-4.8917037007874011
 31
0
  0
LINE
  5
633
330
1B
100
AcDbEntity
  8
F.Silkscreen
  6
CONTINUOUS
100
AcDbLine
 10
7.0310075590551175
 20
-4.8917037007874011
 30
0
 11
7.0298554330708658
 21
-4.8918171653543308
 31
0
  0
LINE
  5
634
330
1B
100
AcDbEntity
  8
F.Silkscreen
  6
CONTINUOUS
100
AcDbLine
 10
7.0298554330708658
 20
-4.8918171653543308
 30
0
 11
7.0160759055118112
 21
-4.8918171653543308
 31
0
  0
LINE
  5
635
330
1B
100
AcDbEntity
  8
F.Silkscreen
  6
CONTINUOUS
100
AcDbLine
 10
7.0160759055118112
 20
-4.8918171653543308
 30
0
 11
7.0160759055118112
 21
-4.91403311023622
 31
0
  0
LINE
  5
636
330
1B
100
AcDbEntity
  8
F.Silkscreen
  6
CONTINUOUS
100
AcDbLine
 10
7.0160759055118112
 20
-4.91403311023622
 30
0
 11
7.0160184645669288
 21
-4.9146162204724408
 31
0
  0
LINE
  5
637
330
1B
100
AcDbEntity
  8
F.Silkscreen
  6
CONTINUOUS
100
AcDbLine
 10
7.0160184645669288
 20
-4.9146162204724408
 30
0
 11
7.0160295275590547
 21
-4.9147716929133853
 31
0
  0
LINE
  5
638
330
1B
100
AcDbEntity
  8
F.Silkscreen
  6
CONTINUOUS
100
AcDbLine
 10
7.0160295275590547
 20
-4.9147716929133853
 30
0
 11
7.0159920866141734
 21
-4.9148838976377949
 31
0
  0
LINE
  5
639
330
1B
100
AcDbEntity
  8
F.Silkscreen
  6
CONTINUOUS
100
AcDbLine
 10
7.0159920866141734
 20
-4.9148838976377949
 30
0
 11
7.0159624409448815
 21
-4.9151852362204727
 31
0
  0
LINE
  5
63A
330
1B
100
AcDbEntity
  8
F.Silkscreen
  6
CONTINUOUS
100
AcDbLine
 10
7.0159624409448815
 20
-4.9151852362204727
 30
0
 11
7.0156001181102363
 21
-4.9160598818897636
 31
0
  0
LINE
  5
63B
330
1B
100
AcDbEntity
  8
F.Silkscreen
  6
CONTINUOUS
100
AcDbLine
 10
7.0156001181102363
 20
-4.9160598818897636
 30
0
 11
7.0153008661417324
 21
-4.9169577165354328
 31
0
  0
LINE
  5
63C
330
1B
100
AcDbEntity
  8
F.Silkscreen
  6
CONTINUOUS
100
AcDbLine
 10
7.0153008661417324
 20
-4.9169577165354328
 30
0
 11
7.0151618110236216
 21
-4.9171179921259842
 31
0
  0
LINE
  5
63D
330
1B
100
AcDbEntity
  8
F.Silkscreen
  6
CONTINUOUS
100
AcDbLine
 10
7.0151618110236216
 20
-4.9171179921259842
 30
0
 11
7.0150806299212594
 21
-4.9173140551181103
 31
0
  0
LINE
  5
63E
330
1B
100
AcDbEntity
  8
F.Silkscreen
  6
CONTINUOUS
100
AcDbLine
 10
7.0150806299212594
 20
-4.9173140551181103
 30
0
 11
7.0144111023622049
 21
-4.9179835433070869
 31
0
  0
LINE
  5
63F
330
1B
100
AcDbEntity
  8
F.Silkscreen
  6
CONTINUOUS
100
AcDbLine
 10
7.0144111023622049
 20
-4.9179835433070869
 30
0
 11
7.0137911023622044
 21
-4.9186984251968502
 31
0
  0
LINE
  5
640
330
1B
100
AcDbEntity
  8
F.Silkscreen
  6
CONTINUOUS
100
AcDbLine
 10
7.0137911023622044
 20
-4.9186984251968502
 30
0
 11
7.0136013779527557
 21
-4.9187932677165351
 31
0
  0
LINE
  5
641
330
1B
100
AcDbEntity
  8
F.Silkscreen
  6
CONTINUOUS
100
AcDbLine
 10
7.0136013779527557
 20
-4.9187932677165351
 30
0
 11
7.0134513385826773
 21
-4.9189433464566932
 31
0
  0
LINE
  5
642
330
1B
100
AcDbEntity
  8
F.Silkscreen
  6
CONTINUOUS
100
AcDbLine
 10
7.0134513385826773
 20
-4.9189433464566932
 30
0
 11
7.012576614173228
 21
-4.9193056692913384
 31
0
  0
LINE
  5
643
330
1B
100
AcDbEntity
  8
F.Silkscreen
  6
CONTINUOUS
100
AcDbLine
 10
7.012576614173228
 20
-4.9193056692913384
 30
0
 11
7.0117301968503938
 21
-4.9197288976377953
 31
0
  0
LINE
  5
644
330
1B
100
AcDbEntity
  8
F.Silkscreen
  6
CONTINUOUS
100
AcDbLine
 10
7.0117301968503938
 20
-4.9197288976377953
 30
0
 11
7.0115185826771649
 21
-4.9197438976377947
 31
0
  0
LINE
  5
645
330
1B
100
AcDbEntity
  8
F.Silkscreen
  6
CONTINUOUS
100
AcDbLine
 10
7.0115185826771649
 20
-4.9197438976377947
 30
0
 11
7.0113225196850388
 21
-4.9198251574803145
 31
0
  0
LINE
  5
646
330
1B
100
AcDbEntity
  8
F.Silkscreen
  6
CONTINUOUS
100
AcDbLine
 10
7.0113225196850388
 20
-4.9198251574803145
 30
0
 11
7.0103757480314961
 21
-4.9198251574803145
 31
0
  0
LINE
  5
647
330
1B
100
AcDbEntity
  8
F.Silkscreen
  6
CONTINUOUS
100
AcDbLine
 10
7.0103757480314961
 20
-4.9198251574803145
 30
0
 11
7.009431771653543
 21
-4.9198922440944877
 31
0
  0
LINE
  5
648
330
1B
100
AcDbEntity
  8
F.Silkscreen
  6
CONTINUOUS
100
AcDbLine
 10
7.009431771653543
 20
-4.9198922440944877
 30
0
 11
7.0091367322834648
 21
-4.9198251574803145
 31
0
  0
LINE
  5
649
330
1B
100
AcDbEntity
  8
F.Silkscreen
  6
CONTINUOUS
100
AcDbLine
 10
7.0091367322834648
 20
-4.9198251574803145
 30
0
 11
7.0090182677165354
 21
-4.9198251574803145
 31
0
  0
LINE
  5
64A
330
1B
100
AcDbEntity
  8
F.Silkscreen
  6
CONTINUOUS
100
AcDbLine
 10
7.0090182677165354
 20
-4.9198251574803145
 30
0
 11
7.0088740944881884
 21
-4.9197654330708662
 31
0
  0
LINE
  5
64B
330
1B
100
AcDbEntity
  8
F.Silkscreen
  6
CONTINUOUS
100
AcDbLine
 10
7.0088740944881884
 20
-4.9197654330708662
 30
0
 11
7.0083028740157483
 21
-4.9196355511811021
 31
0
  0
LINE
  5
64C
330
1B
100
AcDbEntity
  8
F.Silkscreen
  6
CONTINUOUS
100
AcDbLine
 10
7.0083028740157483
 20
-4.9196355511811021
 30
0
 11
6.9661207086614167
 21
-4.905574803149606
 31
0
  0
LINE
  5
64D
330
1B
100
AcDbEntity
  8
F.Silkscreen
  6
CONTINUOUS
100
AcDbLine
 10
6.9661207086614167
 20
-4.905574803149606
 30
0
 11
6.965063582677165
 21
-4.9051028346456693
 31
0
  0
LINE
  5
64E
330
1B
100
AcDbEntity
  8
F.Silkscreen
  6
CONTINUOUS
100
AcDbLine
 10
6.965063582677165
 20
-4.9051028346456693
 30
0
 11
6.9633228740157476
 21
-4.90359311023622
 31
0
  0
LINE
  5
64F
330
1B
100
AcDbEntity
  8
F.Silkscreen
  6
CONTINUOUS
100
AcDbLine
 10
6.9633228740157476
 20
-4.90359311023622
 30
0
 11
6.9622924015748033
 21
-4.9015322047244094
 31
0
  0
LINE
  5
650
330
1B
100
AcDbEntity
  8
F.Silkscreen
  6
CONTINUOUS
100
AcDbLine
 10
6.9622924015748033
 20
-4.9015322047244094
 30
0
 11
6.9621290551181101
 21
-4.8992337401574799
 31
0
  0
LINE
  5
651
330
1B
100
AcDbEntity
  8
F.Silkscreen
  6
CONTINUOUS
100
AcDbLine
 10
6.9621290551181101
 20
-4.8992337401574799
 30
0
 11
6.9628577165354333
 21
-4.8970477559055121
 31
0
  0
LINE
  5
652
330
1B
100
AcDbEntity
  8
F.Silkscreen
  6
CONTINUOUS
100
AcDbLine
 10
6.9628577165354333
 20
-4.8970477559055121
 30
0
 11
6.9643674409448817
 21
-4.8953070472440947
 31
0
  0
LINE
  5
653
330
1B
100
AcDbEntity
  8
F.Silkscreen
  6
CONTINUOUS
100
AcDbLine
 10
6.9643674409448817
 20
-4.8953070472440947
 30
0
 11
6.9664283464566932
 21
-4.8942765748031496
 31
0
  0
LINE
  5
654
330
1B
100
AcDbEntity
  8
F.Silkscreen
  6
CONTINUOUS
100
AcDbLine
 10
6.9664283464566932
 20
-4.8942765748031496
 30
0
 11
6.9687268110236218
 21
-4.8941132283464563
 31
0
  0
LINE
  5
655
330
1B
100
AcDbEntity
  8
F.Silkscreen
  6
CONTINUOUS
100
AcDbLine
 10
6.9687268110236218
 20
-4.8941132283464563
 30
0
 11
6.9698556692913387
 21
-4.8943699212598428
 31
0
  0
LINE
  5
656
330
1B
100
AcDbEntity
  8
F.Silkscreen
  6
CONTINUOUS
100
AcDbLine
 10
6.9698556692913387
 20
-4.8943699212598428
 30
0
 11
7.0042648818897639
 21
-4.9058396062992129
 31
0
  0
LINE
  5
657
330
1B
100
AcDbEntity
  8
F.Silkscreen
  6
CONTINUOUS
100
AcDbLine
 10
7.0042648818897639
 20
-4.9058396062992129
 30
0
 11
7.0042648818897639
 21
-4.8918171653543308
 31
0
  0
LINE
  5
658
330
1B
100
AcDbEntity
  8
F.Silkscreen
  6
CONTINUOUS
100
AcDbLine
 10
7.0042648818897639
 20
-4.8918171653543308
 30
0
 11
6.9904853543307084
 21
-4.8918171653543308
 31
0
  0
LINE
  5
659
330
1B
100
AcDbEntity
  8
F.Silkscreen
  6
CONTINUOUS
100
AcDbLine
 10
6.9904853543307084
 20
-4.8918171653543308
 30
0
 11
6.9893332283464567
 21
-4.8917037007874011
 31
0
  0
LINE
  5
65A
330
1B
100
AcDbEntity
  8
F.Silkscreen
  6
CONTINUOUS
100
AcDbLine
 10
6.9893332283464567
 20
-4.8917037007874011
 30
0
 11
6.987204409448819
 21
-4.8908218897637799
 31
0
  0
LINE
  5
65B
330
1B
100
AcDbEntity
  8
F.Silkscreen
  6
CONTINUOUS
100
AcDbLine
 10
6.987204409448819
 20
-4.8908218897637799
 30
0
 11
6.9855751181102361
 21
-4.8891925984251969
 31
0
  0
LINE
  5
65C
330
1B
100
AcDbEntity
  8
F.Silkscreen
  6
CONTINUOUS
100
AcDbLine
 10
6.9855751181102361
 20
-4.8891925984251969
 30
0
 11
6.984693307086614
 21
-4.8870637795275593
 31
0
  0
LINE
  5
65D
330
1B
100
AcDbEntity
  8
F.Silkscreen
  6
CONTINUOUS
100
AcDbLine
 10
6.984693307086614
 20
-4.8870637795275593
 30
0
 11
6.984693307086614
 21
-4.884759527559055
 31
0
  0
LINE
  5
65E
330
1B
100
AcDbEntity
  8
F.Silkscreen
  6
CONTINUOUS
100
AcDbLine
 10
6.984693307086614
 20
-4.884759527559055
 30
0
 11
6.9855751181102361
 21
-4.8826307086614174
 31
0
  0
LINE
  5
65F
330
1B
100
AcDbEntity
  8
F.Silkscreen
  6
CONTINUOUS
100
AcDbLine
 10
6.9855751181102361
 20
-4.8826307086614174
 30
0
 11
6.987204409448819
 21
-4.8810014173228344
 31
0
  0
LINE
  5
660
330
1B
100
AcDbEntity
  8
F.Silkscreen
  6
CONTINUOUS
100
AcDbLine
 10
6.987204409448819
 20
-4.8810014173228344
 30
0
 11
6.9893332283464567
 21
-4.8801196062992123
 31
0
  0
LINE
  5
661
330
1B
100
AcDbEntity
  8
F.Silkscreen
  6
CONTINUOUS
100
AcDbLine
 10
6.9893332283464567
 20
-4.8801196062992123
 30
0
 11
6.9904853543307084
 21
-4.8800061417322835
 31
0
  0
LINE
  5
662
330
1B
100
AcDbEntity
  8
F.Silkscreen
  6
CONTINUOUS
100
AcDbLine
 10
6.9904853543307084
 20
-4.8800061417322835
 30
0
 11
7.0042648818897639
 21
-4.8800061417322835
 31
0
  0
LINE
  5
663
330
1B
100
AcDbEntity
  8
F.Silkscreen
  6
CONTINUOUS
100
AcDbLine
 10
7.0042648818897639
 20
-4.8800061417322835
 30
0
 11
7.0042648818897639
 21
-4.8774751968503933
 31
0
  0
LINE
  5
664
330
1B
100
AcDbEntity
  8
F.Silkscreen
  6
CONTINUOUS
100
AcDbLine
 10
7.0042648818897639
 20
-4.8774751968503933
 30
0
 11
7.0043783464566927
 21
-4.8763230708661416
 31
0
  0
LINE
  5
665
330
1B
100
AcDbEntity
  8
F.Silkscreen
  6
CONTINUOUS
100
AcDbLine
 10
7.0043783464566927
 20
-4.8763230708661416
 30
0
 11
7.0052601574803148
 21
-4.874194251968504
 31
0
  0
LINE
  5
666
330
1B
100
AcDbEntity
  8
F.Silkscreen
  6
CONTINUOUS
100
AcDbLine
 10
7.0052601574803148
 20
-4.874194251968504
 30
0
 11
7.0068894488188977
 21
-4.8725649606299211
 31
0
  0
LINE
  5
667
330
1B
100
AcDbEntity
  8
F.Silkscreen
  6
CONTINUOUS
100
AcDbLine
 10
7.0068894488188977
 20
-4.8725649606299211
 30
0
 11
7.0090182677165354
 21
-4.8716831496062989
 31
0
  0
LINE
  5
668
330
1B
100
AcDbEntity
  8
F.Silkscreen
  6
CONTINUOUS
100
AcDbLine
 10
7.0090182677165354
 20
-4.8716831496062989
 30
0
 11
7.0113225196850388
 21
-4.8716831496062989
 31
0
  0
LINE
  5
669
330
1B
100
AcDbEntity
  8
F.Silkscreen
  6
CONTINUOUS
100
AcDbLine
 10
7.0113225196850388
 20
-4.8716831496062989
 30
0
 11
7.0134513385826773
 21
-4.8725649606299211
 31
0
  0
LINE
  5
66A
330
1B
100
AcDbEntity
  8
F.Silkscreen
  6
CONTINUOUS
100
AcDbLine
 10
5.6373096850393702
 20
-4.8460192125984252
 30
0
 11
5.6374894881889759
 21
-4.846923188976378
 31
0
  0
LINE
  5
66B
330
1B
100
AcDbEntity
  8
F.Silkscreen
  6
CONTINUOUS
100
AcDbLine
 10
5.6374894881889759
 20
-4.846923188976378
 30
0
 11
5.6374894881889759
 21
-4.8648022440944878
 31
0
  0
LINE
  5
66C
330
1B
100
AcDbEntity
  8
F.Silkscreen
  6
CONTINUOUS
100
AcDbLine
 10
5.6374894881889759
 20
-4.8648022440944878
 30
0
 11
5.6373096850393702
 21
-4.8657062204724406
 31
0
  0
LINE
  5
66D
330
1B
100
AcDbEntity
  8
F.Silkscreen
  6
CONTINUOUS
100
AcDbLine
 10
5.6373096850393702
 20
-4.8657062204724406
 30
0
 11
5.63603125984252
 21
-4.8669846456692909
 31
0
  0
LINE
  5
66E
330
1B
100
AcDbEntity
  8
F.Silkscreen
  6
CONTINUOUS
100
AcDbLine
 10
5.63603125984252
 20
-4.8669846456692909
 30
0
 11
5.6342233070866143
 21
-4.8669846456692909
 31
0
  0
LINE
  5
66F
330
1B
100
AcDbEntity
  8
F.Silkscreen
  6
CONTINUOUS
100
AcDbLine
 10
5.6342233070866143
 20
-4.8669846456692909
 30
0
 11
5.6329448818897641
 21
-4.8657062204724406
 31
0
  0
LINE
  5
670
330
1B
100
AcDbEntity
  8
F.Silkscreen
  6
CONTINUOUS
100
AcDbLine
 10
5.6329448818897641
 20
-4.8657062204724406
 30
0
 11
5.6327650787401575
 21
-4.8648022440944878
 31
0
  0
LINE
  5
671
330
1B
100
AcDbEntity
  8
F.Silkscreen
  6
CONTINUOUS
100
AcDbLine
 10
5.6327650787401575
 20
-4.8648022440944878
 30
0
 11
5.6327650787401575
 21
-4.846923188976378
 31
0
  0
LINE
  5
672
330
1B
100
AcDbEntity
  8
F.Silkscreen
  6
CONTINUOUS
100
AcDbLine
 10
5.6327650787401575
 20
-4.846923188976378
 30
0
 11
5.6329448818897641
 21
-4.8460192125984252
 31
0
  0
LINE
  5
673
330
1B
100
AcDbEntity
  8
F.Silkscreen
  6
CONTINUOUS
100
AcDbLine
 10
5.6329448818897641
 20
-4.8460192125984252
 30
0
 11
5.6342233070866143
 21
-4.8447407874015749
 31
0
  0
LINE
  5
674
330
1B
100
AcDbEntity
  8
F.Silkscreen
  6
CONTINUOUS
100
AcDbLine
 10
5.6342233070866143
 20
-4.8447407874015749
 30
0
 11
5.63603125984252
 21
-4.8447407874015749
 31
0
  0
LINE
  5
675
330
1B
100
AcDbEntity
  8
F.Silkscreen
  6
CONTINUOUS
100
AcDbLine
 10
5.63603125984252
 20
-4.8447407874015749
 30
0
 11
5.6373096850393702
 21
-4.8460192125984252
 31
0
  0
LINE
  5
676
330
1B
100
AcDbEntity
  8
F.Silkscreen
  6
CONTINUOUS
100
AcDbLine
 10
5.6951837007874015
 20
-4.8460192125984252
 30
0
 11
5.6953635039370081
 21
-4.846923188976378
 31
0
  0
LINE
  5
677
330
1B
100
AcDbEntity
  8
F.Silkscreen
  6
CONTINUOUS
100
AcDbLine
 10
5.6953635039370081
 20
-4.846923188976378
 30
0
 11
5.6953635039370081
 21
-4.8648022440944878
 31
0
  0
LINE
  5
678
330
1B
100
AcDbEntity
  8
F.Silkscreen
  6
CONTINUOUS
100
AcDbLine
 10
5.6953635039370081
 20
-4.8648022440944878
 30
0
 11
5.6951837007874015
 21
-4.8657062204724406
 31
0
  0
LINE
  5
679
330
1B
100
AcDbEntity
  8
F.Silkscreen
  6
CONTINUOUS
100
AcDbLine
 10
5.6951837007874015
 20
-4.8657062204724406
 30
0
 11
5.6939052755905513
 21
-4.8669846456692909
 31
0
  0
LINE
  5
67A
330
1B
100
AcDbEntity
  8
F.Silkscreen
  6
CONTINUOUS
100
AcDbLine
 10
5.6939052755905513
 20
-4.8669846456692909
 30
0
 11
5.6920973228346456
 21
-4.8669846456692909
 31
0
  0
LINE
  5
67B
330
1B
100
AcDbEntity
  8
F.Silkscreen
  6
CONTINUOUS
100
AcDbLine
 10
5.6920973228346456
 20
-4.8669846456692909
 30
0
 11
5.6908188976377954
 21
-4.8657062204724406
 31
0
  0
LINE
  5
67C
330
1B
100
AcDbEntity
  8
F.Silkscreen
  6
CONTINUOUS
100
AcDbLine
 10
5.6908188976377954
 20
-4.8657062204724406
 30
0
 11
5.6906390944881888
 21
-4.8648022440944878
 31
0
  0
LINE
  5
67D
330
1B
100
AcDbEntity
  8
F.Silkscreen
  6
CONTINUOUS
100
AcDbLine
 10
5.6906390944881888
 20
-4.8648022440944878
 30
0
 11
5.6906390944881888
 21
-4.846923188976378
 31
0
  0
LINE
  5
67E
330
1B
100
AcDbEntity
  8
F.Silkscreen
  6
CONTINUOUS
100
AcDbLine
 10
5.6906390944881888
 20
-4.846923188976378
 30
0
 11
5.6908188976377954
 21
-4.8460192125984252
 31
0
  0
LINE
  5
67F
330
1B
100
AcDbEntity
  8
F.Silkscreen
  6
CONTINUOUS
100
AcDbLine
 10
5.6908188976377954
 20
-4.8460192125984252
 30
0
 11
5.6920973228346456
 21
-4.8447407874015749
 31
0
  0
LINE
  5
680
330
1B
100
AcDbEntity
  8
F.Silkscreen
  6
CONTINUOUS
100
AcDbLine
 10
5.6920973228346456
 20
-4.8447407874015749
 30
0
 11
5.6939052755905513
 21
-4.8447407874015749
 31
0
  0
LINE
  5
681
330
1B
100
AcDbEntity
  8
F.Silkscreen
  6
CONTINUOUS
100
AcDbLine
 10
5.6939052755905513
 20
-4.8447407874015749
 30
0
 11
5.6951837007874015
 21
-4.8460192125984252
 31
0
  0
LINE
  5
682
330
1B
100
AcDbEntity
  8
F.Silkscreen
  6
CONTINUOUS
100
AcDbLine
 10
5.7144750393700789
 20
-4.8460192125984252
 30
0
 11
5.7146548425196846
 21
-4.846923188976378
 31
0
  0
LINE
  5
683
330
1B
100
AcDbEntity
  8
F.Silkscreen
  6
CONTINUOUS
100
AcDbLine
 10
5.7146548425196846
 20
-4.846923188976378
 30
0
 11
5.7146548425196846
 21
-4.8648022440944878
 31
0
  0
LINE
  5
684
330
1B
100
AcDbEntity
  8
F.Silkscreen
  6
CONTINUOUS
100
AcDbLine
 10
5.7146548425196846
 20
-4.8648022440944878
 30
0
 11
5.7144750393700789
 21
-4.8657062204724406
 31
0
  0
LINE
  5
685
330
1B
100
AcDbEntity
  8
F.Silkscreen
  6
CONTINUOUS
100
AcDbLine
 10
5.7144750393700789
 20
-4.8657062204724406
 30
0
 11
5.7131966141732287
 21
-4.8669846456692909
 31
0
  0
LINE
  5
686
330
1B
100
AcDbEntity
  8
F.Silkscreen
  6
CONTINUOUS
100
AcDbLine
 10
5.7131966141732287
 20
-4.8669846456692909
 30
0
 11
5.711388661417323
 21
-4.8669846456692909
 31
0
  0
LINE
  5
687
330
1B
100
AcDbEntity
  8
F.Silkscreen
  6
CONTINUOUS
100
AcDbLine
 10
5.711388661417323
 20
-4.8669846456692909
 30
0
 11
5.7101102362204719
 21
-4.8657062204724406
 31
0
  0
LINE
  5
688
330
1B
100
AcDbEntity
  8
F.Silkscreen
  6
CONTINUOUS
100
AcDbLine
 10
5.7101102362204719
 20
-4.8657062204724406
 30
0
 11
5.7099304330708662
 21
-4.8648022440944878
 31
0
  0
LINE
  5
689
330
1B
100
AcDbEntity
  8
F.Silkscreen
  6
CONTINUOUS
100
AcDbLine
 10
5.7099304330708662
 20
-4.8648022440944878
 30
0
 11
5.7099304330708662
 21
-4.846923188976378
 31
0
  0
LINE
  5
68A
330
1B
100
AcDbEntity
  8
F.Silkscreen
  6
CONTINUOUS
100
AcDbLine
 10
5.7099304330708662
 20
-4.846923188976378
 30
0
 11
5.7101102362204719
 21
-4.8460192125984252
 31
0
  0
LINE
  5
68B
330
1B
100
AcDbEntity
  8
F.Silkscreen
  6
CONTINUOUS
100
AcDbLine
 10
5.7101102362204719
 20
-4.8460192125984252
 30
0
 11
5.711388661417323
 21
-4.8447407874015749
 31
0
  0
LINE
  5
68C
330
1B
100
AcDbEntity
  8
F.Silkscreen
  6
CONTINUOUS
100
AcDbLine
 10
5.711388661417323
 20
-4.8447407874015749
 30
0
 11
5.7131966141732287
 21
-4.8447407874015749
 31
0
  0
LINE
  5
68D
330
1B
100
AcDbEntity
  8
F.Silkscreen
  6
CONTINUOUS
100
AcDbLine
 10
5.7131966141732287
 20
-4.8447407874015749
 30
0
 11
5.7144750393700789
 21
-4.8460192125984252
 31
0
  0
LINE
  5
68E
330
1B
100
AcDbEntity
  8
F.Silkscreen
  6
CONTINUOUS
100
AcDbLine
 10
5.7723490551181103
 20
-4.8460192125984252
 30
0
 11
5.7725288582677168
 21
-4.846923188976378
 31
0
  0
LINE
  5
68F
330
1B
100
AcDbEntity
  8
F.Silkscreen
  6
CONTINUOUS
100
AcDbLine
 10
5.7725288582677168
 20
-4.846923188976378
 30
0
 11
5.7725288582677168
 21
-4.8648022440944878
 31
0
  0
LINE
  5
690
330
1B
100
AcDbEntity
  8
F.Silkscreen
  6
CONTINUOUS
100
AcDbLine
 10
5.7725288582677168
 20
-4.8648022440944878
 30
0
 11
5.7723490551181103
 21
-4.8657062204724406
 31
0
  0
LINE
  5
691
330
1B
100
AcDbEntity
  8
F.Silkscreen
  6
CONTINUOUS
100
AcDbLine
 10
5.7723490551181103
 20
-4.8657062204724406
 30
0
 11
5.77107062992126
 21
-4.8669846456692909
 31
0
  0
LINE
  5
692
330
1B
100
AcDbEntity
  8
F.Silkscreen
  6
CONTINUOUS
100
AcDbLine
 10
5.77107062992126
 20
-4.8669846456692909
 30
0
 11
5.7692626771653543
 21
-4.8669846456692909
 31
0
  0
LINE
  5
693
330
1B
100
AcDbEntity
  8
F.Silkscreen
  6
CONTINUOUS
100
AcDbLine
 10
5.7692626771653543
 20
-4.8669846456692909
 30
0
 11
5.7679842519685041
 21
-4.8657062204724406
 31
0
  0
LINE
  5
694
330
1B
100
AcDbEntity
  8
F.Silkscreen
  6
CONTINUOUS
100
AcDbLine
 10
5.7679842519685041
 20
-4.8657062204724406
 30
0
 11
5.7678044488188975
 21
-4.8648022440944878
 31
0
  0
LINE
  5
695
330
1B
100
AcDbEntity
  8
F.Silkscreen
  6
CONTINUOUS
100
AcDbLine
 10
5.7678044488188975
 20
-4.8648022440944878
 30
0
 11
5.7678044488188975
 21
-4.846923188976378
 31
0
  0
LINE
  5
696
330
1B
100
AcDbEntity
  8
F.Silkscreen
  6
CONTINUOUS
100
AcDbLine
 10
5.7678044488188975
 20
-4.846923188976378
 30
0
 11
5.7679842519685041
 21
-4.8460192125984252
 31
0
  0
LINE
  5
697
330
1B
100
AcDbEntity
  8
F.Silkscreen
  6
CONTINUOUS
100
AcDbLine
 10
5.7679842519685041
 20
-4.8460192125984252
 30
0
 11
5.7692626771653543
 21
-4.8447407874015749
 31
0
  0
LINE
  5
698
330
1B
100
AcDbEntity
  8
F.Silkscreen
  6
CONTINUOUS
100
AcDbLine
 10
5.7692626771653543
 20
-4.8447407874015749
 30
0
 11
5.77107062992126
 21
-4.8447407874015749
 31
0
  0
LINE
  5
699
330
1B
100
AcDbEntity
  8
F.Silkscreen
  6
CONTINUOUS
100
AcDbLine
 10
5.77107062992126
 20
-4.8447407874015749
 30
0
 11
5.7723490551181103
 21
-4.8460192125984252
 31
0
  0
LINE
  5
69A
330
1B
100
AcDbEntity
  8
F.Silkscreen
  6
CONTINUOUS
100
AcDbLine
 10
5.792034094488189
 20
-4.8460192125984252
 30
0
 11
5.7922138976377955
 21
-4.846923188976378
 31
0
  0
LINE
  5
69B
330
1B
100
AcDbEntity
  8
F.Silkscreen
  6
CONTINUOUS
100
AcDbLine
 10
5.7922138976377955
 20
-4.846923188976378
 30
0
 11
5.7922138976377955
 21
-4.8648022440944878
 31
0
  0
LINE
  5
69C
330
1B
100
AcDbEntity
  8
F.Silkscreen
  6
CONTINUOUS
100
AcDbLine
 10
5.7922138976377955
 20
-4.8648022440944878
 30
0
 11
5.792034094488189
 21
-4.8657062204724406
 31
0
  0
LINE
  5
69D
330
1B
100
AcDbEntity
  8
F.Silkscreen
  6
CONTINUOUS
100
AcDbLine
 10
5.792034094488189
 20
-4.8657062204724406
 30
0
 11
5.7907556692913387
 21
-4.8669846456692909
 31
0
  0
LINE
  5
69E
330
1B
100
AcDbEntity
  8
F.Silkscreen
  6
CONTINUOUS
100
AcDbLine
 10
5.7907556692913387
 20
-4.8669846456692909
 30
0
 11
5.7889477165354331
 21
-4.8669846456692909
 31
0
  0
LINE
  5
69F
330
1B
100
AcDbEntity
  8
F.Silkscreen
  6
CONTINUOUS
100
AcDbLine
 10
5.7889477165354331
 20
-4.8669846456692909
 30
0
 11
5.7876692913385828
 21
-4.8657062204724406
 31
0
  0
LINE
  5
6A0
330
1B
100
AcDbEntity
  8
F.Silkscreen
  6
CONTINUOUS
100
AcDbLine
 10
5.7876692913385828
 20
-4.8657062204724406
 30
0
 11
5.7874894881889762
 21
-4.8648022440944878
 31
0
  0
LINE
  5
6A1
330
1B
100
AcDbEntity
  8
F.Silkscreen
  6
CONTINUOUS
100
AcDbLine
 10
5.7874894881889762
 20
-4.8648022440944878
 30
0
 11
5.7874894881889762
 21
-4.846923188976378
 31
0
  0
LINE
  5
6A2
330
1B
100
AcDbEntity
  8
F.Silkscreen
  6
CONTINUOUS
100
AcDbLine
 10
5.7874894881889762
 20
-4.846923188976378
 30
0
 11
5.7876692913385828
 21
-4.8460192125984252
 31
0
  0
LINE
  5
6A3
330
1B
100
AcDbEntity
  8
F.Silkscreen
  6
CONTINUOUS
100
AcDbLine
 10
5.7876692913385828
 20
-4.8460192125984252
 30
0
 11
5.7889477165354331
 21
-4.8447407874015749
 31
0
  0
LINE
  5
6A4
330
1B
100
AcDbEntity
  8
F.Silkscreen
  6
CONTINUOUS
100
AcDbLine
 10
5.7889477165354331
 20
-4.8447407874015749
 30
0
 11
5.7907556692913387
 21
-4.8447407874015749
 31
0
  0
LINE
  5
6A5
330
1B
100
AcDbEntity
  8
F.Silkscreen
  6
CONTINUOUS
100
AcDbLine
 10
5.7907556692913387
 20
-4.8447407874015749
 30
0
 11
5.792034094488189
 21
-4.8460192125984252
 31
0
  0
LINE
  5
6A6
330
1B
100
AcDbEntity
  8
F.Silkscreen
  6
CONTINUOUS
100
AcDbLine
 10
5.8499081102362203
 20
-4.8460192125984252
 30
0
 11
5.8500879133858268
 21
-4.846923188976378
 31
0
  0
LINE
  5
6A7
330
1B
100
AcDbEntity
  8
F.Silkscreen
  6
CONTINUOUS
100
AcDbLine
 10
5.8500879133858268
 20
-4.846923188976378
 30
0
 11
5.8500879133858268
 21
-4.8648022440944878
 31
0
  0
LINE
  5
6A8
330
1B
100
AcDbEntity
  8
F.Silkscreen
  6
CONTINUOUS
100
AcDbLine
 10
5.8500879133858268
 20
-4.8648022440944878
 30
0
 11
5.8499081102362203
 21
-4.8657062204724406
 31
0
  0
LINE
  5
6A9
330
1B
100
AcDbEntity
  8
F.Silkscreen
  6
CONTINUOUS
100
AcDbLine
 10
5.8499081102362203
 20
-4.8657062204724406
 30
0
 11
5.84862968503937
 21
-4.8669846456692909
 31
0
  0
LINE
  5
6AA
330
1B
100
AcDbEntity
  8
F.Silkscreen
  6
CONTINUOUS
100
AcDbLine
 10
5.84862968503937
 20
-4.8669846456692909
 30
0
 11
5.8468217322834644
 21
-4.8669846456692909
 31
0
  0
LINE
  5
6AB
330
1B
100
AcDbEntity
  8
F.Silkscreen
  6
CONTINUOUS
100
AcDbLine
 10
5.8468217322834644
 20
-4.8669846456692909
 30
0
 11
5.8455433070866141
 21
-4.8657062204724406
 31
0
  0
LINE
  5
6AC
330
1B
100
AcDbEntity
  8
F.Silkscreen
  6
CONTINUOUS
100
AcDbLine
 10
5.8455433070866141
 20
-4.8657062204724406
 30
0
 11
5.8453635039370075
 21
-4.8648022440944878
 31
0
  0
LINE
  5
6AD
330
1B
100
AcDbEntity
  8
F.Silkscreen
  6
CONTINUOUS
100
AcDbLine
 10
5.8453635039370075
 20
-4.8648022440944878
 30
0
 11
5.8453635039370075
 21
-4.846923188976378
 31
0
  0
LINE
  5
6AE
330
1B
100
AcDbEntity
  8
F.Silkscreen
  6
CONTINUOUS
100
AcDbLine
 10
5.8453635039370075
 20
-4.846923188976378
 30
0
 11
5.8455433070866141
 21
-4.8460192125984252
 31
0
  0
LINE
  5
6AF
330
1B
100
AcDbEntity
  8
F.Silkscreen
  6
CONTINUOUS
100
AcDbLine
 10
5.8455433070866141
 20
-4.8460192125984252
 30
0
 11
5.8468217322834644
 21
-4.8447407874015749
 31
0
  0
LINE
  5
6B0
330
1B
100
AcDbEntity
  8
F.Silkscreen
  6
CONTINUOUS
100
AcDbLine
 10
5.8468217322834644
 20
-4.8447407874015749
 30
0
 11
5.84862968503937
 21
-4.8447407874015749
 31
0
  0
LINE
  5
6B1
330
1B
100
AcDbEntity
  8
F.Silkscreen
  6
CONTINUOUS
100
AcDbLine
 10
5.84862968503937
 20
-4.8447407874015749
 30
0
 11
5.8499081102362203
 21
-4.8460192125984252
 31
0
  0
LINE
  5
6B2
330
1B
100
AcDbEntity
  8
F.Silkscreen
  6
CONTINUOUS
100
AcDbLine
 10
6.2459711023622049
 20
-4.8460192125984252
 30
0
 11
6.2461509055118105
 21
-4.846923188976378
 31
0
  0
LINE
  5
6B3
330
1B
100
AcDbEntity
  8
F.Silkscreen
  6
CONTINUOUS
100
AcDbLine
 10
6.2461509055118105
 20
-4.846923188976378
 30
0
 11
6.2461509055118105
 21
-4.8648022440944878
 31
0
  0
LINE
  5
6B4
330
1B
100
AcDbEntity
  8
F.Silkscreen
  6
CONTINUOUS
100
AcDbLine
 10
6.2461509055118105
 20
-4.8648022440944878
 30
0
 11
6.2459711023622049
 21
-4.8657062204724406
 31
0
  0
LINE
  5
6B5
330
1B
100
AcDbEntity
  8
F.Silkscreen
  6
CONTINUOUS
100
AcDbLine
 10
6.2459711023622049
 20
-4.8657062204724406
 30
0
 11
6.2446926771653546
 21
-4.8669846456692909
 31
0
  0
LINE
  5
6B6
330
1B
100
AcDbEntity
  8
F.Silkscreen
  6
CONTINUOUS
100
AcDbLine
 10
6.2446926771653546
 20
-4.8669846456692909
 30
0
 11
6.242884724409449
 21
-4.8669846456692909
 31
0
  0
LINE
  5
6B7
330
1B
100
AcDbEntity
  8
F.Silkscreen
  6
CONTINUOUS
100
AcDbLine
 10
6.242884724409449
 20
-4.8669846456692909
 30
0
 11
6.2416062992125987
 21
-4.8657062204724406
 31
0
  0
LINE
  5
6B8
330
1B
100
AcDbEntity
  8
F.Silkscreen
  6
CONTINUOUS
100
AcDbLine
 10
6.2416062992125987
 20
-4.8657062204724406
 30
0
 11
6.2414264960629922
 21
-4.8648022440944878
 31
0
  0
LINE
  5
6B9
330
1B
100
AcDbEntity
  8
F.Silkscreen
  6
CONTINUOUS
100
AcDbLine
 10
6.2414264960629922
 20
-4.8648022440944878
 30
0
 11
6.2414264960629922
 21
-4.846923188976378
 31
0
  0
LINE
  5
6BA
330
1B
100
AcDbEntity
  8
F.Silkscreen
  6
CONTINUOUS
100
AcDbLine
 10
6.2414264960629922
 20
-4.846923188976378
 30
0
 11
6.2416062992125987
 21
-4.8460192125984252
 31
0
  0
LINE
  5
6BB
330
1B
100
AcDbEntity
  8
F.Silkscreen
  6
CONTINUOUS
100
AcDbLine
 10
6.2416062992125987
 20
-4.8460192125984252
 30
0
 11
6.242884724409449
 21
-4.8447407874015749
 31
0
  0
LINE
  5
6BC
330
1B
100
AcDbEntity
  8
F.Silkscreen
  6
CONTINUOUS
100
AcDbLine
 10
6.242884724409449
 20
-4.8447407874015749
 30
0
 11
6.2446926771653546
 21
-4.8447407874015749
 31
0
  0
LINE
  5
6BD
330
1B
100
AcDbEntity
  8
F.Silkscreen
  6
CONTINUOUS
100
AcDbLine
 10
6.2446926771653546
 20
-4.8447407874015749
 30
0
 11
6.2459711023622049
 21
-4.8460192125984252
 31
0
  0
LINE
  5
6BE
330
1B
100
AcDbEntity
  8
F.Silkscreen
  6
CONTINUOUS
100
AcDbLine
 10
6.3038451181102362
 20
-4.8460192125984252
 30
0
 11
6.3040249212598427
 21
-4.846923188976378
 31
0
  0
LINE
  5
6BF
330
1B
100
AcDbEntity
  8
F.Silkscreen
  6
CONTINUOUS
100
AcDbLine
 10
6.3040249212598427
 20
-4.846923188976378
 30
0
 11
6.3040249212598427
 21
-4.8648022440944878
 31
0
  0
LINE
  5
6C0
330
1B
100
AcDbEntity
  8
F.Silkscreen
  6
CONTINUOUS
100
AcDbLine
 10
6.3040249212598427
 20
-4.8648022440944878
 30
0
 11
6.3038451181102362
 21
-4.8657062204724406
 31
0
  0
LINE
  5
6C1
330
1B
100
AcDbEntity
  8
F.Silkscreen
  6
CONTINUOUS
100
AcDbLine
 10
6.3038451181102362
 20
-4.8657062204724406
 30
0
 11
6.3025666929133859
 21
-4.8669846456692909
 31
0
  0
LINE
  5
6C2
330
1B
100
AcDbEntity
  8
F.Silkscreen
  6
CONTINUOUS
100
AcDbLine
 10
6.3025666929133859
 20
-4.8669846456692909
 30
0
 11
6.3007587401574803
 21
-4.8669846456692909
 31
0
  0
LINE
  5
6C3
330
1B
100
AcDbEntity
  8
F.Silkscreen
  6
CONTINUOUS
100
AcDbLine
 10
6.3007587401574803
 20
-4.8669846456692909
 30
0
 11
6.29948031496063
 21
-4.8657062204724406
 31
0
  0
LINE
  5
6C4
330
1B
100
AcDbEntity
  8
F.Silkscreen
  6
CONTINUOUS
100
AcDbLine
 10
6.29948031496063
 20
-4.8657062204724406
 30
0
 11
6.2993005118110235
 21
-4.8648022440944878
 31
0
  0
LINE
  5
6C5
330
1B
100
AcDbEntity
  8
F.Silkscreen
  6
CONTINUOUS
100
AcDbLine
 10
6.2993005118110235
 20
-4.8648022440944878
 30
0
 11
6.2993005118110235
 21
-4.846923188976378
 31
0
  0
LINE
  5
6C6
330
1B
100
AcDbEntity
  8
F.Silkscreen
  6
CONTINUOUS
100
AcDbLine
 10
6.2993005118110235
 20
-4.846923188976378
 30
0
 11
6.29948031496063
 21
-4.8460192125984252
 31
0
  0
LINE
  5
6C7
330
1B
100
AcDbEntity
  8
F.Silkscreen
  6
CONTINUOUS
100
AcDbLine
 10
6.29948031496063
 20
-4.8460192125984252
 30
0
 11
6.3007587401574803
 21
-4.8447407874015749
 31
0
  0
LINE
  5
6C8
330
1B
100
AcDbEntity
  8
F.Silkscreen
  6
CONTINUOUS
100
AcDbLine
 10
6.3007587401574803
 20
-4.8447407874015749
 30
0
 11
6.3025666929133859
 21
-4.8447407874015749
 31
0
  0
LINE
  5
6C9
330
1B
100
AcDbEntity
  8
F.Silkscreen
  6
CONTINUOUS
100
AcDbLine
 10
6.3025666929133859
 20
-4.8447407874015749
 30
0
 11
6.3038451181102362
 21
-4.8460192125984252
 31
0
  0
LINE
  5
6CA
330
1B
100
AcDbEntity
  8
F.Silkscreen
  6
CONTINUOUS
100
AcDbLine
 10
6.3227427559055114
 20
-4.8460192125984252
 30
0
 11
6.3229225590551179
 21
-4.846923188976378
 31
0
  0
LINE
  5
6CB
330
1B
100
AcDbEntity
  8
F.Silkscreen
  6
CONTINUOUS
100
AcDbLine
 10
6.3229225590551179
 20
-4.846923188976378
 30
0
 11
6.3229225590551179
 21
-4.8648022440944878
 31
0
  0
LINE
  5
6CC
330
1B
100
AcDbEntity
  8
F.Silkscreen
  6
CONTINUOUS
100
AcDbLine
 10
6.3229225590551179
 20
-4.8648022440944878
 30
0
 11
6.3227427559055114
 21
-4.8657062204724406
 31
0
  0
LINE
  5
6CD
330
1B
100
AcDbEntity
  8
F.Silkscreen
  6
CONTINUOUS
100
AcDbLine
 10
6.3227427559055114
 20
-4.8657062204724406
 30
0
 11
6.3214643307086611
 21
-4.8669846456692909
 31
0
  0
LINE
  5
6CE
330
1B
100
AcDbEntity
  8
F.Silkscreen
  6
CONTINUOUS
100
AcDbLine
 10
6.3214643307086611
 20
-4.8669846456692909
 30
0
 11
6.3196563779527555
 21
-4.8669846456692909
 31
0
  0
LINE
  5
6CF
330
1B
100
AcDbEntity
  8
F.Silkscreen
  6
CONTINUOUS
100
AcDbLine
 10
6.3196563779527555
 20
-4.8669846456692909
 30
0
 11
6.3183779527559052
 21
-4.8657062204724406
 31
0
  0
LINE
  5
6D0
330
1B
100
AcDbEntity
  8
F.Silkscreen
  6
CONTINUOUS
100
AcDbLine
 10
6.3183779527559052
 20
-4.8657062204724406
 30
0
 11
6.3181981496062987
 21
-4.8648022440944878
 31
0
  0
LINE
  5
6D1
330
1B
100
AcDbEntity
  8
F.Silkscreen
  6
CONTINUOUS
100
AcDbLine
 10
6.3181981496062987
 20
-4.8648022440944878
 30
0
 11
6.3181981496062987
 21
-4.846923188976378
 31
0
  0
LINE
  5
6D2
330
1B
100
AcDbEntity
  8
F.Silkscreen
  6
CONTINUOUS
100
AcDbLine
 10
6.3181981496062987
 20
-4.846923188976378
 30
0
 11
6.3183779527559052
 21
-4.8460192125984252
 31
0
  0
LINE
  5
6D3
330
1B
100
AcDbEntity
  8
F.Silkscreen
  6
CONTINUOUS
100
AcDbLine
 10
6.3183779527559052
 20
-4.8460192125984252
 30
0
 11
6.3196563779527555
 21
-4.8447407874015749
 31
0
  0
LINE
  5
6D4
330
1B
100
AcDbEntity
  8
F.Silkscreen
  6
CONTINUOUS
100
AcDbLine
 10
6.3196563779527555
 20
-4.8447407874015749
 30
0
 11
6.3214643307086611
 21
-4.8447407874015749
 31
0
  0
LINE
  5
6D5
330
1B
100
AcDbEntity
  8
F.Silkscreen
  6
CONTINUOUS
100
AcDbLine
 10
6.3214643307086611
 20
-4.8447407874015749
 30
0
 11
6.3227427559055114
 21
-4.8460192125984252
 31
0
  0
LINE
  5
6D6
330
1B
100
AcDbEntity
  8
F.Silkscreen
  6
CONTINUOUS
100
AcDbLine
 10
6.3806167716535436
 20
-4.8460192125984252
 30
0
 11
6.3807965748031492
 21
-4.846923188976378
 31
0
  0
LINE
  5
6D7
330
1B
100
AcDbEntity
  8
F.Silkscreen
  6
CONTINUOUS
100
AcDbLine
 10
6.3807965748031492
 20
-4.846923188976378
 30
0
 11
6.3807965748031492
 21
-4.8648022440944878
 31
0
  0
LINE
  5
6D8
330
1B
100
AcDbEntity
  8
F.Silkscreen
  6
CONTINUOUS
100
AcDbLine
 10
6.3807965748031492
 20
-4.8648022440944878
 30
0
 11
6.3806167716535436
 21
-4.8657062204724406
 31
0
  0
LINE
  5
6D9
330
1B
100
AcDbEntity
  8
F.Silkscreen
  6
CONTINUOUS
100
AcDbLine
 10
6.3806167716535436
 20
-4.8657062204724406
 30
0
 11
6.3793383464566924
 21
-4.8669846456692909
 31
0
  0
LINE
  5
6DA
330
1B
100
AcDbEntity
  8
F.Silkscreen
  6
CONTINUOUS
100
AcDbLine
 10
6.3793383464566924
 20
-4.8669846456692909
 30
0
 11
6.3775303937007877
 21
-4.8669846456692909
 31
0
  0
LINE
  5
6DB
330
1B
100
AcDbEntity
  8
F.Silkscreen
  6
CONTINUOUS
100
AcDbLine
 10
6.3775303937007877
 20
-4.8669846456692909
 30
0
 11
6.3762519685039365
 21
-4.8657062204724406
 31
0
  0
LINE
  5
6DC
330
1B
100
AcDbEntity
  8
F.Silkscreen
  6
CONTINUOUS
100
AcDbLine
 10
6.3762519685039365
 20
-4.8657062204724406
 30
0
 11
6.3760721653543309
 21
-4.8648022440944878
 31
0
  0
LINE
  5
6DD
330
1B
100
AcDbEntity
  8
F.Silkscreen
  6
CONTINUOUS
100
AcDbLine
 10
6.3760721653543309
 20
-4.8648022440944878
 30
0
 11
6.3760721653543309
 21
-4.846923188976378
 31
0
  0
LINE
  5
6DE
330
1B
100
AcDbEntity
  8
F.Silkscreen
  6
CONTINUOUS
100
AcDbLine
 10
6.3760721653543309
 20
-4.846923188976378
 30
0
 11
6.3762519685039365
 21
-4.8460192125984252
 31
0
  0
LINE
  5
6DF
330
1B
100
AcDbEntity
  8
F.Silkscreen
  6
CONTINUOUS
100
AcDbLine
 10
6.3762519685039365
 20
-4.8460192125984252
 30
0
 11
6.3775303937007877
 21
-4.8447407874015749
 31
0
  0
LINE
  5
6E0
330
1B
100
AcDbEntity
  8
F.Silkscreen
  6
CONTINUOUS
100
AcDbLine
 10
6.3775303937007877
 20
-4.8447407874015749
 30
0
 11
6.3793383464566924
 21
-4.8447407874015749
 31
0
  0
LINE
  5
6E1
330
1B
100
AcDbEntity
  8
F.Silkscreen
  6
CONTINUOUS
100
AcDbLine
 10
6.3793383464566924
 20
-4.8447407874015749
 30
0
 11
6.3806167716535436
 21
-4.8460192125984252
 31
0
  0
LINE
  5
6E2
330
1B
100
AcDbEntity
  8
F.Silkscreen
  6
CONTINUOUS
100
AcDbLine
 10
6.3995144094488188
 20
-4.8460192125984252
 30
0
 11
6.3996942125984253
 21
-4.846923188976378
 31
0
  0
LINE
  5
6E3
330
1B
100
AcDbEntity
  8
F.Silkscreen
  6
CONTINUOUS
100
AcDbLine
 10
6.3996942125984253
 20
-4.846923188976378
 30
0
 11
6.3996942125984253
 21
-4.8648022440944878
 31
0
  0
LINE
  5
6E4
330
1B
100
AcDbEntity
  8
F.Silkscreen
  6
CONTINUOUS
100
AcDbLine
 10
6.3996942125984253
 20
-4.8648022440944878
 30
0
 11
6.3995144094488188
 21
-4.8657062204724406
 31
0
  0
LINE
  5
6E5
330
1B
100
AcDbEntity
  8
F.Silkscreen
  6
CONTINUOUS
100
AcDbLine
 10
6.3995144094488188
 20
-4.8657062204724406
 30
0
 11
6.3982359842519685
 21
-4.8669846456692909
 31
0
  0
LINE
  5
6E6
330
1B
100
AcDbEntity
  8
F.Silkscreen
  6
CONTINUOUS
100
AcDbLine
 10
6.3982359842519685
 20
-4.8669846456692909
 30
0
 11
6.3964280314960629
 21
-4.8669846456692909
 31
0
  0
LINE
  5
6E7
330
1B
100
AcDbEntity
  8
F.Silkscreen
  6
CONTINUOUS
100
AcDbLine
 10
6.3964280314960629
 20
-4.8669846456692909
 30
0
 11
6.3951496062992126
 21
-4.8657062204724406
 31
0
  0
LINE
  5
6E8
330
1B
100
AcDbEntity
  8
F.Silkscreen
  6
CONTINUOUS
100
AcDbLine
 10
6.3951496062992126
 20
-4.8657062204724406
 30
0
 11
6.3949698031496061
 21
-4.8648022440944878
 31
0
  0
LINE
  5
6E9
330
1B
100
AcDbEntity
  8
F.Silkscreen
  6
CONTINUOUS
100
AcDbLine
 10
6.3949698031496061
 20
-4.8648022440944878
 30
0
 11
6.3949698031496061
 21
-4.846923188976378
 31
0
  0
LINE
  5
6EA
330
1B
100
AcDbEntity
  8
F.Silkscreen
  6
CONTINUOUS
100
AcDbLine
 10
6.3949698031496061
 20
-4.846923188976378
 30
0
 11
6.3951496062992126
 21
-4.8460192125984252
 31
0
  0
LINE
  5
6EB
330
1B
100
AcDbEntity
  8
F.Silkscreen
  6
CONTINUOUS
100
AcDbLine
 10
6.3951496062992126
 20
-4.8460192125984252
 30
0
 11
6.3964280314960629
 21
-4.8447407874015749
 31
0
  0
LINE
  5
6EC
330
1B
100
AcDbEntity
  8
F.Silkscreen
  6
CONTINUOUS
100
AcDbLine
 10
6.3964280314960629
 20
-4.8447407874015749
 30
0
 11
6.3982359842519685
 21
-4.8447407874015749
 31
0
  0
LINE
  5
6ED
330
1B
100
AcDbEntity
  8
F.Silkscreen
  6
CONTINUOUS
100
AcDbLine
 10
6.3982359842519685
 20
-4.8447407874015749
 30
0
 11
6.3995144094488188
 21
-4.8460192125984252
 31
0
  0
LINE
  5
6EE
330
1B
100
AcDbEntity
  8
F.Silkscreen
  6
CONTINUOUS
100
AcDbLine
 10
6.4573884251968501
 20
-4.8460192125984252
 30
0
 11
6.4575682283464566
 21
-4.846923188976378
 31
0
  0
LINE
  5
6EF
330
1B
100
AcDbEntity
  8
F.Silkscreen
  6
CONTINUOUS
100
AcDbLine
 10
6.4575682283464566
 20
-4.846923188976378
 30
0
 11
6.4575682283464566
 21
-4.8648022440944878
 31
0
  0
LINE
  5
6F0
330
1B
100
AcDbEntity
  8
F.Silkscreen
  6
CONTINUOUS
100
AcDbLine
 10
6.4575682283464566
 20
-4.8648022440944878
 30
0
 11
6.4573884251968501
 21
-4.8657062204724406
 31
0
  0
LINE
  5
6F1
330
1B
100
AcDbEntity
  8
F.Silkscreen
  6
CONTINUOUS
100
AcDbLine
 10
6.4573884251968501
 20
-4.8657062204724406
 30
0
 11
6.4561099999999998
 21
-4.8669846456692909
 31
0
  0
LINE
  5
6F2
330
1B
100
AcDbEntity
  8
F.Silkscreen
  6
CONTINUOUS
100
AcDbLine
 10
6.4561099999999998
 20
-4.8669846456692909
 30
0
 11
6.4543020472440942
 21
-4.8669846456692909
 31
0
  0
LINE
  5
6F3
330
1B
100
AcDbEntity
  8
F.Silkscreen
  6
CONTINUOUS
100
AcDbLine
 10
6.4543020472440942
 20
-4.8669846456692909
 30
0
 11
6.4530236220472439
 21
-4.8657062204724406
 31
0
  0
LINE
  5
6F4
330
1B
100
AcDbEntity
  8
F.Silkscreen
  6
CONTINUOUS
100
AcDbLine
 10
6.4530236220472439
 20
-4.8657062204724406
 30
0
 11
6.4528438188976374
 21
-4.8648022440944878
 31
0
  0
LINE
  5
6F5
330
1B
100
AcDbEntity
  8
F.Silkscreen
  6
CONTINUOUS
100
AcDbLine
 10
6.4528438188976374
 20
-4.8648022440944878
 30
0
 11
6.4528438188976374
 21
-4.846923188976378
 31
0
  0
LINE
  5
6F6
330
1B
100
AcDbEntity
  8
F.Silkscreen
  6
CONTINUOUS
100
AcDbLine
 10
6.4528438188976374
 20
-4.846923188976378
 30
0
 11
6.4530236220472439
 21
-4.8460192125984252
 31
0
  0
LINE
  5
6F7
330
1B
100
AcDbEntity
  8
F.Silkscreen
  6
CONTINUOUS
100
AcDbLine
 10
6.4530236220472439
 20
-4.8460192125984252
 30
0
 11
6.4543020472440942
 21
-4.8447407874015749
 31
0
  0
LINE
  5
6F8
330
1B
100
AcDbEntity
  8
F.Silkscreen
  6
CONTINUOUS
100
AcDbLine
 10
6.4543020472440942
 20
-4.8447407874015749
 30
0
 11
6.4561099999999998
 21
-4.8447407874015749
 31
0
  0
LINE
  5
6F9
330
1B
100
AcDbEntity
  8
F.Silkscreen
  6
CONTINUOUS
100
AcDbLine
 10
6.4561099999999998
 20
-4.8447407874015749
 30
0
 11
6.4573884251968501
 21
-4.8460192125984252
 31
0
  0
LINE
  5
6FA
330
1B
100
AcDbEntity
  8
F.Silkscreen
  6
CONTINUOUS
100
AcDbLine
 10
7.0134513385826773
 20
-4.8163220078740157
 30
0
 11
7.0150806299212594
 21
-4.8179512992125986
 31
0
  0
LINE
  5
6FB
330
1B
100
AcDbEntity
  8
F.Silkscreen
  6
CONTINUOUS
100
AcDbLine
 10
7.0150806299212594
 20
-4.8179512992125986
 30
0
 11
7.0159624409448815
 21
-4.8200801181102362
 31
0
  0
LINE
  5
6FC
330
1B
100
AcDbEntity
  8
F.Silkscreen
  6
CONTINUOUS
100
AcDbLine
 10
7.0159624409448815
 20
-4.8200801181102362
 30
0
 11
7.0160759055118112
 21
-4.8212322440944879
 31
0
  0
LINE
  5
6FD
330
1B
100
AcDbEntity
  8
F.Silkscreen
  6
CONTINUOUS
100
AcDbLine
 10
7.0160759055118112
 20
-4.8212322440944879
 30
0
 11
7.0160759055118112
 21
-4.8237631889763781
 31
0
  0
LINE
  5
6FE
330
1B
100
AcDbEntity
  8
F.Silkscreen
  6
CONTINUOUS
100
AcDbLine
 10
7.0160759055118112
 20
-4.8237631889763781
 30
0
 11
7.0298554330708658
 21
-4.8237631889763781
 31
0
  0
LINE
  5
6FF
330
1B
100
AcDbEntity
  8
F.Silkscreen
  6
CONTINUOUS
100
AcDbLine
 10
7.0298554330708658
 20
-4.8237631889763781
 30
0
 11
7.0310075590551175
 21
-4.8238766535433069
 31
0
  0
LINE
  5
700
330
1B
100
AcDbEntity
  8
F.Silkscreen
  6
CONTINUOUS
100
AcDbLine
 10
7.0310075590551175
 20
-4.8238766535433069
 30
0
 11
7.033136377952756
 21
-4.824758464566929
 31
0
  0
LINE
  5
701
330
1B
100
AcDbEntity
  8
F.Silkscreen
  6
CONTINUOUS
100
AcDbLine
 10
7.033136377952756
 20
-4.824758464566929
 30
0
 11
7.0347656692913381
 21
-4.8263877559055119
 31
0
  0
LINE
  5
702
330
1B
100
AcDbEntity
  8
F.Silkscreen
  6
CONTINUOUS
100
AcDbLine
 10
7.0347656692913381
 20
-4.8263877559055119
 30
0
 11
7.0356474803149602
 21
-4.8285165748031496
 31
0
  0
LINE
  5
703
330
1B
100
AcDbEntity
  8
F.Silkscreen
  6
CONTINUOUS
100
AcDbLine
 10
7.0356474803149602
 20
-4.8285165748031496
 30
0
 11
7.0356474803149602
 21
-4.830820826771653
 31
0
  0
LINE
  5
704
330
1B
100
AcDbEntity
  8
F.Silkscreen
  6
CONTINUOUS
100
AcDbLine
 10
7.0356474803149602
 20
-4.830820826771653
 30
0
 11
7.0347656692913381
 21
-4.8329496456692915
 31
0
  0
LINE
  5
705
330
1B
100
AcDbEntity
  8
F.Silkscreen
  6
CONTINUOUS
100
AcDbLine
 10
7.0347656692913381
 20
-4.8329496456692915
 30
0
 11
7.033136377952756
 21
-4.8345789370078736
 31
0
  0
LINE
  5
706
330
1B
100
AcDbEntity
  8
F.Silkscreen
  6
CONTINUOUS
100
AcDbLine
 10
7.033136377952756
 20
-4.8345789370078736
 30
0
 11
7.0310075590551175
 21
-4.8354607480314957
 31
0
  0
LINE
  5
707
330
1B
100
AcDbEntity
  8
F.Silkscreen
  6
CONTINUOUS
100
AcDbLine
 10
7.0310075590551175
 20
-4.8354607480314957
 30
0
 11
7.0298554330708658
 21
-4.8355742125984253
 31
0
  0
LINE
  5
708
330
1B
100
AcDbEntity
  8
F.Silkscreen
  6
CONTINUOUS
100
AcDbLine
 10
7.0298554330708658
 20
-4.8355742125984253
 30
0
 11
7.0160759055118112
 21
-4.8355742125984253
 31
0
  0
LINE
  5
709
330
1B
100
AcDbEntity
  8
F.Silkscreen
  6
CONTINUOUS
100
AcDbLine
 10
7.0160759055118112
 20
-4.8355742125984253
 30
0
 11
7.0160759055118112
 21
-4.8577901574803146
 31
0
  0
LINE
  5
70A
330
1B
100
AcDbEntity
  8
F.Silkscreen
  6
CONTINUOUS
100
AcDbLine
 10
7.0160759055118112
 20
-4.8577901574803146
 30
0
 11
7.0160184645669288
 21
-4.8583732677165354
 31
0
  0
LINE
  5
70B
330
1B
100
AcDbEntity
  8
F.Silkscreen
  6
CONTINUOUS
100
AcDbLine
 10
7.0160184645669288
 20
-4.8583732677165354
 30
0
 11
7.0160295275590547
 21
-4.8585287401574799
 31
0
  0
LINE
  5
70C
330
1B
100
AcDbEntity
  8
F.Silkscreen
  6
CONTINUOUS
100
AcDbLine
 10
7.0160295275590547
 20
-4.8585287401574799
 30
0
 11
7.0159920866141734
 21
-4.8586409448818895
 31
0
  0
LINE
  5
70D
330
1B
100
AcDbEntity
  8
F.Silkscreen
  6
CONTINUOUS
100
AcDbLine
 10
7.0159920866141734
 20
-4.8586409448818895
 30
0
 11
7.0159624409448815
 21
-4.8589422834645672
 31
0
  0
LINE
  5
70E
330
1B
100
AcDbEntity
  8
F.Silkscreen
  6
CONTINUOUS
100
AcDbLine
 10
7.0159624409448815
 20
-4.8589422834645672
 30
0
 11
7.0156001181102363
 21
-4.8598169291338582
 31
0
  0
LINE
  5
70F
330
1B
100
AcDbEntity
  8
F.Silkscreen
  6
CONTINUOUS
100
AcDbLine
 10
7.0156001181102363
 20
-4.8598169291338582
 30
0
 11
7.0153008661417324
 21
-4.8607147637795274
 31
0
  0
LINE
  5
710
330
1B
100
AcDbEntity
  8
F.Silkscreen
  6
CONTINUOUS
100
AcDbLine
 10
7.0153008661417324
 20
-4.8607147637795274
 30
0
 11
7.0151618110236216
 21
-4.8608750393700788
 31
0
  0
LINE
  5
711
330
1B
100
AcDbEntity
  8
F.Silkscreen
  6
CONTINUOUS
100
AcDbLine
 10
7.0151618110236216
 20
-4.8608750393700788
 30
0
 11
7.0150806299212594
 21
-4.8610711023622049
 31
0
  0
LINE
  5
712
330
1B
100
AcDbEntity
  8
F.Silkscreen
  6
CONTINUOUS
100
AcDbLine
 10
7.0150806299212594
 20
-4.8610711023622049
 30
0
 11
7.0144111023622049
 21
-4.8617405905511806
 31
0
  0
LINE
  5
713
330
1B
100
AcDbEntity
  8
F.Silkscreen
  6
CONTINUOUS
100
AcDbLine
 10
7.0144111023622049
 20
-4.8617405905511806
 30
0
 11
7.0137911023622044
 21
-4.8624554724409448
 31
0
  0
LINE
  5
714
330
1B
100
AcDbEntity
  8
F.Silkscreen
  6
CONTINUOUS
100
AcDbLine
 10
7.0137911023622044
 20
-4.8624554724409448
 30
0
 11
7.0136013779527557
 21
-4.8625503149606297
 31
0
  0
LINE
  5
715
330
1B
100
AcDbEntity
  8
F.Silkscreen
  6
CONTINUOUS
100
AcDbLine
 10
7.0136013779527557
 20
-4.8625503149606297
 30
0
 11
7.0134513385826773
 21
-4.8627003937007869
 31
0
  0
LINE
  5
716
330
1B
100
AcDbEntity
  8
F.Silkscreen
  6
CONTINUOUS
100
AcDbLine
 10
7.0134513385826773
 20
-4.8627003937007869
 30
0
 11
7.012576614173228
 21
-4.863062716535433
 31
0
  0
LINE
  5
717
330
1B
100
AcDbEntity
  8
F.Silkscreen
  6
CONTINUOUS
100
AcDbLine
 10
7.012576614173228
 20
-4.863062716535433
 30
0
 11
7.0117301968503938
 21
-4.8634859448818899
 31
0
  0
LINE
  5
718
330
1B
100
AcDbEntity
  8
F.Silkscreen
  6
CONTINUOUS
100
AcDbLine
 10
7.0117301968503938
 20
-4.8634859448818899
 30
0
 11
7.0115185826771649
 21
-4.8635009448818893
 31
0
  0
LINE
  5
719
330
1B
100
AcDbEntity
  8
F.Silkscreen
  6
CONTINUOUS
100
AcDbLine
 10
7.0115185826771649
 20
-4.8635009448818893
 30
0
 11
7.0113225196850388
 21
-4.8635822047244091
 31
0
  0
LINE
  5
71A
330
1B
100
AcDbEntity
  8
F.Silkscreen
  6
CONTINUOUS
100
AcDbLine
 10
7.0113225196850388
 20
-4.8635822047244091
 30
0
 11
7.0103757480314961
 21
-4.8635822047244091
 31
0
  0
LINE
  5
71B
330
1B
100
AcDbEntity
  8
F.Silkscreen
  6
CONTINUOUS
100
AcDbLine
 10
7.0103757480314961
 20
-4.8635822047244091
 30
0
 11
7.009431771653543
 21
-4.8636492913385823
 31
0
  0
LINE
  5
71C
330
1B
100
AcDbEntity
  8
F.Silkscreen
  6
CONTINUOUS
100
AcDbLine
 10
7.009431771653543
 20
-4.8636492913385823
 30
0
 11
7.0091367322834648
 21
-4.8635822047244091
 31
0
  0
LINE
  5
71D
330
1B
100
AcDbEntity
  8
F.Silkscreen
  6
CONTINUOUS
100
AcDbLine
 10
7.0091367322834648
 20
-4.8635822047244091
 30
0
 11
7.0090182677165354
 21
-4.8635822047244091
 31
0
  0
LINE
  5
71E
330
1B
100
AcDbEntity
  8
F.Silkscreen
  6
CONTINUOUS
100
AcDbLine
 10
7.0090182677165354
 20
-4.8635822047244091
 30
0
 11
7.0088740944881884
 21
-4.8635224803149608
 31
0
  0
LINE
  5
71F
330
1B
100
AcDbEntity
  8
F.Silkscreen
  6
CONTINUOUS
100
AcDbLine
 10
7.0088740944881884
 20
-4.8635224803149608
 30
0
 11
7.0083028740157483
 21
-4.8633925984251967
 31
0
  0
LINE
  5
720
330
1B
100
AcDbEntity
  8
F.Silkscreen
  6
CONTINUOUS
100
AcDbLine
 10
7.0083028740157483
 20
-4.8633925984251967
 30
0
 11
6.9661207086614167
 21
-4.8493318503937006
 31
0
  0
LINE
  5
721
330
1B
100
AcDbEntity
  8
F.Silkscreen
  6
CONTINUOUS
100
AcDbLine
 10
6.9661207086614167
 20
-4.8493318503937006
 30
0
 11
6.965063582677165
 21
-4.8488598818897639
 31
0
  0
LINE
  5
722
330
1B
100
AcDbEntity
  8
F.Silkscreen
  6
CONTINUOUS
100
AcDbLine
 10
6.965063582677165
 20
-4.8488598818897639
 30
0
 11
6.9633228740157476
 21
-4.8473501574803146
 31
0
  0
LINE
  5
723
330
1B
100
AcDbEntity
  8
F.Silkscreen
  6
CONTINUOUS
100
AcDbLine
 10
6.9633228740157476
 20
-4.8473501574803146
 30
0
 11
6.9622924015748033
 21
-4.845289251968504
 31
0
  0
LINE
  5
724
330
1B
100
AcDbEntity
  8
F.Silkscreen
  6
CONTINUOUS
100
AcDbLine
 10
6.9622924015748033
 20
-4.845289251968504
 30
0
 11
6.9621290551181101
 21
-4.8429907874015745
 31
0
  0
LINE
  5
725
330
1B
100
AcDbEntity
  8
F.Silkscreen
  6
CONTINUOUS
100
AcDbLine
 10
6.9621290551181101
 20
-4.8429907874015745
 30
0
 11
6.9628577165354333
 21
-4.8408048031496058
 31
0
  0
LINE
  5
726
330
1B
100
AcDbEntity
  8
F.Silkscreen
  6
CONTINUOUS
100
AcDbLine
 10
6.9628577165354333
 20
-4.8408048031496058
 30
0
 11
6.9643674409448817
 21
-4.8390640944881893
 31
0
  0
LINE
  5
727
330
1B
100
AcDbEntity
  8
F.Silkscreen
  6
CONTINUOUS
100
AcDbLine
 10
6.9643674409448817
 20
-4.8390640944881893
 30
0
 11
6.9664283464566932
 21
-4.8380336220472442
 31
0
  0
LINE
  5
728
330
1B
100
AcDbEntity
  8
F.Silkscreen
  6
CONTINUOUS
100
AcDbLine
 10
6.9664283464566932
 20
-4.8380336220472442
 30
0
 11
6.9687268110236218
 21
-4.8378702755905509
 31
0
  0
LINE
  5
729
330
1B
100
AcDbEntity
  8
F.Silkscreen
  6
CONTINUOUS
100
AcDbLine
 10
6.9687268110236218
 20
-4.8378702755905509
 30
0
 11
6.9698556692913387
 21
-4.8381269685039365
 31
0
  0
LINE
  5
72A
330
1B
100
AcDbEntity
  8
F.Silkscreen
  6
CONTINUOUS
100
AcDbLine
 10
6.9698556692913387
 20
-4.8381269685039365
 30
0
 11
7.0042648818897639
 21
-4.8495966535433066
 31
0
  0
LINE
  5
72B
330
1B
100
AcDbEntity
  8
F.Silkscreen
  6
CONTINUOUS
100
AcDbLine
 10
7.0042648818897639
 20
-4.8495966535433066
 30
0
 11
7.0042648818897639
 21
-4.8355742125984253
 31
0
  0
LINE
  5
72C
330
1B
100
AcDbEntity
  8
F.Silkscreen
  6
CONTINUOUS
100
AcDbLine
 10
7.0042648818897639
 20
-4.8355742125984253
 30
0
 11
6.9904853543307084
 21
-4.8355742125984253
 31
0
  0
LINE
  5
72D
330
1B
100
AcDbEntity
  8
F.Silkscreen
  6
CONTINUOUS
100
AcDbLine
 10
6.9904853543307084
 20
-4.8355742125984253
 30
0
 11
6.9893332283464567
 21
-4.8354607480314957
 31
0
  0
LINE
  5
72E
330
1B
100
AcDbEntity
  8
F.Silkscreen
  6
CONTINUOUS
100
AcDbLine
 10
6.9893332283464567
 20
-4.8354607480314957
 30
0
 11
6.987204409448819
 21
-4.8345789370078736
 31
0
  0
LINE
  5
72F
330
1B
100
AcDbEntity
  8
F.Silkscreen
  6
CONTINUOUS
100
AcDbLine
 10
6.987204409448819
 20
-4.8345789370078736
 30
0
 11
6.9855751181102361
 21
-4.8329496456692915
 31
0
  0
LINE
  5
730
330
1B
100
AcDbEntity
  8
F.Silkscreen
  6
CONTINUOUS
100
AcDbLine
 10
6.9855751181102361
 20
-4.8329496456692915
 30
0
 11
6.984693307086614
 21
-4.830820826771653
 31
0
  0
LINE
  5
731
330
1B
100
AcDbEntity
  8
F.Silkscreen
  6
CONTINUOUS
100
AcDbLine
 10
6.984693307086614
 20
-4.830820826771653
 30
0
 11
6.984693307086614
 21
-4.8285165748031496
 31
0
  0
LINE
  5
732
330
1B
100
AcDbEntity
  8
F.Silkscreen
  6
CONTINUOUS
100
AcDbLine
 10
6.984693307086614
 20
-4.8285165748031496
 30
0
 11
6.9855751181102361
 21
-4.8263877559055119
 31
0
  0
LINE
  5
733
330
1B
100
AcDbEntity
  8
F.Silkscreen
  6
CONTINUOUS
100
AcDbLine
 10
6.9855751181102361
 20
-4.8263877559055119
 30
0
 11
6.987204409448819
 21
-4.824758464566929
 31
0
  0
LINE
  5
734
330
1B
100
AcDbEntity
  8
F.Silkscreen
  6
CONTINUOUS
100
AcDbLine
 10
6.987204409448819
 20
-4.824758464566929
 30
0
 11
6.9893332283464567
 21
-4.8238766535433069
 31
0
  0
LINE
  5
735
330
1B
100
AcDbEntity
  8
F.Silkscreen
  6
CONTINUOUS
100
AcDbLine
 10
6.9893332283464567
 20
-4.8238766535433069
 30
0
 11
6.9904853543307084
 21
-4.8237631889763781
 31
0
  0
LINE
  5
736
330
1B
100
AcDbEntity
  8
F.Silkscreen
  6
CONTINUOUS
100
AcDbLine
 10
6.9904853543307084
 20
-4.8237631889763781
 30
0
 11
7.0042648818897639
 21
-4.8237631889763781
 31
0
  0
LINE
  5
737
330
1B
100
AcDbEntity
  8
F.Silkscreen
  6
CONTINUOUS
100
AcDbLine
 10
7.0042648818897639
 20
-4.8237631889763781
 30
0
 11
7.0042648818897639
 21
-4.8212322440944879
 31
0
  0
LINE
  5
738
330
1B
100
AcDbEntity
  8
F.Silkscreen
  6
CONTINUOUS
100
AcDbLine
 10
7.0042648818897639
 20
-4.8212322440944879
 30
0
 11
7.0043783464566927
 21
-4.8200801181102362
 31
0
  0
LINE
  5
739
330
1B
100
AcDbEntity
  8
F.Silkscreen
  6
CONTINUOUS
100
AcDbLine
 10
7.0043783464566927
 20
-4.8200801181102362
 30
0
 11
7.0052601574803148
 21
-4.8179512992125986
 31
0
  0
LINE
  5
73A
330
1B
100
AcDbEntity
  8
F.Silkscreen
  6
CONTINUOUS
100
AcDbLine
 10
7.0052601574803148
 20
-4.8179512992125986
 30
0
 11
7.0068894488188977
 21
-4.8163220078740157
 31
0
  0
LINE
  5
73B
330
1B
100
AcDbEntity
  8
F.Silkscreen
  6
CONTINUOUS
100
AcDbLine
 10
7.0068894488188977
 20
-4.8163220078740157
 30
0
 11
7.0090182677165354
 21
-4.8154401968503935
 31
0
  0
LINE
  5
73C
330
1B
100
AcDbEntity
  8
F.Silkscreen
  6
CONTINUOUS
100
AcDbLine
 10
7.0090182677165354
 20
-4.8154401968503935
 30
0
 11
7.0113225196850388
 21
-4.8154401968503935
 31
0
  0
LINE
  5
73D
330
1B
100
AcDbEntity
  8
F.Silkscreen
  6
CONTINUOUS
100
AcDbLine
 10
7.0113225196850388
 20
-4.8154401968503935
 30
0
 11
7.0134513385826773
 21
-4.8163220078740157
 31
0
  0
LINE
  5
73E
330
1B
100
AcDbEntity
  8
F.Silkscreen
  6
CONTINUOUS
100
AcDbLine
 10
5.5890813385826768
 20
-4.8458587007874012
 30
0
 11
5.5892611417322833
 21
-4.846762677165354
 31
0
  0
LINE
  5
73F
330
1B
100
AcDbEntity
  8
F.Silkscreen
  6
CONTINUOUS
100
AcDbLine
 10
5.5892611417322833
 20
-4.846762677165354
 30
0
 11
5.5892611417322833
 21
-4.8588603937007875
 31
0
  0
LINE
  5
740
330
1B
100
AcDbEntity
  8
F.Silkscreen
  6
CONTINUOUS
100
AcDbLine
 10
5.5892611417322833
 20
-4.8588603937007875
 30
0
 11
5.5890813385826768
 21
-4.8597643700787403
 31
0
  0
LINE
  5
741
330
1B
100
AcDbEntity
  8
F.Silkscreen
  6
CONTINUOUS
100
AcDbLine
 10
5.5890813385826768
 20
-4.8597643700787403
 30
0
 11
5.5878029133858265
 21
-4.8610427952755906
 31
0
  0
LINE
  5
742
330
1B
100
AcDbEntity
  8
F.Silkscreen
  6
CONTINUOUS
100
AcDbLine
 10
5.5878029133858265
 20
-4.8610427952755906
 30
0
 11
5.5859949606299208
 21
-4.8610427952755906
 31
0
  0
LINE
  5
743
330
1B
100
AcDbEntity
  8
F.Silkscreen
  6
CONTINUOUS
100
AcDbLine
 10
5.5859949606299208
 20
-4.8610427952755906
 30
0
 11
5.5847165354330706
 21
-4.8597643700787403
 31
0
  0
LINE
  5
744
330
1B
100
AcDbEntity
  8
F.Silkscreen
  6
CONTINUOUS
100
AcDbLine
 10
5.5847165354330706
 20
-4.8597643700787403
 30
0
 11
5.584536732283464
 21
-4.8588603937007875
 31
0
  0
LINE
  5
745
330
1B
100
AcDbEntity
  8
F.Silkscreen
  6
CONTINUOUS
100
AcDbLine
 10
5.584536732283464
 20
-4.8588603937007875
 30
0
 11
5.584536732283464
 21
-4.846762677165354
 31
0
  0
LINE
  5
746
330
1B
100
AcDbEntity
  8
F.Silkscreen
  6
CONTINUOUS
100
AcDbLine
 10
5.584536732283464
 20
-4.846762677165354
 30
0
 11
5.5847165354330706
 21
-4.8458587007874012
 31
0
  0
LINE
  5
747
330
1B
100
AcDbEntity
  8
F.Silkscreen
  6
CONTINUOUS
100
AcDbLine
 10
5.5847165354330706
 20
-4.8458587007874012
 30
0
 11
5.5859949606299208
 21
-4.8445802755905509
 31
0
  0
LINE
  5
748
330
1B
100
AcDbEntity
  8
F.Silkscreen
  6
CONTINUOUS
100
AcDbLine
 10
5.5859949606299208
 20
-4.8445802755905509
 30
0
 11
5.5878029133858265
 21
-4.8445802755905509
 31
0
  0
LINE
  5
749
330
1B
100
AcDbEntity
  8
F.Silkscreen
  6
CONTINUOUS
100
AcDbLine
 10
5.5878029133858265
 20
-4.8445802755905509
 30
0
 11
5.5890813385826768
 21
-4.8458587007874012
 31
0
  0
LINE
  5
74A
330
1B
100
AcDbEntity
  8
F.Silkscreen
  6
CONTINUOUS
100
AcDbLine
 10
5.6190025984251966
 20
-4.8458587007874012
 30
0
 11
5.6191824015748031
 21
-4.846762677165354
 31
0
  0
LINE
  5
74B
330
1B
100
AcDbEntity
  8
F.Silkscreen
  6
CONTINUOUS
100
AcDbLine
 10
5.6191824015748031
 20
-4.846762677165354
 30
0
 11
5.6191824015748031
 21
-4.8588603937007875
 31
0
  0
LINE
  5
74C
330
1B
100
AcDbEntity
  8
F.Silkscreen
  6
CONTINUOUS
100
AcDbLine
 10
5.6191824015748031
 20
-4.8588603937007875
 30
0
 11
5.6190025984251966
 21
-4.8597643700787403
 31
0
  0
LINE
  5
74D
330
1B
100
AcDbEntity
  8
F.Silkscreen
  6
CONTINUOUS
100
AcDbLine
 10
5.6190025984251966
 20
-4.8597643700787403
 30
0
 11
5.6177241732283463
 21
-4.8610427952755906
 31
0
  0
LINE
  5
74E
330
1B
100
AcDbEntity
  8
F.Silkscreen
  6
CONTINUOUS
100
AcDbLine
 10
5.6177241732283463
 20
-4.8610427952755906
 30
0
 11
5.6159162204724407
 21
-4.8610427952755906
 31
0
  0
LINE
  5
74F
330
1B
100
AcDbEntity
  8
F.Silkscreen
  6
CONTINUOUS
100
AcDbLine
 10
5.6159162204724407
 20
-4.8610427952755906
 30
0
 11
5.6146377952755904
 21
-4.8597643700787403
 31
0
  0
LINE
  5
750
330
1B
100
AcDbEntity
  8
F.Silkscreen
  6
CONTINUOUS
100
AcDbLine
 10
5.6146377952755904
 20
-4.8597643700787403
 30
0
 11
5.6144579921259838
 21
-4.8588603937007875
 31
0
  0
LINE
  5
751
330
1B
100
AcDbEntity
  8
F.Silkscreen
  6
CONTINUOUS
100
AcDbLine
 10
5.6144579921259838
 20
-4.8588603937007875
 30
0
 11
5.6144579921259838
 21
-4.846762677165354
 31
0
  0
LINE
  5
752
330
1B
100
AcDbEntity
  8
F.Silkscreen
  6
CONTINUOUS
100
AcDbLine
 10
5.6144579921259838
 20
-4.846762677165354
 30
0
 11
5.6146377952755904
 21
-4.8458587007874012
 31
0
  0
LINE
  5
753
330
1B
100
AcDbEntity
  8
F.Silkscreen
  6
CONTINUOUS
100
AcDbLine
 10
5.6146377952755904
 20
-4.8458587007874012
 30
0
 11
5.6159162204724407
 21
-4.8445802755905509
 31
0
  0
LINE
  5
754
330
1B
100
AcDbEntity
  8
F.Silkscreen
  6
CONTINUOUS
100
AcDbLine
 10
5.6159162204724407
 20
-4.8445802755905509
 30
0
 11
5.6177241732283463
 21
-4.8445802755905509
 31
0
  0
LINE
  5
755
330
1B
100
AcDbEntity
  8
F.Silkscreen
  6
CONTINUOUS
100
AcDbLine
 10
5.6177241732283463
 20
-4.8445802755905509
 30
0
 11
5.6190025984251966
 21
-4.8458587007874012
 31
0
  0
LINE
  5
756
330
1B
100
AcDbEntity
  8
F.Silkscreen
  6
CONTINUOUS
100
AcDbLine
 10
5.8690025984251966
 20
-4.8458587007874012
 30
0
 11
5.8691824015748031
 21
-4.846762677165354
 31
0
  0
LINE
  5
757
330
1B
100
AcDbEntity
  8
F.Silkscreen
  6
CONTINUOUS
100
AcDbLine
 10
5.8691824015748031
 20
-4.846762677165354
 30
0
 11
5.8691824015748031
 21
-4.8588603937007875
 31
0
  0
LINE
  5
758
330
1B
100
AcDbEntity
  8
F.Silkscreen
  6
CONTINUOUS
100
AcDbLine
 10
5.8691824015748031
 20
-4.8588603937007875
 30
0
 11
5.8690025984251966
 21
-4.8597643700787403
 31
0
  0
LINE
  5
759
330
1B
100
AcDbEntity
  8
F.Silkscreen
  6
CONTINUOUS
100
AcDbLine
 10
5.8690025984251966
 20
-4.8597643700787403
 30
0
 11
5.8677241732283463
 21
-4.8610427952755906
 31
0
  0
LINE
  5
75A
330
1B
100
AcDbEntity
  8
F.Silkscreen
  6
CONTINUOUS
100
AcDbLine
 10
5.8677241732283463
 20
-4.8610427952755906
 30
0
 11
5.8659162204724407
 21
-4.8610427952755906
 31
0
  0
LINE
  5
75B
330
1B
100
AcDbEntity
  8
F.Silkscreen
  6
CONTINUOUS
100
AcDbLine
 10
5.8659162204724407
 20
-4.8610427952755906
 30
0
 11
5.8646377952755904
 21
-4.8597643700787403
 31
0
  0
LINE
  5
75C
330
1B
100
AcDbEntity
  8
F.Silkscreen
  6
CONTINUOUS
100
AcDbLine
 10
5.8646377952755904
 20
-4.8597643700787403
 30
0
 11
5.8644579921259838
 21
-4.8588603937007875
 31
0
  0
LINE
  5
75D
330
1B
100
AcDbEntity
  8
F.Silkscreen
  6
CONTINUOUS
100
AcDbLine
 10
5.8644579921259838
 20
-4.8588603937007875
 30
0
 11
5.8644579921259838
 21
-4.846762677165354
 31
0
  0
LINE
  5
75E
330
1B
100
AcDbEntity
  8
F.Silkscreen
  6
CONTINUOUS
100
AcDbLine
 10
5.8644579921259838
 20
-4.846762677165354
 30
0
 11
5.8646377952755904
 21
-4.8458587007874012
 31
0
  0
LINE
  5
75F
330
1B
100
AcDbEntity
  8
F.Silkscreen
  6
CONTINUOUS
100
AcDbLine
 10
5.8646377952755904
 20
-4.8458587007874012
 30
0
 11
5.8659162204724407
 21
-4.8445802755905509
 31
0
  0
LINE
  5
760
330
1B
100
AcDbEntity
  8
F.Silkscreen
  6
CONTINUOUS
100
AcDbLine
 10
5.8659162204724407
 20
-4.8445802755905509
 30
0
 11
5.8677241732283463
 21
-4.8445802755905509
 31
0
  0
LINE
  5
761
330
1B
100
AcDbEntity
  8
F.Silkscreen
  6
CONTINUOUS
100
AcDbLine
 10
5.8677241732283463
 20
-4.8445802755905509
 30
0
 11
5.8690025984251966
 21
-4.8458587007874012
 31
0
  0
LINE
  5
762
330
1B
100
AcDbEntity
  8
F.Silkscreen
  6
CONTINUOUS
100
AcDbLine
 10
5.8989238582677164
 20
-4.8458587007874012
 30
0
 11
5.8991036614173229
 21
-4.846762677165354
 31
0
  0
LINE
  5
763
330
1B
100
AcDbEntity
  8
F.Silkscreen
  6
CONTINUOUS
100
AcDbLine
 10
5.8991036614173229
 20
-4.846762677165354
 30
0
 11
5.8991036614173229
 21
-4.8588603937007875
 31
0
  0
LINE
  5
764
330
1B
100
AcDbEntity
  8
F.Silkscreen
  6
CONTINUOUS
100
AcDbLine
 10
5.8991036614173229
 20
-4.8588603937007875
 30
0
 11
5.8989238582677164
 21
-4.8597643700787403
 31
0
  0
LINE
  5
765
330
1B
100
AcDbEntity
  8
F.Silkscreen
  6
CONTINUOUS
100
AcDbLine
 10
5.8989238582677164
 20
-4.8597643700787403
 30
0
 11
5.8976454330708661
 21
-4.8610427952755906
 31
0
  0
LINE
  5
766
330
1B
100
AcDbEntity
  8
F.Silkscreen
  6
CONTINUOUS
100
AcDbLine
 10
5.8976454330708661
 20
-4.8610427952755906
 30
0
 11
5.8958374803149605
 21
-4.8610427952755906
 31
0
  0
LINE
  5
767
330
1B
100
AcDbEntity
  8
F.Silkscreen
  6
CONTINUOUS
100
AcDbLine
 10
5.8958374803149605
 20
-4.8610427952755906
 30
0
 11
5.8945590551181102
 21
-4.8597643700787403
 31
0
  0
LINE
  5
768
330
1B
100
AcDbEntity
  8
F.Silkscreen
  6
CONTINUOUS
100
AcDbLine
 10
5.8945590551181102
 20
-4.8597643700787403
 30
0
 11
5.8943792519685037
 21
-4.8588603937007875
 31
0
  0
LINE
  5
769
330
1B
100
AcDbEntity
  8
F.Silkscreen
  6
CONTINUOUS
100
AcDbLine
 10
5.8943792519685037
 20
-4.8588603937007875
 30
0
 11
5.8943792519685037
 21
-4.846762677165354
 31
0
  0
LINE
  5
76A
330
1B
100
AcDbEntity
  8
F.Silkscreen
  6
CONTINUOUS
100
AcDbLine
 10
5.8943792519685037
 20
-4.846762677165354
 30
0
 11
5.8945590551181102
 21
-4.8458587007874012
 31
0
  0
LINE
  5
76B
330
1B
100
AcDbEntity
  8
F.Silkscreen
  6
CONTINUOUS
100
AcDbLine
 10
5.8945590551181102
 20
-4.8458587007874012
 30
0
 11
5.8958374803149605
 21
-4.8445802755905509
 31
0
  0
LINE
  5
76C
330
1B
100
AcDbEntity
  8
F.Silkscreen
  6
CONTINUOUS
100
AcDbLine
 10
5.8958374803149605
 20
-4.8445802755905509
 30
0
 11
5.8976454330708661
 21
-4.8445802755905509
 31
0
  0
LINE
  5
76D
330
1B
100
AcDbEntity
  8
F.Silkscreen
  6
CONTINUOUS
100
AcDbLine
 10
5.8976454330708661
 20
-4.8445802755905509
 30
0
 11
5.8989238582677164
 21
-4.8458587007874012
 31
0
  0
LINE
  5
76E
330
1B
100
AcDbEntity
  8
F.Silkscreen
  6
CONTINUOUS
100
AcDbLine
 10
6.1969553543307088
 20
-4.8458587007874012
 30
0
 11
6.1971351574803144
 21
-4.846762677165354
 31
0
  0
LINE
  5
76F
330
1B
100
AcDbEntity
  8
F.Silkscreen
  6
CONTINUOUS
100
AcDbLine
 10
6.1971351574803144
 20
-4.846762677165354
 30
0
 11
6.1971351574803144
 21
-4.8588603937007875
 31
0
  0
LINE
  5
770
330
1B
100
AcDbEntity
  8
F.Silkscreen
  6
CONTINUOUS
100
AcDbLine
 10
6.1971351574803144
 20
-4.8588603937007875
 30
0
 11
6.1969553543307088
 21
-4.8597643700787403
 31
0
  0
LINE
  5
771
330
1B
100
AcDbEntity
  8
F.Silkscreen
  6
CONTINUOUS
100
AcDbLine
 10
6.1969553543307088
 20
-4.8597643700787403
 30
0
 11
6.1956769291338585
 21
-4.8610427952755906
 31
0
  0
LINE
  5
772
330
1B
100
AcDbEntity
  8
F.Silkscreen
  6
CONTINUOUS
100
AcDbLine
 10
6.1956769291338585
 20
-4.8610427952755906
 30
0
 11
6.1938689763779529
 21
-4.8610427952755906
 31
0
  0
LINE
  5
773
330
1B
100
AcDbEntity
  8
F.Silkscreen
  6
CONTINUOUS
100
AcDbLine
 10
6.1938689763779529
 20
-4.8610427952755906
 30
0
 11
6.1925905511811026
 21
-4.8597643700787403
 31
0
  0
LINE
  5
774
330
1B
100
AcDbEntity
  8
F.Silkscreen
  6
CONTINUOUS
100
AcDbLine
 10
6.1925905511811026
 20
-4.8597643700787403
 30
0
 11
6.192410748031496
 21
-4.8588603937007875
 31
0
  0
LINE
  5
775
330
1B
100
AcDbEntity
  8
F.Silkscreen
  6
CONTINUOUS
100
AcDbLine
 10
6.192410748031496
 20
-4.8588603937007875
 30
0
 11
6.192410748031496
 21
-4.846762677165354
 31
0
  0
LINE
  5
776
330
1B
100
AcDbEntity
  8
F.Silkscreen
  6
CONTINUOUS
100
AcDbLine
 10
6.192410748031496
 20
-4.846762677165354
 30
0
 11
6.1925905511811026
 21
-4.8458587007874012
 31
0
  0
LINE
  5
777
330
1B
100
AcDbEntity
  8
F.Silkscreen
  6
CONTINUOUS
100
AcDbLine
 10
6.1925905511811026
 20
-4.8458587007874012
 30
0
 11
6.1938689763779529
 21
-4.8445802755905509
 31
0
  0
LINE
  5
778
330
1B
100
AcDbEntity
  8
F.Silkscreen
  6
CONTINUOUS
100
AcDbLine
 10
6.1938689763779529
 20
-4.8445802755905509
 30
0
 11
6.1956769291338585
 21
-4.8445802755905509
 31
0
  0
LINE
  5
779
330
1B
100
AcDbEntity
  8
F.Silkscreen
  6
CONTINUOUS
100
AcDbLine
 10
6.1956769291338585
 20
-4.8445802755905509
 30
0
 11
6.1969553543307088
 21
-4.8458587007874012
 31
0
  0
LINE
  5
77A
330
1B
100
AcDbEntity
  8
F.Silkscreen
  6
CONTINUOUS
100
AcDbLine
 10
6.2268766141732286
 20
-4.8458587007874012
 30
0
 11
6.2270564173228342
 21
-4.846762677165354
 31
0
  0
LINE
  5
77B
330
1B
100
AcDbEntity
  8
F.Silkscreen
  6
CONTINUOUS
100
AcDbLine
 10
6.2270564173228342
 20
-4.846762677165354
 30
0
 11
6.2270564173228342
 21
-4.8588603937007875
 31
0
  0
LINE
  5
77C
330
1B
100
AcDbEntity
  8
F.Silkscreen
  6
CONTINUOUS
100
AcDbLine
 10
6.2270564173228342
 20
-4.8588603937007875
 30
0
 11
6.2268766141732286
 21
-4.8597643700787403
 31
0
  0
LINE
  5
77D
330
1B
100
AcDbEntity
  8
F.Silkscreen
  6
CONTINUOUS
100
AcDbLine
 10
6.2268766141732286
 20
-4.8597643700787403
 30
0
 11
6.2255981889763774
 21
-4.8610427952755906
 31
0
  0
LINE
  5
77E
330
1B
100
AcDbEntity
  8
F.Silkscreen
  6
CONTINUOUS
100
AcDbLine
 10
6.2255981889763774
 20
-4.8610427952755906
 30
0
 11
6.2237902362204727
 21
-4.8610427952755906
 31
0
  0
LINE
  5
77F
330
1B
100
AcDbEntity
  8
F.Silkscreen
  6
CONTINUOUS
100
AcDbLine
 10
6.2237902362204727
 20
-4.8610427952755906
 30
0
 11
6.2225118110236215
 21
-4.8597643700787403
 31
0
  0
LINE
  5
780
330
1B
100
AcDbEntity
  8
F.Silkscreen
  6
CONTINUOUS
100
AcDbLine
 10
6.2225118110236215
 20
-4.8597643700787403
 30
0
 11
6.2223320078740159
 21
-4.8588603937007875
 31
0
  0
LINE
  5
781
330
1B
100
AcDbEntity
  8
F.Silkscreen
  6
CONTINUOUS
100
AcDbLine
 10
6.2223320078740159
 20
-4.8588603937007875
 30
0
 11
6.2223320078740159
 21
-4.846762677165354
 31
0
  0
LINE
  5
782
330
1B
100
AcDbEntity
  8
F.Silkscreen
  6
CONTINUOUS
100
AcDbLine
 10
6.2223320078740159
 20
-4.846762677165354
 30
0
 11
6.2225118110236215
 21
-4.8458587007874012
 31
0
  0
LINE
  5
783
330
1B
100
AcDbEntity
  8
F.Silkscreen
  6
CONTINUOUS
100
AcDbLine
 10
6.2225118110236215
 20
-4.8458587007874012
 30
0
 11
6.2237902362204727
 21
-4.8445802755905509
 31
0
  0
LINE
  5
784
330
1B
100
AcDbEntity
  8
F.Silkscreen
  6
CONTINUOUS
100
AcDbLine
 10
6.2237902362204727
 20
-4.8445802755905509
 30
0
 11
6.2255981889763774
 21
-4.8445802755905509
 31
0
  0
LINE
  5
785
330
1B
100
AcDbEntity
  8
F.Silkscreen
  6
CONTINUOUS
100
AcDbLine
 10
6.2255981889763774
 20
-4.8445802755905509
 30
0
 11
6.2268766141732286
 21
-4.8458587007874012
 31
0
  0
LINE
  5
786
330
1B
100
AcDbEntity
  8
F.Silkscreen
  6
CONTINUOUS
100
AcDbLine
 10
6.4768766141732286
 20
-4.8458587007874012
 30
0
 11
6.4770564173228342
 21
-4.846762677165354
 31
0
  0
LINE
  5
787
330
1B
100
AcDbEntity
  8
F.Silkscreen
  6
CONTINUOUS
100
AcDbLine
 10
6.4770564173228342
 20
-4.846762677165354
 30
0
 11
6.4770564173228342
 21
-4.8588603937007875
 31
0
  0
LINE
  5
788
330
1B
100
AcDbEntity
  8
F.Silkscreen
  6
CONTINUOUS
100
AcDbLine
 10
6.4770564173228342
 20
-4.8588603937007875
 30
0
 11
6.4768766141732286
 21
-4.8597643700787403
 31
0
  0
LINE
  5
789
330
1B
100
AcDbEntity
  8
F.Silkscreen
  6
CONTINUOUS
100
AcDbLine
 10
6.4768766141732286
 20
-4.8597643700787403
 30
0
 11
6.4755981889763774
 21
-4.8610427952755906
 31
0
  0
LINE
  5
78A
330
1B
100
AcDbEntity
  8
F.Silkscreen
  6
CONTINUOUS
100
AcDbLine
 10
6.4755981889763774
 20
-4.8610427952755906
 30
0
 11
6.4737902362204727
 21
-4.8610427952755906
 31
0
  0
LINE
  5
78B
330
1B
100
AcDbEntity
  8
F.Silkscreen
  6
CONTINUOUS
100
AcDbLine
 10
6.4737902362204727
 20
-4.8610427952755906
 30
0
 11
6.4725118110236215
 21
-4.8597643700787403
 31
0
  0
LINE
  5
78C
330
1B
100
AcDbEntity
  8
F.Silkscreen
  6
CONTINUOUS
100
AcDbLine
 10
6.4725118110236215
 20
-4.8597643700787403
 30
0
 11
6.4723320078740159
 21
-4.8588603937007875
 31
0
  0
LINE
  5
78D
330
1B
100
AcDbEntity
  8
F.Silkscreen
  6
CONTINUOUS
100
AcDbLine
 10
6.4723320078740159
 20
-4.8588603937007875
 30
0
 11
6.4723320078740159
 21
-4.846762677165354
 31
0
  0
LINE
  5
78E
330
1B
100
AcDbEntity
  8
F.Silkscreen
  6
CONTINUOUS
100
AcDbLine
 10
6.4723320078740159
 20
-4.846762677165354
 30
0
 11
6.4725118110236215
 21
-4.8458587007874012
 31
0
  0
LINE
  5
78F
330
1B
100
AcDbEntity
  8
F.Silkscreen
  6
CONTINUOUS
100
AcDbLine
 10
6.4725118110236215
 20
-4.8458587007874012
 30
0
 11
6.4737902362204727
 21
-4.8445802755905509
 31
0
  0
LINE
  5
790
330
1B
100
AcDbEntity
  8
F.Silkscreen
  6
CONTINUOUS
100
AcDbLine
 10
6.4737902362204727
 20
-4.8445802755905509
 30
0
 11
6.4755981889763774
 21
-4.8445802755905509
 31
0
  0
LINE
  5
791
330
1B
100
AcDbEntity
  8
F.Silkscreen
  6
CONTINUOUS
100
AcDbLine
 10
6.4755981889763774
 20
-4.8445802755905509
 30
0
 11
6.4768766141732286
 21
-4.8458587007874012
 31
0
  0
LINE
  5
792
330
1B
100
AcDbEntity
  8
F.Silkscreen
  6
CONTINUOUS
100
AcDbLine
 10
6.5067978740157475
 20
-4.8458587007874012
 30
0
 11
6.506977677165354
 21
-4.846762677165354
 31
0
  0
LINE
  5
793
330
1B
100
AcDbEntity
  8
F.Silkscreen
  6
CONTINUOUS
100
AcDbLine
 10
6.506977677165354
 20
-4.846762677165354
 30
0
 11
6.506977677165354
 21
-4.8588603937007875
 31
0
  0
LINE
  5
794
330
1B
100
AcDbEntity
  8
F.Silkscreen
  6
CONTINUOUS
100
AcDbLine
 10
6.506977677165354
 20
-4.8588603937007875
 30
0
 11
6.5067978740157475
 21
-4.8597643700787403
 31
0
  0
LINE
  5
795
330
1B
100
AcDbEntity
  8
F.Silkscreen
  6
CONTINUOUS
100
AcDbLine
 10
6.5067978740157475
 20
-4.8597643700787403
 30
0
 11
6.5055194488188972
 21
-4.8610427952755906
 31
0
  0
LINE
  5
796
330
1B
100
AcDbEntity
  8
F.Silkscreen
  6
CONTINUOUS
100
AcDbLine
 10
6.5055194488188972
 20
-4.8610427952755906
 30
0
 11
6.5037114960629916
 21
-4.8610427952755906
 31
0
  0
LINE
  5
797
330
1B
100
AcDbEntity
  8
F.Silkscreen
  6
CONTINUOUS
100
AcDbLine
 10
6.5037114960629916
 20
-4.8610427952755906
 30
0
 11
6.5024330708661413
 21
-4.8597643700787403
 31
0
  0
LINE
  5
798
330
1B
100
AcDbEntity
  8
F.Silkscreen
  6
CONTINUOUS
100
AcDbLine
 10
6.5024330708661413
 20
-4.8597643700787403
 30
0
 11
6.5022532677165357
 21
-4.8588603937007875
 31
0
  0
LINE
  5
799
330
1B
100
AcDbEntity
  8
F.Silkscreen
  6
CONTINUOUS
100
AcDbLine
 10
6.5022532677165357
 20
-4.8588603937007875
 30
0
 11
6.5022532677165357
 21
-4.846762677165354
 31
0
  0
LINE
  5
79A
330
1B
100
AcDbEntity
  8
F.Silkscreen
  6
CONTINUOUS
100
AcDbLine
 10
6.5022532677165357
 20
-4.846762677165354
 30
0
 11
6.5024330708661413
 21
-4.8458587007874012
 31
0
  0
LINE
  5
79B
330
1B
100
AcDbEntity
  8
F.Silkscreen
  6
CONTINUOUS
100
AcDbLine
 10
6.5024330708661413
 20
-4.8458587007874012
 30
0
 11
6.5037114960629916
 21
-4.8445802755905509
 31
0
  0
LINE
  5
79C
330
1B
100
AcDbEntity
  8
F.Silkscreen
  6
CONTINUOUS
100
AcDbLine
 10
6.5037114960629916
 20
-4.8445802755905509
 30
0
 11
6.5055194488188972
 21
-4.8445802755905509
 31
0
  0
LINE
  5
79D
330
1B
100
AcDbEntity
  8
F.Silkscreen
  6
CONTINUOUS
100
AcDbLine
 10
6.5055194488188972
 20
-4.8445802755905509
 30
0
 11
6.5067978740157475
 21
-4.8458587007874012
 31
0
  0
LINE
  5
79E
330
1B
100
AcDbEntity
  8
F.Silkscreen
  6
CONTINUOUS
100
AcDbLine
 10
7.029077204724409
 20
-4.790496102362205
 30
0
 11
7.0303242125984253
 21
-4.7910126377952755
 31
0
  0
LINE
  5
79F
330
1B
100
AcDbEntity
  8
F.Silkscreen
  6
CONTINUOUS
100
AcDbLine
 10
7.0303242125984253
 20
-4.7910126377952755
 30
0
 11
7.0303242519685041
 21
-4.7910126771653543
 31
0
  0
LINE
  5
7A0
330
1B
100
AcDbEntity
  8
F.Silkscreen
  6
CONTINUOUS
100
AcDbLine
 10
7.0303242519685041
 20
-4.7910126771653543
 30
0
 11
7.0312191732283464
 21
-4.7917471259842515
 31
0
  0
LINE
  5
7A1
330
1B
100
AcDbEntity
  8
F.Silkscreen
  6
CONTINUOUS
100
AcDbLine
 10
7.0312191732283464
 20
-4.7917471259842515
 30
0
 11
7.0340312992125984
 21
-4.7945592913385822
 31
0
  0
LINE
  5
7A2
330
1B
100
AcDbEntity
  8
F.Silkscreen
  6
CONTINUOUS
100
AcDbLine
 10
7.0340312992125984
 20
-4.7945592913385822
 30
0
 11
7.0347657086614168
 21
-4.7954541732283467
 31
0
  0
LINE
  5
7A3
330
1B
100
AcDbEntity
  8
F.Silkscreen
  6
CONTINUOUS
100
AcDbLine
 10
7.0347657086614168
 20
-4.7954541732283467
 30
0
 11
7.0347657086614168
 21
-4.7954542125984254
 31
0
  0
LINE
  5
7A4
330
1B
100
AcDbEntity
  8
F.Silkscreen
  6
CONTINUOUS
100
AcDbLine
 10
7.0347657086614168
 20
-4.7954542125984254
 30
0
 11
7.0356474803149602
 21
-4.7975829527559055
 31
0
  0
LINE
  5
7A5
330
1B
100
AcDbEntity
  8
F.Silkscreen
  6
CONTINUOUS
100
AcDbLine
 10
7.0356474803149602
 20
-4.7975829527559055
 30
0
 11
7.0356474803149602
 21
-4.799887204724409
 31
0
  0
LINE
  5
7A6
330
1B
100
AcDbEntity
  8
F.Silkscreen
  6
CONTINUOUS
100
AcDbLine
 10
7.0356474803149602
 20
-4.799887204724409
 30
0
 11
7.035130905511811
 21
-4.8011342125984253
 31
0
  0
LINE
  5
7A7
330
1B
100
AcDbEntity
  8
F.Silkscreen
  6
CONTINUOUS
100
AcDbLine
 10
7.035130905511811
 20
-4.8011342125984253
 30
0
 11
7.0347657086614168
 21
-4.8020160236220475
 31
0
  0
LINE
  5
7A8
330
1B
100
AcDbEntity
  8
F.Silkscreen
  6
CONTINUOUS
100
AcDbLine
 10
7.0347657086614168
 20
-4.8020160236220475
 30
0
 11
7.0340312598425196
 21
-4.8029109055118111
 31
0
  0
LINE
  5
7A9
330
1B
100
AcDbEntity
  8
F.Silkscreen
  6
CONTINUOUS
100
AcDbLine
 10
7.0340312598425196
 20
-4.8029109055118111
 30
0
 11
7.0312191338582677
 21
-4.8057230314960631
 31
0
  0
LINE
  5
7AA
330
1B
100
AcDbEntity
  8
F.Silkscreen
  6
CONTINUOUS
100
AcDbLine
 10
7.0312191338582677
 20
-4.8057230314960631
 30
0
 11
7.0303242125984253
 21
-4.8064574803149602
 31
0
  0
LINE
  5
7AB
330
1B
100
AcDbEntity
  8
F.Silkscreen
  6
CONTINUOUS
100
AcDbLine
 10
7.0303242125984253
 20
-4.8064574803149602
 30
0
 11
7.0281953937007868
 21
-4.8073392519685036
 31
0
  0
LINE
  5
7AC
330
1B
100
AcDbEntity
  8
F.Silkscreen
  6
CONTINUOUS
100
AcDbLine
 10
7.0281953937007868
 20
-4.8073392519685036
 30
0
 11
7.0258912598425196
 21
-4.8073392519685036
 31
0
  0
LINE
  5
7AD
330
1B
100
AcDbEntity
  8
F.Silkscreen
  6
CONTINUOUS
100
AcDbLine
 10
7.0258912598425196
 20
-4.8073392519685036
 30
0
 11
7.0258912204724409
 21
-4.8073392519685036
 31
0
  0
LINE
  5
7AE
330
1B
100
AcDbEntity
  8
F.Silkscreen
  6
CONTINUOUS
100
AcDbLine
 10
7.0258912204724409
 20
-4.8073392519685036
 30
0
 11
7.0237624015748032
 21
-4.8064574803149602
 31
0
  0
LINE
  5
7AF
330
1B
100
AcDbEntity
  8
F.Silkscreen
  6
CONTINUOUS
100
AcDbLine
 10
7.0237624015748032
 20
-4.8064574803149602
 30
0
 11
7.0237623622047245
 21
-4.8064574409448815
 31
0
  0
LINE
  5
7B0
330
1B
100
AcDbEntity
  8
F.Silkscreen
  6
CONTINUOUS
100
AcDbLine
 10
7.0237623622047245
 20
-4.8064574409448815
 30
0
 11
7.0228675196850396
 21
-4.8057230708661418
 31
0
  0
LINE
  5
7B1
330
1B
100
AcDbEntity
  8
F.Silkscreen
  6
CONTINUOUS
100
AcDbLine
 10
7.0228675196850396
 20
-4.8057230708661418
 30
0
 11
7.0200553543307089
 21
-4.8029109448818899
 31
0
  0
LINE
  5
7B2
330
1B
100
AcDbEntity
  8
F.Silkscreen
  6
CONTINUOUS
100
AcDbLine
 10
7.0200553543307089
 20
-4.8029109448818899
 30
0
 11
7.0193209055118109
 21
-4.8020160236220475
 31
0
  0
LINE
  5
7B3
330
1B
100
AcDbEntity
  8
F.Silkscreen
  6
CONTINUOUS
100
AcDbLine
 10
7.0193209055118109
 20
-4.8020160236220475
 30
0
 11
7.0193208661417321
 21
-4.8020159842519687
 31
0
  0
LINE
  5
7B4
330
1B
100
AcDbEntity
  8
F.Silkscreen
  6
CONTINUOUS
100
AcDbLine
 10
7.0193208661417321
 20
-4.8020159842519687
 30
0
 11
7.0185267322834646
 21
-4.8000987401574804
 31
0
  0
LINE
  5
7B5
330
1B
100
AcDbEntity
  8
F.Silkscreen
  6
CONTINUOUS
100
AcDbLine
 10
7.0185267322834646
 20
-4.8000987401574804
 30
0
 11
7.0184390944881887
 21
-4.799887204724409
 31
0
  0
LINE
  5
7B6
330
1B
100
AcDbEntity
  8
F.Silkscreen
  6
CONTINUOUS
100
AcDbLine
 10
7.0184390944881887
 20
-4.799887204724409
 30
0
 11
7.0184390944881887
 21
-4.797583031496063
 31
0
  0
LINE
  5
7B7
330
1B
100
AcDbEntity
  8
F.Silkscreen
  6
CONTINUOUS
100
AcDbLine
 10
7.0184390944881887
 20
-4.797583031496063
 30
0
 11
7.0184390944881887
 21
-4.7975829921259843
 31
0
  0
LINE
  5
7B8
330
1B
100
AcDbEntity
  8
F.Silkscreen
  6
CONTINUOUS
100
AcDbLine
 10
7.0184390944881887
 20
-4.7975829921259843
 30
0
 11
7.0184390944881887
 21
-4.7975829527559055
 31
0
  0
LINE
  5
7B9
330
1B
100
AcDbEntity
  8
F.Silkscreen
  6
CONTINUOUS
100
AcDbLine
 10
7.0184390944881887
 20
-4.7975829527559055
 30
0
 11
7.0193208661417321
 21
-4.7954542125984254
 31
0
  0
LINE
  5
7BA
330
1B
100
AcDbEntity
  8
F.Silkscreen
  6
CONTINUOUS
100
AcDbLine
 10
7.0193208661417321
 20
-4.7954542125984254
 30
0
 11
7.0193208661417321
 21
-4.7954541732283467
 31
0
  0
LINE
  5
7BB
330
1B
100
AcDbEntity
  8
F.Silkscreen
  6
CONTINUOUS
100
AcDbLine
 10
7.0193208661417321
 20
-4.7954541732283467
 30
0
 11
7.0200553149606302
 21
-4.7945592519685034
 31
0
  0
LINE
  5
7BC
330
1B
100
AcDbEntity
  8
F.Silkscreen
  6
CONTINUOUS
100
AcDbLine
 10
7.0200553149606302
 20
-4.7945592519685034
 30
0
 11
7.0228674803149609
 21
-4.7917470866141727
 31
0
  0
LINE
  5
7BD
330
1B
100
AcDbEntity
  8
F.Silkscreen
  6
CONTINUOUS
100
AcDbLine
 10
7.0228674803149609
 20
-4.7917470866141727
 30
0
 11
7.0237624015748032
 21
-4.7910126377952755
 31
0
  0
LINE
  5
7BE
330
1B
100
AcDbEntity
  8
F.Silkscreen
  6
CONTINUOUS
100
AcDbLine
 10
7.0237624015748032
 20
-4.7910126377952755
 30
0
 11
7.0258912204724409
 21
-4.7901308661417321
 31
0
  0
LINE
  5
7BF
330
1B
100
AcDbEntity
  8
F.Silkscreen
  6
CONTINUOUS
100
AcDbLine
 10
7.0258912204724409
 20
-4.7901308661417321
 30
0
 11
7.0281953937007868
 21
-4.7901308661417321
 31
0
  0
LINE
  5
7C0
330
1B
100
AcDbEntity
  8
F.Silkscreen
  6
CONTINUOUS
100
AcDbLine
 10
7.0281953937007868
 20
-4.7901308661417321
 30
0
 11
7.0281954330708656
 21
-4.7901308661417321
 31
0
  0
LINE
  5
7C1
330
1B
100
AcDbEntity
  8
F.Silkscreen
  6
CONTINUOUS
100
AcDbLine
 10
7.0281954330708656
 20
-4.7901308661417321
 30
0
 11
7.029077204724409
 21
-4.790496102362205
 31
0
  0
LINE
  5
7C2
330
1B
100
AcDbEntity
  8
F.Silkscreen
  6
CONTINUOUS
100
AcDbLine
 10
7.0047470078740153
 20
-4.7337941732283459
 30
0
 11
7.0048331496062994
 21
-4.7337813779527558
 31
0
  0
LINE
  5
7C3
330
1B
100
AcDbEntity
  8
F.Silkscreen
  6
CONTINUOUS
100
AcDbLine
 10
7.0048331496062994
 20
-4.7337813779527558
 30
0
 11
7.0052642913385821
 21
-4.7338451181102359
 31
0
  0
LINE
  5
7C4
330
1B
100
AcDbEntity
  8
F.Silkscreen
  6
CONTINUOUS
100
AcDbLine
 10
7.0052642913385821
 20
-4.7338451181102359
 30
0
 11
7.0056982283464562
 21
-4.733887874015748
 31
0
  0
LINE
  5
7C5
330
1B
100
AcDbEntity
  8
F.Silkscreen
  6
CONTINUOUS
100
AcDbLine
 10
7.0056982283464562
 20
-4.733887874015748
 30
0
 11
7.0057787007874017
 21
-4.733921181102362
 31
0
  0
LINE
  5
7C6
330
1B
100
AcDbEntity
  8
F.Silkscreen
  6
CONTINUOUS
100
AcDbLine
 10
7.0057787007874017
 20
-4.733921181102362
 30
0
 11
7.00597842519685
 21
-4.7339507480314955
 31
0
  0
LINE
  5
7C7
330
1B
100
AcDbEntity
  8
F.Silkscreen
  6
CONTINUOUS
100
AcDbLine
 10
7.00597842519685
 20
-4.7339507480314955
 30
0
 11
7.0172269685039366
 21
-4.7367629133858262
 31
0
  0
LINE
  5
7C8
330
1B
100
AcDbEntity
  8
F.Silkscreen
  6
CONTINUOUS
100
AcDbLine
 10
7.0172269685039366
 20
-4.7367629133858262
 30
0
 11
7.0179057480314961
 21
-4.7370053937007874
 31
0
  0
LINE
  5
7C9
330
1B
100
AcDbEntity
  8
F.Silkscreen
  6
CONTINUOUS
100
AcDbLine
 10
7.0179057480314961
 20
-4.7370053937007874
 30
0
 11
7.0180488976377955
 21
-4.7370337401574805
 31
0
  0
LINE
  5
7CA
330
1B
100
AcDbEntity
  8
F.Silkscreen
  6
CONTINUOUS
100
AcDbLine
 10
7.0180488976377955
 20
-4.7370337401574805
 30
0
 11
7.0181786220472437
 21
-4.7371028740157479
 31
0
  0
LINE
  5
7CB
330
1B
100
AcDbEntity
  8
F.Silkscreen
  6
CONTINUOUS
100
AcDbLine
 10
7.0181786220472437
 20
-4.7371028740157479
 30
0
 11
7.0183171653543308
 21
-4.7371524015748028
 31
0
  0
LINE
  5
7CC
330
1B
100
AcDbEntity
  8
F.Silkscreen
  6
CONTINUOUS
100
AcDbLine
 10
7.0183171653543308
 20
-4.7371524015748028
 30
0
 11
7.0184343700787402
 21
-4.7372392519685036
 31
0
  0
LINE
  5
7CD
330
1B
100
AcDbEntity
  8
F.Silkscreen
  6
CONTINUOUS
100
AcDbLine
 10
7.0184343700787402
 20
-4.7372392519685036
 30
0
 11
7.0190704724409443
 21
-4.7375783858267715
 31
0
  0
LINE
  5
7CE
330
1B
100
AcDbEntity
  8
F.Silkscreen
  6
CONTINUOUS
100
AcDbLine
 10
7.0190704724409443
 20
-4.7375783858267715
 30
0
 11
7.0275069291338585
 21
-4.7432027165354329
 31
0
  0
LINE
  5
7CF
330
1B
100
AcDbEntity
  8
F.Silkscreen
  6
CONTINUOUS
100
AcDbLine
 10
7.0275069291338585
 20
-4.7432027165354329
 30
0
 11
7.0275100393700782
 21
-4.7432052755905509
 31
0
  0
LINE
  5
7D0
330
1B
100
AcDbEntity
  8
F.Silkscreen
  6
CONTINUOUS
100
AcDbLine
 10
7.0275100393700782
 20
-4.7432052755905509
 30
0
 11
7.0275120472440946
 21
-4.7432061023622047
 31
0
  0
LINE
  5
7D1
330
1B
100
AcDbEntity
  8
F.Silkscreen
  6
CONTINUOUS
100
AcDbLine
 10
7.0275120472440946
 20
-4.7432061023622047
 30
0
 11
7.0279543700787404
 21
-4.7435691338582675
 31
0
  0
LINE
  5
7D2
330
1B
100
AcDbEntity
  8
F.Silkscreen
  6
CONTINUOUS
100
AcDbLine
 10
7.0279543700787404
 20
-4.7435691338582675
 30
0
 11
7.0284026377952751
 21
-4.7439361811023621
 31
0
  0
LINE
  5
7D3
330
1B
100
AcDbEntity
  8
F.Silkscreen
  6
CONTINUOUS
100
AcDbLine
 10
7.0284026377952751
 20
-4.7439361811023621
 30
0
 11
7.0284038188976377
 21
-4.7439379921259839
 31
0
  0
LINE
  5
7D4
330
1B
100
AcDbEntity
  8
F.Silkscreen
  6
CONTINUOUS
100
AcDbLine
 10
7.0284038188976377
 20
-4.7439379921259839
 30
0
 11
7.028406968503937
 21
-4.7439405511811019
 31
0
  0
LINE
  5
7D5
330
1B
100
AcDbEntity
  8
F.Silkscreen
  6
CONTINUOUS
100
AcDbLine
 10
7.028406968503937
 20
-4.7439405511811019
 30
0
 11
7.0312191338582677
 21
-4.7467527165354326
 31
0
  0
LINE
  5
7D6
330
1B
100
AcDbEntity
  8
F.Silkscreen
  6
CONTINUOUS
100
AcDbLine
 10
7.0312191338582677
 20
-4.7467527165354326
 30
0
 11
7.0315908267716534
 21
-4.7472056299212602
 31
0
  0
LINE
  5
7D7
330
1B
100
AcDbEntity
  8
F.Silkscreen
  6
CONTINUOUS
100
AcDbLine
 10
7.0315908267716534
 20
-4.7472056299212602
 30
0
 11
7.031708622047244
 21
-4.7473077952755904
 31
0
  0
LINE
  5
7D8
330
1B
100
AcDbEntity
  8
F.Silkscreen
  6
CONTINUOUS
100
AcDbLine
 10
7.031708622047244
 20
-4.7473077952755904
 30
0
 11
7.0318203543307085
 21
-4.7474853149606302
 31
0
  0
LINE
  5
7D9
330
1B
100
AcDbEntity
  8
F.Silkscreen
  6
CONTINUOUS
100
AcDbLine
 10
7.0318203543307085
 20
-4.7474853149606302
 30
0
 11
7.0319535826771649
 21
-4.7476476377952759
 31
0
  0
LINE
  5
7DA
330
1B
100
AcDbEntity
  8
F.Silkscreen
  6
CONTINUOUS
100
AcDbLine
 10
7.0319535826771649
 20
-4.7476476377952759
 30
0
 11
7.0320132677165352
 21
-4.7477917716535432
 31
0
  0
LINE
  5
7DB
330
1B
100
AcDbEntity
  8
F.Silkscreen
  6
CONTINUOUS
100
AcDbLine
 10
7.0320132677165352
 20
-4.7477917716535432
 30
0
 11
7.0323253543307089
 21
-4.7482875196850394
 31
0
  0
LINE
  5
7DC
330
1B
100
AcDbEntity
  8
F.Silkscreen
  6
CONTINUOUS
100
AcDbLine
 10
7.0323253543307089
 20
-4.7482875196850394
 30
0
 11
7.0351374803149609
 21
-4.7539118503937008
 31
0
  0
LINE
  5
7DD
330
1B
100
AcDbEntity
  8
F.Silkscreen
  6
CONTINUOUS
100
AcDbLine
 10
7.0351374803149609
 20
-4.7539118503937008
 30
0
 11
7.0355512598425198
 21
-4.7549930708661412
 31
0
  0
LINE
  5
7DE
330
1B
100
AcDbEntity
  8
F.Silkscreen
  6
CONTINUOUS
100
AcDbLine
 10
7.0355512598425198
 20
-4.7549930708661412
 30
0
 11
7.0355662598425193
 21
-4.7552046850393701
 31
0
  0
LINE
  5
7DF
330
1B
100
AcDbEntity
  8
F.Silkscreen
  6
CONTINUOUS
100
AcDbLine
 10
7.0355662598425193
 20
-4.7552046850393701
 30
0
 11
7.0356474803149602
 21
-4.7554007086614174
 31
0
  0
LINE
  5
7E0
330
1B
100
AcDbEntity
  8
F.Silkscreen
  6
CONTINUOUS
100
AcDbLine
 10
7.0356474803149602
 20
-4.7554007086614174
 30
0
 11
7.0357609448818899
 21
-4.7565528346456691
 31
0
  0
LINE
  5
7E1
330
1B
100
AcDbEntity
  8
F.Silkscreen
  6
CONTINUOUS
100
AcDbLine
 10
7.0357609448818899
 20
-4.7565528346456691
 30
0
 11
7.0357609448818899
 21
-4.7678014173228345
 31
0
  0
LINE
  5
7E2
330
1B
100
AcDbEntity
  8
F.Silkscreen
  6
CONTINUOUS
100
AcDbLine
 10
7.0357609448818899
 20
-4.7678014173228345
 30
0
 11
7.0356474803149602
 21
-4.7689535433070862
 31
0
  0
LINE
  5
7E3
330
1B
100
AcDbEntity
  8
F.Silkscreen
  6
CONTINUOUS
100
AcDbLine
 10
7.0356474803149602
 20
-4.7689535433070862
 30
0
 11
7.0347656692913381
 21
-4.7710823622047247
 31
0
  0
LINE
  5
7E4
330
1B
100
AcDbEntity
  8
F.Silkscreen
  6
CONTINUOUS
100
AcDbLine
 10
7.0347656692913381
 20
-4.7710823622047247
 30
0
 11
7.033136377952756
 21
-4.7727116535433067
 31
0
  0
LINE
  5
7E5
330
1B
100
AcDbEntity
  8
F.Silkscreen
  6
CONTINUOUS
100
AcDbLine
 10
7.033136377952756
 20
-4.7727116535433067
 30
0
 11
7.0310075590551175
 21
-4.7735934645669289
 31
0
  0
LINE
  5
7E6
330
1B
100
AcDbEntity
  8
F.Silkscreen
  6
CONTINUOUS
100
AcDbLine
 10
7.0310075590551175
 20
-4.7735934645669289
 30
0
 11
7.0287033070866141
 21
-4.7735934645669289
 31
0
  0
LINE
  5
7E7
330
1B
100
AcDbEntity
  8
F.Silkscreen
  6
CONTINUOUS
100
AcDbLine
 10
7.0287033070866141
 20
-4.7735934645669289
 30
0
 11
7.0265744881889765
 21
-4.7727116535433067
 31
0
  0
LINE
  5
7E8
330
1B
100
AcDbEntity
  8
F.Silkscreen
  6
CONTINUOUS
100
AcDbLine
 10
7.0265744881889765
 20
-4.7727116535433067
 30
0
 11
7.0249451968503935
 21
-4.7710823622047247
 31
0
  0
LINE
  5
7E9
330
1B
100
AcDbEntity
  8
F.Silkscreen
  6
CONTINUOUS
100
AcDbLine
 10
7.0249451968503935
 20
-4.7710823622047247
 30
0
 11
7.0240633858267714
 21
-4.7689535433070862
 31
0
  0
LINE
  5
7EA
330
1B
100
AcDbEntity
  8
F.Silkscreen
  6
CONTINUOUS
100
AcDbLine
 10
7.0240633858267714
 20
-4.7689535433070862
 30
0
 11
7.0239499212598426
 21
-4.7678014173228345
 31
0
  0
LINE
  5
7EB
330
1B
100
AcDbEntity
  8
F.Silkscreen
  6
CONTINUOUS
100
AcDbLine
 10
7.0239499212598426
 20
-4.7678014173228345
 30
0
 11
7.0239499212598426
 21
-4.7579468897637796
 31
0
  0
LINE
  5
7EC
330
1B
100
AcDbEntity
  8
F.Silkscreen
  6
CONTINUOUS
100
AcDbLine
 10
7.0239499212598426
 20
-4.7579468897637796
 30
0
 11
7.0221898031496064
 21
-4.7544266929133858
 31
0
  0
LINE
  5
7ED
330
1B
100
AcDbEntity
  8
F.Silkscreen
  6
CONTINUOUS
100
AcDbLine
 10
7.0221898031496064
 20
-4.7544266929133858
 30
0
 11
7.0204688582677166
 21
-4.752705748031496
 31
0
  0
LINE
  5
7EE
330
1B
100
AcDbEntity
  8
F.Silkscreen
  6
CONTINUOUS
100
AcDbLine
 10
7.0204688582677166
 20
-4.752705748031496
 30
0
 11
7.0133699212598426
 21
-4.7479731496062989
 31
0
  0
LINE
  5
7EF
330
1B
100
AcDbEntity
  8
F.Silkscreen
  6
CONTINUOUS
100
AcDbLine
 10
7.0133699212598426
 20
-4.7479731496062989
 30
0
 11
7.0123564566929133
 21
-4.7477197637795276
 31
0
  0
LINE
  5
7F0
330
1B
100
AcDbEntity
  8
F.Silkscreen
  6
CONTINUOUS
100
AcDbLine
 10
7.0123564566929133
 20
-4.7477197637795276
 30
0
 11
7.0126403149606293
 21
-4.7482874803149606
 31
0
  0
LINE
  5
7F1
330
1B
100
AcDbEntity
  8
F.Silkscreen
  6
CONTINUOUS
100
AcDbLine
 10
7.0126403149606293
 20
-4.7482874803149606
 30
0
 11
7.0130540551181104
 21
-4.7493687401574798
 31
0
  0
LINE
  5
7F2
330
1B
100
AcDbEntity
  8
F.Silkscreen
  6
CONTINUOUS
100
AcDbLine
 10
7.0130540551181104
 20
-4.7493687401574798
 30
0
 11
7.0130690551181099
 21
-4.7495803149606299
 31
0
  0
LINE
  5
7F3
330
1B
100
AcDbEntity
  8
F.Silkscreen
  6
CONTINUOUS
100
AcDbLine
 10
7.0130690551181099
 20
-4.7495803149606299
 30
0
 11
7.0131503149606296
 21
-4.7497764173228347
 31
0
  0
LINE
  5
7F4
330
1B
100
AcDbEntity
  8
F.Silkscreen
  6
CONTINUOUS
100
AcDbLine
 10
7.0131503149606296
 20
-4.7497764173228347
 30
0
 11
7.0132637795275592
 21
-4.7509285433070865
 31
0
  0
LINE
  5
7F5
330
1B
100
AcDbEntity
  8
F.Silkscreen
  6
CONTINUOUS
100
AcDbLine
 10
7.0132637795275592
 20
-4.7509285433070865
 30
0
 11
7.0132637795275592
 21
-4.7621771259842518
 31
0
  0
LINE
  5
7F6
330
1B
100
AcDbEntity
  8
F.Silkscreen
  6
CONTINUOUS
100
AcDbLine
 10
7.0132637795275592
 20
-4.7621771259842518
 30
0
 11
7.0131503149606296
 21
-4.7633292519685035
 31
0
  0
LINE
  5
7F7
330
1B
100
AcDbEntity
  8
F.Silkscreen
  6
CONTINUOUS
100
AcDbLine
 10
7.0131503149606296
 20
-4.7633292519685035
 30
0
 11
7.0130690551181099
 21
-4.7635253149606296
 31
0
  0
LINE
  5
7F8
330
1B
100
AcDbEntity
  8
F.Silkscreen
  6
CONTINUOUS
100
AcDbLine
 10
7.0130690551181099
 20
-4.7635253149606296
 30
0
 11
7.0130540551181104
 21
-4.7637369291338585
 31
0
  0
LINE
  5
7F9
330
1B
100
AcDbEntity
  8
F.Silkscreen
  6
CONTINUOUS
100
AcDbLine
 10
7.0130540551181104
 20
-4.7637369291338585
 30
0
 11
7.0126403149606293
 21
-4.7648181889763777
 31
0
  0
LINE
  5
7FA
330
1B
100
AcDbEntity
  8
F.Silkscreen
  6
CONTINUOUS
100
AcDbLine
 10
7.0126403149606293
 20
-4.7648181889763777
 30
0
 11
7.0098281496062986
 21
-4.7704424409448816
 31
0
  0
LINE
  5
7FB
330
1B
100
AcDbEntity
  8
F.Silkscreen
  6
CONTINUOUS
100
AcDbLine
 10
7.0098281496062986
 20
-4.7704424409448816
 30
0
 11
7.0095160236220471
 21
-4.7709382283464565
 31
0
  0
LINE
  5
7FC
330
1B
100
AcDbEntity
  8
F.Silkscreen
  6
CONTINUOUS
100
AcDbLine
 10
7.0095160236220471
 20
-4.7709382283464565
 30
0
 11
7.0094563779527554
 21
-4.771082322834646
 31
0
  0
LINE
  5
7FD
330
1B
100
AcDbEntity
  8
F.Silkscreen
  6
CONTINUOUS
100
AcDbLine
 10
7.0094563779527554
 20
-4.771082322834646
 30
0
 11
7.0093232283464566
 21
-4.7712444881889766
 31
0
  0
LINE
  5
7FE
330
1B
100
AcDbEntity
  8
F.Silkscreen
  6
CONTINUOUS
100
AcDbLine
 10
7.0093232283464566
 20
-4.7712444881889766
 30
0
 11
7.0092114173228346
 21
-4.7714222047244093
 31
0
  0
LINE
  5
7FF
330
1B
100
AcDbEntity
  8
F.Silkscreen
  6
CONTINUOUS
100
AcDbLine
 10
7.0092114173228346
 20
-4.7714222047244093
 30
0
 11
7.0090935039370077
 21
-4.7715244094488192
 31
0
  0
LINE
  5
800
330
1B
100
AcDbEntity
  8
F.Silkscreen
  6
CONTINUOUS
100
AcDbLine
 10
7.0090935039370077
 20
-4.7715244094488192
 30
0
 11
7.0087219291338583
 21
-4.7719772440944883
 31
0
  0
LINE
  5
801
330
1B
100
AcDbEntity
  8
F.Silkscreen
  6
CONTINUOUS
100
AcDbLine
 10
7.0087219291338583
 20
-4.7719772440944883
 30
0
 11
7.0059097637795276
 21
-4.774789409448819
 31
0
  0
LINE
  5
802
330
1B
100
AcDbEntity
  8
F.Silkscreen
  6
CONTINUOUS
100
AcDbLine
 10
7.0059097637795276
 20
-4.774789409448819
 30
0
 11
7.0054569291338584
 21
-4.7751610236220472
 31
0
  0
LINE
  5
803
330
1B
100
AcDbEntity
  8
F.Silkscreen
  6
CONTINUOUS
100
AcDbLine
 10
7.0054569291338584
 20
-4.7751610236220472
 30
0
 11
7.0053547244094485
 21
-4.7752788976377953
 31
0
  0
LINE
  5
804
330
1B
100
AcDbEntity
  8
F.Silkscreen
  6
CONTINUOUS
100
AcDbLine
 10
7.0053547244094485
 20
-4.7752788976377953
 30
0
 11
7.0051770078740159
 21
-4.7753907086614173
 31
0
  0
LINE
  5
805
330
1B
100
AcDbEntity
  8
F.Silkscreen
  6
CONTINUOUS
100
AcDbLine
 10
7.0051770078740159
 20
-4.7753907086614173
 30
0
 11
7.0050148425196852
 21
-4.7755238582677162
 31
0
  0
LINE
  5
806
330
1B
100
AcDbEntity
  8
F.Silkscreen
  6
CONTINUOUS
100
AcDbLine
 10
7.0050148425196852
 20
-4.7755238582677162
 30
0
 11
7.0048707480314958
 21
-4.7755835039370078
 31
0
  0
LINE
  5
807
330
1B
100
AcDbEntity
  8
F.Silkscreen
  6
CONTINUOUS
100
AcDbLine
 10
7.0048707480314958
 20
-4.7755835039370078
 30
0
 11
7.0043749606299208
 21
-4.7758956299212594
 31
0
  0
LINE
  5
808
330
1B
100
AcDbEntity
  8
F.Silkscreen
  6
CONTINUOUS
100
AcDbLine
 10
7.0043749606299208
 20
-4.7758956299212594
 30
0
 11
6.9987506692913382
 21
-4.7787077559055113
 31
0
  0
LINE
  5
809
330
1B
100
AcDbEntity
  8
F.Silkscreen
  6
CONTINUOUS
100
AcDbLine
 10
6.9987506692913382
 20
-4.7787077559055113
 30
0
 11
6.997669409448819
 21
-4.7791215354330712
 31
0
  0
LINE
  5
80A
330
1B
100
AcDbEntity
  8
F.Silkscreen
  6
CONTINUOUS
100
AcDbLine
 10
6.997669409448819
 20
-4.7791215354330712
 30
0
 11
6.9974577559055113
 21
-4.7791365354330706
 31
0
  0
LINE
  5
80B
330
1B
100
AcDbEntity
  8
F.Silkscreen
  6
CONTINUOUS
100
AcDbLine
 10
6.9974577559055113
 20
-4.7791365354330706
 30
0
 11
6.9972617716535428
 21
-4.7792177559055116
 31
0
  0
LINE
  5
80C
330
1B
100
AcDbEntity
  8
F.Silkscreen
  6
CONTINUOUS
100
AcDbLine
 10
6.9972617716535428
 20
-4.7792177559055116
 30
0
 11
6.9961096456692911
 21
-4.7793312204724412
 31
0
  0
LINE
  5
80D
330
1B
100
AcDbEntity
  8
F.Silkscreen
  6
CONTINUOUS
100
AcDbLine
 10
6.9961096456692911
 20
-4.7793312204724412
 30
0
 11
6.982048897637795
 21
-4.7793312204724412
 31
0
  0
LINE
  5
80E
330
1B
100
AcDbEntity
  8
F.Silkscreen
  6
CONTINUOUS
100
AcDbLine
 10
6.982048897637795
 20
-4.7793312204724412
 30
0
 11
6.9808967716535433
 21
-4.7792177559055116
 31
0
  0
LINE
  5
80F
330
1B
100
AcDbEntity
  8
F.Silkscreen
  6
CONTINUOUS
100
AcDbLine
 10
6.9808967716535433
 20
-4.7792177559055116
 30
0
 11
6.980700748031496
 21
-4.7791365354330706
 31
0
  0
LINE
  5
810
330
1B
100
AcDbEntity
  8
F.Silkscreen
  6
CONTINUOUS
100
AcDbLine
 10
6.980700748031496
 20
-4.7791365354330706
 30
0
 11
6.980489133858268
 21
-4.7791215354330712
 31
0
  0
LINE
  5
811
330
1B
100
AcDbEntity
  8
F.Silkscreen
  6
CONTINUOUS
100
AcDbLine
 10
6.980489133858268
 20
-4.7791215354330712
 30
0
 11
6.9794079133858267
 21
-4.7787077559055113
 31
0
  0
LINE
  5
812
330
1B
100
AcDbEntity
  8
F.Silkscreen
  6
CONTINUOUS
100
AcDbLine
 10
6.9794079133858267
 20
-4.7787077559055113
 30
0
 11
6.9737835826771652
 21
-4.7758956299212594
 31
0
  0
LINE
  5
813
330
1B
100
AcDbEntity
  8
F.Silkscreen
  6
CONTINUOUS
100
AcDbLine
 10
6.9737835826771652
 20
-4.7758956299212594
 30
0
 11
6.9732877165354328
 21
-4.7755834645669291
 31
0
  0
LINE
  5
814
330
1B
100
AcDbEntity
  8
F.Silkscreen
  6
CONTINUOUS
100
AcDbLine
 10
6.9732877165354328
 20
-4.7755834645669291
 30
0
 11
6.973143661417323
 21
-4.7755238188976374
 31
0
  0
LINE
  5
815
330
1B
100
AcDbEntity
  8
F.Silkscreen
  6
CONTINUOUS
100
AcDbLine
 10
6.973143661417323
 20
-4.7755238188976374
 30
0
 11
6.9729814173228348
 21
-4.7753906692913386
 31
0
  0
LINE
  5
816
330
1B
100
AcDbEntity
  8
F.Silkscreen
  6
CONTINUOUS
100
AcDbLine
 10
6.9729814173228348
 20
-4.7753906692913386
 30
0
 11
6.9728038582677163
 21
-4.7752788976377953
 31
0
  0
LINE
  5
817
330
1B
100
AcDbEntity
  8
F.Silkscreen
  6
CONTINUOUS
100
AcDbLine
 10
6.9728038582677163
 20
-4.7752788976377953
 30
0
 11
6.972701692913386
 21
-4.7751611023622047
 31
0
  0
LINE
  5
818
330
1B
100
AcDbEntity
  8
F.Silkscreen
  6
CONTINUOUS
100
AcDbLine
 10
6.972701692913386
 20
-4.7751611023622047
 30
0
 11
6.9722487401574798
 21
-4.7747893700787403
 31
0
  0
LINE
  5
819
330
1B
100
AcDbEntity
  8
F.Silkscreen
  6
CONTINUOUS
100
AcDbLine
 10
6.9722487401574798
 20
-4.7747893700787403
 30
0
 11
6.9694366141732278
 21
-4.7719772047244096
 31
0
  0
LINE
  5
81A
330
1B
100
AcDbEntity
  8
F.Silkscreen
  6
CONTINUOUS
100
AcDbLine
 10
6.9694366141732278
 20
-4.7719772047244096
 30
0
 11
6.9690650393700784
 21
-4.7715244488188979
 31
0
  0
LINE
  5
81B
330
1B
100
AcDbEntity
  8
F.Silkscreen
  6
CONTINUOUS
100
AcDbLine
 10
6.9690650393700784
 20
-4.7715244488188979
 30
0
 11
6.9689471653543302
 21
-4.7714222047244093
 31
0
  0
LINE
  5
81C
330
1B
100
AcDbEntity
  8
F.Silkscreen
  6
CONTINUOUS
100
AcDbLine
 10
6.9689471653543302
 20
-4.7714222047244093
 30
0
 11
6.968835236220472
 21
-4.7712443700787404
 31
0
  0
LINE
  5
81D
330
1B
100
AcDbEntity
  8
F.Silkscreen
  6
CONTINUOUS
100
AcDbLine
 10
6.968835236220472
 20
-4.7712443700787404
 30
0
 11
6.9687022047244094
 21
-4.7710822834645672
 31
0
  0
LINE
  5
81E
330
1B
100
AcDbEntity
  8
F.Silkscreen
  6
CONTINUOUS
100
AcDbLine
 10
6.9687022047244094
 20
-4.7710822834645672
 30
0
 11
6.9686425590551178
 21
-4.770938307086614
 31
0
  0
LINE
  5
81F
330
1B
100
AcDbEntity
  8
F.Silkscreen
  6
CONTINUOUS
100
AcDbLine
 10
6.9686425590551178
 20
-4.770938307086614
 30
0
 11
6.9683304330708662
 21
-4.7704424409448816
 31
0
  0
LINE
  5
820
330
1B
100
AcDbEntity
  8
F.Silkscreen
  6
CONTINUOUS
100
AcDbLine
 10
6.9683304330708662
 20
-4.7704424409448816
 30
0
 11
6.9655182677165355
 21
-4.7648181496062989
 31
0
  0
LINE
  5
821
330
1B
100
AcDbEntity
  8
F.Silkscreen
  6
CONTINUOUS
100
AcDbLine
 10
6.9655182677165355
 20
-4.7648181496062989
 30
0
 11
6.9651045275590553
 21
-4.7637369291338585
 31
0
  0
LINE
  5
822
330
1B
100
AcDbEntity
  8
F.Silkscreen
  6
CONTINUOUS
100
AcDbLine
 10
6.9651045275590553
 20
-4.7637369291338585
 30
0
 11
6.9650894881889762
 21
-4.7635253149606296
 31
0
  0
LINE
  5
823
330
1B
100
AcDbEntity
  8
F.Silkscreen
  6
CONTINUOUS
100
AcDbLine
 10
6.9650894881889762
 20
-4.7635253149606296
 30
0
 11
6.9650082677165353
 21
-4.7633292519685035
 31
0
  0
LINE
  5
824
330
1B
100
AcDbEntity
  8
F.Silkscreen
  6
CONTINUOUS
100
AcDbLine
 10
6.9650082677165353
 20
-4.7633292519685035
 30
0
 11
6.9648948031496065
 21
-4.7621771259842518
 31
0
  0
LINE
  5
825
330
1B
100
AcDbEntity
  8
F.Silkscreen
  6
CONTINUOUS
100
AcDbLine
 10
6.9648948031496065
 20
-4.7621771259842518
 30
0
 11
6.9648948031496065
 21
-4.7509285433070865
 31
0
  0
LINE
  5
826
330
1B
100
AcDbEntity
  8
F.Silkscreen
  6
CONTINUOUS
100
AcDbLine
 10
6.9648948031496065
 20
-4.7509285433070865
 30
0
 11
6.9650082677165353
 21
-4.7497764173228347
 31
0
  0
LINE
  5
827
330
1B
100
AcDbEntity
  8
F.Silkscreen
  6
CONTINUOUS
100
AcDbLine
 10
6.9650082677165353
 20
-4.7497764173228347
 30
0
 11
6.9650894881889762
 21
-4.7495803149606299
 31
0
  0
LINE
  5
828
330
1B
100
AcDbEntity
  8
F.Silkscreen
  6
CONTINUOUS
100
AcDbLine
 10
6.9650894881889762
 20
-4.7495803149606299
 30
0
 11
6.9651045275590553
 21
-4.7493687401574798
 31
0
  0
LINE
  5
829
330
1B
100
AcDbEntity
  8
F.Silkscreen
  6
CONTINUOUS
100
AcDbLine
 10
6.9651045275590553
 20
-4.7493687401574798
 30
0
 11
6.9655182677165355
 21
-4.7482875196850394
 31
0
  0
LINE
  5
82A
330
1B
100
AcDbEntity
  8
F.Silkscreen
  6
CONTINUOUS
100
AcDbLine
 10
6.9655182677165355
 20
-4.7482875196850394
 30
0
 11
6.9683304330708662
 21
-4.7426632283464567
 31
0
  0
LINE
  5
82B
330
1B
100
AcDbEntity
  8
F.Silkscreen
  6
CONTINUOUS
100
AcDbLine
 10
6.9683304330708662
 20
-4.7426632283464567
 30
0
 11
6.9686425590551178
 21
-4.7421673228346455
 31
0
  0
LINE
  5
82C
330
1B
100
AcDbEntity
  8
F.Silkscreen
  6
CONTINUOUS
100
AcDbLine
 10
6.9686425590551178
 20
-4.7421673228346455
 30
0
 11
6.9687022047244094
 21
-4.742023385826772
 31
0
  0
LINE
  5
82D
330
1B
100
AcDbEntity
  8
F.Silkscreen
  6
CONTINUOUS
100
AcDbLine
 10
6.9687022047244094
 20
-4.742023385826772
 30
0
 11
6.968835236220472
 21
-4.7418612598425192
 31
0
  0
LINE
  5
82E
330
1B
100
AcDbEntity
  8
F.Silkscreen
  6
CONTINUOUS
100
AcDbLine
 10
6.968835236220472
 20
-4.7418612598425192
 30
0
 11
6.9689471653543302
 21
-4.741683464566929
 31
0
  0
LINE
  5
82F
330
1B
100
AcDbEntity
  8
F.Silkscreen
  6
CONTINUOUS
100
AcDbLine
 10
6.9689471653543302
 20
-4.741683464566929
 30
0
 11
6.9690650393700784
 21
-4.7415811811023625
 31
0
  0
LINE
  5
830
330
1B
100
AcDbEntity
  8
F.Silkscreen
  6
CONTINUOUS
100
AcDbLine
 10
6.9690650393700784
 20
-4.7415811811023625
 30
0
 11
6.9694366141732278
 21
-4.7411284645669287
 31
0
  0
LINE
  5
831
330
1B
100
AcDbEntity
  8
F.Silkscreen
  6
CONTINUOUS
100
AcDbLine
 10
6.9694366141732278
 20
-4.7411284645669287
 30
0
 11
6.9722487401574798
 21
-4.738316299212598
 31
0
  0
LINE
  5
832
330
1B
100
AcDbEntity
  8
F.Silkscreen
  6
CONTINUOUS
100
AcDbLine
 10
6.9722487401574798
 20
-4.738316299212598
 30
0
 11
6.972701535433071
 21
-4.7379446456692911
 31
0
  0
LINE
  5
833
330
1B
100
AcDbEntity
  8
F.Silkscreen
  6
CONTINUOUS
100
AcDbLine
 10
6.972701535433071
 20
-4.7379446456692911
 30
0
 11
6.9728038188976376
 21
-4.7378267716535429
 31
0
  0
LINE
  5
834
330
1B
100
AcDbEntity
  8
F.Silkscreen
  6
CONTINUOUS
100
AcDbLine
 10
6.9728038188976376
 20
-4.7378267716535429
 30
0
 11
6.9729815354330711
 21
-4.7377148818897634
 31
0
  0
LINE
  5
835
330
1B
100
AcDbEntity
  8
F.Silkscreen
  6
CONTINUOUS
100
AcDbLine
 10
6.9729815354330711
 20
-4.7377148818897634
 30
0
 11
6.973143661417323
 21
-4.7375818503937008
 31
0
  0
LINE
  5
836
330
1B
100
AcDbEntity
  8
F.Silkscreen
  6
CONTINUOUS
100
AcDbLine
 10
6.973143661417323
 20
-4.7375818503937008
 30
0
 11
6.9732876377952753
 21
-4.7375221653543305
 31
0
  0
LINE
  5
837
330
1B
100
AcDbEntity
  8
F.Silkscreen
  6
CONTINUOUS
100
AcDbLine
 10
6.9732876377952753
 20
-4.7375221653543305
 30
0
 11
6.9737835826771652
 21
-4.7372100393700789
 31
0
  0
LINE
  5
838
330
1B
100
AcDbEntity
  8
F.Silkscreen
  6
CONTINUOUS
100
AcDbLine
 10
6.9737835826771652
 20
-4.7372100393700789
 30
0
 11
6.9794078346456692
 21
-4.7343978740157482
 31
0
  0
LINE
  5
839
330
1B
100
AcDbEntity
  8
F.Silkscreen
  6
CONTINUOUS
100
AcDbLine
 10
6.9794078346456692
 20
-4.7343978740157482
 30
0
 11
6.9804890944881892
 21
-4.733984133858268
 31
0
  0
LINE
  5
83A
330
1B
100
AcDbEntity
  8
F.Silkscreen
  6
CONTINUOUS
100
AcDbLine
 10
6.9804890944881892
 20
-4.733984133858268
 30
0
 11
6.9807006692913385
 21
-4.7339690944881889
 31
0
  0
LINE
  5
83B
330
1B
100
AcDbEntity
  8
F.Silkscreen
  6
CONTINUOUS
100
AcDbLine
 10
6.9807006692913385
 20
-4.7339690944881889
 30
0
 11
6.9808967716535433
 21
-4.733887874015748
 31
0
  0
LINE
  5
83C
330
1B
100
AcDbEntity
  8
F.Silkscreen
  6
CONTINUOUS
100
AcDbLine
 10
6.9808967716535433
 20
-4.733887874015748
 30
0
 11
6.982048897637795
 21
-4.7337744094488192
 31
0
  0
LINE
  5
83D
330
1B
100
AcDbEntity
  8
F.Silkscreen
  6
CONTINUOUS
100
AcDbLine
 10
6.982048897637795
 20
-4.7337744094488192
 30
0
 11
7.0045461023622044
 21
-4.7337744094488192
 31
0
  0
LINE
  5
83E
330
1B
100
AcDbEntity
  8
F.Silkscreen
  6
CONTINUOUS
100
AcDbLine
 10
7.0045461023622044
 20
-4.7337744094488192
 30
0
 11
7.0047470078740153
 21
-4.7337941732283459
 31
0
  0
LINE
  5
83F
330
1B
100
AcDbEntity
  8
F.Silkscreen
  6
CONTINUOUS
100
AcDbLine
 10
6.9799227952755905
 20
-4.7473455118110239
 30
0
 11
6.97846594488189
 21
-4.7488023622047244
 31
0
  0
LINE
  5
840
330
1B
100
AcDbEntity
  8
F.Silkscreen
  6
CONTINUOUS
100
AcDbLine
 10
6.97846594488189
 20
-4.7488023622047244
 30
0
 11
6.9767058267716537
 21
-4.7523226377952756
 31
0
  0
LINE
  5
841
330
1B
100
AcDbEntity
  8
F.Silkscreen
  6
CONTINUOUS
100
AcDbLine
 10
6.9767058267716537
 20
-4.7523226377952756
 30
0
 11
6.9767058267716537
 21
-4.7607829921259839
 31
0
  0
LINE
  5
842
330
1B
100
AcDbEntity
  8
F.Silkscreen
  6
CONTINUOUS
100
AcDbLine
 10
6.9767058267716537
 20
-4.7607829921259839
 30
0
 11
6.97846594488189
 21
-4.7643032677165351
 31
0
  0
LINE
  5
843
330
1B
100
AcDbEntity
  8
F.Silkscreen
  6
CONTINUOUS
100
AcDbLine
 10
6.97846594488189
 20
-4.7643032677165351
 30
0
 11
6.9799227952755905
 21
-4.7657601181102365
 31
0
  0
LINE
  5
844
330
1B
100
AcDbEntity
  8
F.Silkscreen
  6
CONTINUOUS
100
AcDbLine
 10
6.9799227952755905
 20
-4.7657601181102365
 30
0
 11
6.9834429921259842
 21
-4.767520196850394
 31
0
  0
LINE
  5
845
330
1B
100
AcDbEntity
  8
F.Silkscreen
  6
CONTINUOUS
100
AcDbLine
 10
6.9834429921259842
 20
-4.767520196850394
 30
0
 11
6.9947155511811019
 21
-4.767520196850394
 31
0
  0
LINE
  5
846
330
1B
100
AcDbEntity
  8
F.Silkscreen
  6
CONTINUOUS
100
AcDbLine
 10
6.9947155511811019
 20
-4.767520196850394
 30
0
 11
6.9982357086614169
 21
-4.7657601181102365
 31
0
  0
LINE
  5
847
330
1B
100
AcDbEntity
  8
F.Silkscreen
  6
CONTINUOUS
100
AcDbLine
 10
6.9982357086614169
 20
-4.7657601181102365
 30
0
 11
6.9996926377952757
 21
-4.7643031889763776
 31
0
  0
LINE
  5
848
330
1B
100
AcDbEntity
  8
F.Silkscreen
  6
CONTINUOUS
100
AcDbLine
 10
6.9996926377952757
 20
-4.7643031889763776
 30
0
 11
7.001452755905512
 21
-4.7607829921259839
 31
0
  0
LINE
  5
849
330
1B
100
AcDbEntity
  8
F.Silkscreen
  6
CONTINUOUS
100
AcDbLine
 10
7.001452755905512
 20
-4.7607829921259839
 30
0
 11
7.001452755905512
 21
-4.7523226377952756
 31
0
  0
LINE
  5
84A
330
1B
100
AcDbEntity
  8
F.Silkscreen
  6
CONTINUOUS
100
AcDbLine
 10
7.001452755905512
 20
-4.7523226377952756
 30
0
 11
6.9996926377952757
 21
-4.7488024409448819
 31
0
  0
LINE
  5
84B
330
1B
100
AcDbEntity
  8
F.Silkscreen
  6
CONTINUOUS
100
AcDbLine
 10
6.9996926377952757
 20
-4.7488024409448819
 30
0
 11
6.9982357480314956
 21
-4.7473455511811027
 31
0
  0
LINE
  5
84C
330
1B
100
AcDbEntity
  8
F.Silkscreen
  6
CONTINUOUS
100
AcDbLine
 10
6.9982357480314956
 20
-4.7473455511811027
 30
0
 11
6.9947155511811019
 21
-4.7455854330708664
 31
0
  0
LINE
  5
84D
330
1B
100
AcDbEntity
  8
F.Silkscreen
  6
CONTINUOUS
100
AcDbLine
 10
6.9947155511811019
 20
-4.7455854330708664
 30
0
 11
6.9834429921259842
 21
-4.7455854330708664
 31
0
  0
LINE
  5
84E
330
1B
100
AcDbEntity
  8
F.Silkscreen
  6
CONTINUOUS
100
AcDbLine
 10
6.9834429921259842
 20
-4.7455854330708664
 30
0
 11
6.9799227952755905
 21
-4.7473455118110239
 31
0
  0
LINE
  5
84F
330
1B
100
AcDbEntity
  8
F.Silkscreen
  6
CONTINUOUS
100
AcDbLine
 10
5.4827821259842517
 20
-4.6491516535433073
 30
0
 11
5.4829619291338583
 21
-4.6500556299212601
 31
0
  0
LINE
  5
850
330
1B
100
AcDbEntity
  8
F.Silkscreen
  6
CONTINUOUS
100
AcDbLine
 10
5.4829619291338583
 20
-4.6500556299212601
 30
0
 11
5.4829619291338583
 21
-4.7701343700787397
 31
0
  0
LINE
  5
851
330
1B
100
AcDbEntity
  8
F.Silkscreen
  6
CONTINUOUS
100
AcDbLine
 10
5.4829619291338583
 20
-4.7701343700787397
 30
0
 11
5.5868989370078737
 21
-4.7701343700787397
 31
0
  0
LINE
  5
852
330
1B
100
AcDbEntity
  8
F.Silkscreen
  6
CONTINUOUS
100
AcDbLine
 10
5.5868989370078737
 20
-4.7701343700787397
 30
0
 11
5.5868989370078737
 21
-4.7500556299212597
 31
0
  0
LINE
  5
853
330
1B
100
AcDbEntity
  8
F.Silkscreen
  6
CONTINUOUS
100
AcDbLine
 10
5.5868989370078737
 20
-4.7500556299212597
 30
0
 11
5.5870787401574802
 21
-4.7491516535433069
 31
0
  0
LINE
  5
854
330
1B
100
AcDbEntity
  8
F.Silkscreen
  6
CONTINUOUS
100
AcDbLine
 10
5.5870787401574802
 20
-4.7491516535433069
 30
0
 11
5.5883571653543305
 21
-4.7478732283464566
 31
0
  0
LINE
  5
855
330
1B
100
AcDbEntity
  8
F.Silkscreen
  6
CONTINUOUS
100
AcDbLine
 10
5.5883571653543305
 20
-4.7478732283464566
 30
0
 11
5.5901651181102361
 21
-4.7478732283464566
 31
0
  0
LINE
  5
856
330
1B
100
AcDbEntity
  8
F.Silkscreen
  6
CONTINUOUS
100
AcDbLine
 10
5.5901651181102361
 20
-4.7478732283464566
 30
0
 11
5.5914435433070864
 21
-4.7491516535433069
 31
0
  0
LINE
  5
857
330
1B
100
AcDbEntity
  8
F.Silkscreen
  6
CONTINUOUS
100
AcDbLine
 10
5.5914435433070864
 20
-4.7491516535433069
 30
0
 11
5.5916233464566929
 21
-4.7500556299212597
 31
0
  0
LINE
  5
858
330
1B
100
AcDbEntity
  8
F.Silkscreen
  6
CONTINUOUS
100
AcDbLine
 10
5.5916233464566929
 20
-4.7500556299212597
 30
0
 11
5.5916233464566929
 21
-4.7724965748031494
 31
0
  0
LINE
  5
859
330
1B
100
AcDbEntity
  8
F.Silkscreen
  6
CONTINUOUS
100
AcDbLine
 10
5.5916233464566929
 20
-4.7724965748031494
 30
0
 11
5.5914435433070864
 21
-4.7734005511811022
 31
0
  0
LINE
  5
85A
330
1B
100
AcDbEntity
  8
F.Silkscreen
  6
CONTINUOUS
100
AcDbLine
 10
5.5914435433070864
 20
-4.7734005511811022
 30
0
 11
5.5901651181102361
 21
-4.7746789763779525
 31
0
  0
LINE
  5
85B
330
1B
100
AcDbEntity
  8
F.Silkscreen
  6
CONTINUOUS
100
AcDbLine
 10
5.5901651181102361
 20
-4.7746789763779525
 30
0
 11
5.5892611417322833
 21
-4.774858779527559
 31
0
  0
LINE
  5
85C
330
1B
100
AcDbEntity
  8
F.Silkscreen
  6
CONTINUOUS
100
AcDbLine
 10
5.5892611417322833
 20
-4.774858779527559
 30
0
 11
5.4805997244094486
 21
-4.774858779527559
 31
0
  0
LINE
  5
85D
330
1B
100
AcDbEntity
  8
F.Silkscreen
  6
CONTINUOUS
100
AcDbLine
 10
5.4805997244094486
 20
-4.774858779527559
 30
0
 11
5.4796957480314958
 21
-4.7746789763779525
 31
0
  0
LINE
  5
85E
330
1B
100
AcDbEntity
  8
F.Silkscreen
  6
CONTINUOUS
100
AcDbLine
 10
5.4796957480314958
 20
-4.7746789763779525
 30
0
 11
5.4784173228346456
 21
-4.7734005511811022
 31
0
  0
LINE
  5
85F
330
1B
100
AcDbEntity
  8
F.Silkscreen
  6
CONTINUOUS
100
AcDbLine
 10
5.4784173228346456
 20
-4.7734005511811022
 30
0
 11
5.478237519685039
 21
-4.7724965748031494
 31
0
  0
LINE
  5
860
330
1B
100
AcDbEntity
  8
F.Silkscreen
  6
CONTINUOUS
100
AcDbLine
 10
5.478237519685039
 20
-4.7724965748031494
 30
0
 11
5.478237519685039
 21
-4.6500556299212601
 31
0
  0
LINE
  5
861
330
1B
100
AcDbEntity
  8
F.Silkscreen
  6
CONTINUOUS
100
AcDbLine
 10
5.478237519685039
 20
-4.6500556299212601
 30
0
 11
5.4784173228346456
 21
-4.6491516535433073
 31
0
  0
LINE
  5
862
330
1B
100
AcDbEntity
  8
F.Silkscreen
  6
CONTINUOUS
100
AcDbLine
 10
5.4784173228346456
 20
-4.6491516535433073
 30
0
 11
5.4796957480314958
 21
-4.647873228346457
 31
0
  0
LINE
  5
863
330
1B
100
AcDbEntity
  8
F.Silkscreen
  6
CONTINUOUS
100
AcDbLine
 10
5.4796957480314958
 20
-4.647873228346457
 30
0
 11
5.4815037007874015
 21
-4.647873228346457
 31
0
  0
LINE
  5
864
330
1B
100
AcDbEntity
  8
F.Silkscreen
  6
CONTINUOUS
100
AcDbLine
 10
5.4815037007874015
 20
-4.647873228346457
 30
0
 11
5.4827821259842517
 21
-4.6491516535433073
 31
0
  0
LINE
  5
865
330
1B
100
AcDbEntity
  8
F.Silkscreen
  6
CONTINUOUS
100
AcDbLine
 10
6.090852992125984
 20
-4.6491516535433073
 30
0
 11
6.0910327952755905
 21
-4.6500556299212601
 31
0
  0
LINE
  5
866
330
1B
100
AcDbEntity
  8
F.Silkscreen
  6
CONTINUOUS
100
AcDbLine
 10
6.0910327952755905
 20
-4.6500556299212601
 30
0
 11
6.0910327952755905
 21
-4.7701343700787397
 31
0
  0
LINE
  5
867
330
1B
100
AcDbEntity
  8
F.Silkscreen
  6
CONTINUOUS
100
AcDbLine
 10
6.0910327952755905
 20
-4.7701343700787397
 30
0
 11
6.1949698031496059
 21
-4.7701343700787397
 31
0
  0
LINE
  5
868
330
1B
100
AcDbEntity
  8
F.Silkscreen
  6
CONTINUOUS
100
AcDbLine
 10
6.1949698031496059
 20
-4.7701343700787397
 30
0
 11
6.1949698031496059
 21
-4.7500556299212597
 31
0
  0
LINE
  5
869
330
1B
100
AcDbEntity
  8
F.Silkscreen
  6
CONTINUOUS
100
AcDbLine
 10
6.1949698031496059
 20
-4.7500556299212597
 30
0
 11
6.1951496062992124
 21
-4.7491516535433069
 31
0
  0
LINE
  5
86A
330
1B
100
AcDbEntity
  8
F.Silkscreen
  6
CONTINUOUS
100
AcDbLine
 10
6.1951496062992124
 20
-4.7491516535433069
 30
0
 11
6.1964280314960627
 21
-4.7478732283464566
 31
0
  0
LINE
  5
86B
330
1B
100
AcDbEntity
  8
F.Silkscreen
  6
CONTINUOUS
100
AcDbLine
 10
6.1964280314960627
 20
-4.7478732283464566
 30
0
 11
6.1982359842519683
 21
-4.7478732283464566
 31
0
  0
LINE
  5
86C
330
1B
100
AcDbEntity
  8
F.Silkscreen
  6
CONTINUOUS
100
AcDbLine
 10
6.1982359842519683
 20
-4.7478732283464566
 30
0
 11
6.1995144094488186
 21
-4.7491516535433069
 31
0
  0
LINE
  5
86D
330
1B
100
AcDbEntity
  8
F.Silkscreen
  6
CONTINUOUS
100
AcDbLine
 10
6.1995144094488186
 20
-4.7491516535433069
 30
0
 11
6.1996942125984251
 21
-4.7500556299212597
 31
0
  0
LINE
  5
86E
330
1B
100
AcDbEntity
  8
F.Silkscreen
  6
CONTINUOUS
100
AcDbLine
 10
6.1996942125984251
 20
-4.7500556299212597
 30
0
 11
6.1996942125984251
 21
-4.7724965748031494
 31
0
  0
LINE
  5
86F
330
1B
100
AcDbEntity
  8
F.Silkscreen
  6
CONTINUOUS
100
AcDbLine
 10
6.1996942125984251
 20
-4.7724965748031494
 30
0
 11
6.1995144094488186
 21
-4.7734005511811022
 31
0
  0
LINE
  5
870
330
1B
100
AcDbEntity
  8
F.Silkscreen
  6
CONTINUOUS
100
AcDbLine
 10
6.1995144094488186
 20
-4.7734005511811022
 30
0
 11
6.1982359842519683
 21
-4.7746789763779525
 31
0
  0
LINE
  5
871
330
1B
100
AcDbEntity
  8
F.Silkscreen
  6
CONTINUOUS
100
AcDbLine
 10
6.1982359842519683
 20
-4.7746789763779525
 30
0
 11
6.1973320078740155
 21
-4.774858779527559
 31
0
  0
LINE
  5
872
330
1B
100
AcDbEntity
  8
F.Silkscreen
  6
CONTINUOUS
100
AcDbLine
 10
6.1973320078740155
 20
-4.774858779527559
 30
0
 11
6.0886705905511809
 21
-4.774858779527559
 31
0
  0
LINE
  5
873
330
1B
100
AcDbEntity
  8
F.Silkscreen
  6
CONTINUOUS
100
AcDbLine
 10
6.0886705905511809
 20
-4.774858779527559
 30
0
 11
6.0877666141732281
 21
-4.7746789763779525
 31
0
  0
LINE
  5
874
330
1B
100
AcDbEntity
  8
F.Silkscreen
  6
CONTINUOUS
100
AcDbLine
 10
6.0877666141732281
 20
-4.7746789763779525
 30
0
 11
6.0864881889763778
 21
-4.7734005511811022
 31
0
  0
LINE
  5
875
330
1B
100
AcDbEntity
  8
F.Silkscreen
  6
CONTINUOUS
100
AcDbLine
 10
6.0864881889763778
 20
-4.7734005511811022
 30
0
 11
6.0863083858267713
 21
-4.7724965748031494
 31
0
  0
LINE
  5
876
330
1B
100
AcDbEntity
  8
F.Silkscreen
  6
CONTINUOUS
100
AcDbLine
 10
6.0863083858267713
 20
-4.7724965748031494
 30
0
 11
6.0863083858267713
 21
-4.6500556299212601
 31
0
  0
LINE
  5
877
330
1B
100
AcDbEntity
  8
F.Silkscreen
  6
CONTINUOUS
100
AcDbLine
 10
6.0863083858267713
 20
-4.6500556299212601
 30
0
 11
6.0864881889763778
 21
-4.6491516535433073
 31
0
  0
LINE
  5
878
330
1B
100
AcDbEntity
  8
F.Silkscreen
  6
CONTINUOUS
100
AcDbLine
 10
6.0864881889763778
 20
-4.6491516535433073
 30
0
 11
6.0877666141732281
 21
-4.647873228346457
 31
0
  0
LINE
  5
879
330
1B
100
AcDbEntity
  8
F.Silkscreen
  6
CONTINUOUS
100
AcDbLine
 10
6.0877666141732281
 20
-4.647873228346457
 30
0
 11
6.0895745669291337
 21
-4.647873228346457
 31
0
  0
LINE
  5
87A
330
1B
100
AcDbEntity
  8
F.Silkscreen
  6
CONTINUOUS
100
AcDbLine
 10
6.0895745669291337
 20
-4.647873228346457
 30
0
 11
6.090852992125984
 21
-4.6491516535433073
 31
0
  0
LINE
  5
87B
330
1B
100
AcDbEntity
  8
F.Silkscreen
  6
CONTINUOUS
100
AcDbLine
 10
6.535636456692913
 20
-4.7279770078740153
 30
0
 11
6.5358162598425196
 21
-4.7288809842519681
 31
0
  0
LINE
  5
87C
330
1B
100
AcDbEntity
  8
F.Silkscreen
  6
CONTINUOUS
100
AcDbLine
 10
6.5358162598425196
 20
-4.7288809842519681
 30
0
 11
6.5358162598425196
 21
-4.7373720078740158
 31
0
  0
LINE
  5
87D
330
1B
100
AcDbEntity
  8
F.Silkscreen
  6
CONTINUOUS
100
AcDbLine
 10
6.5358162598425196
 20
-4.7373720078740158
 30
0
 11
6.535636456692913
 21
-4.7382759842519686
 31
0
  0
LINE
  5
87E
330
1B
100
AcDbEntity
  8
F.Silkscreen
  6
CONTINUOUS
100
AcDbLine
 10
6.535636456692913
 20
-4.7382759842519686
 30
0
 11
6.5343580314960628
 21
-4.7395544094488189
 31
0
  0
LINE
  5
87F
330
1B
100
AcDbEntity
  8
F.Silkscreen
  6
CONTINUOUS
100
AcDbLine
 10
6.5343580314960628
 20
-4.7395544094488189
 30
0
 11
6.5325500787401571
 21
-4.7395544094488189
 31
0
  0
LINE
  5
880
330
1B
100
AcDbEntity
  8
F.Silkscreen
  6
CONTINUOUS
100
AcDbLine
 10
6.5325500787401571
 20
-4.7395544094488189
 30
0
 11
6.5312716535433069
 21
-4.7382759842519686
 31
0
  0
LINE
  5
881
330
1B
100
AcDbEntity
  8
F.Silkscreen
  6
CONTINUOUS
100
AcDbLine
 10
6.5312716535433069
 20
-4.7382759842519686
 30
0
 11
6.5310918503937003
 21
-4.7373720078740158
 31
0
  0
LINE
  5
882
330
1B
100
AcDbEntity
  8
F.Silkscreen
  6
CONTINUOUS
100
AcDbLine
 10
6.5310918503937003
 20
-4.7373720078740158
 30
0
 11
6.5310918503937003
 21
-4.7288809842519681
 31
0
  0
LINE
  5
883
330
1B
100
AcDbEntity
  8
F.Silkscreen
  6
CONTINUOUS
100
AcDbLine
 10
6.5310918503937003
 20
-4.7288809842519681
 30
0
 11
6.5312716535433069
 21
-4.7279770078740153
 31
0
  0
LINE
  5
884
330
1B
100
AcDbEntity
  8
F.Silkscreen
  6
CONTINUOUS
100
AcDbLine
 10
6.5312716535433069
 20
-4.7279770078740153
 30
0
 11
6.5325500787401571
 21
-4.726698582677165
 31
0
  0
LINE
  5
885
330
1B
100
AcDbEntity
  8
F.Silkscreen
  6
CONTINUOUS
100
AcDbLine
 10
6.5325500787401571
 20
-4.726698582677165
 30
0
 11
6.5343580314960628
 21
-4.726698582677165
 31
0
  0
LINE
  5
886
330
1B
100
AcDbEntity
  8
F.Silkscreen
  6
CONTINUOUS
100
AcDbLine
 10
6.5343580314960628
 20
-4.726698582677165
 30
0
 11
6.535636456692913
 21
-4.7279770078740153
 31
0
  0
LINE
  5
887
330
1B
100
AcDbEntity
  8
F.Silkscreen
  6
CONTINUOUS
100
AcDbLine
 10
6.5639829133858267
 20
-4.7279770078740153
 30
0
 11
6.5641627165354333
 21
-4.7288809842519681
 31
0
  0
LINE
  5
888
330
1B
100
AcDbEntity
  8
F.Silkscreen
  6
CONTINUOUS
100
AcDbLine
 10
6.5641627165354333
 20
-4.7288809842519681
 30
0
 11
6.5641627165354333
 21
-4.7373720078740158
 31
0
  0
LINE
  5
889
330
1B
100
AcDbEntity
  8
F.Silkscreen
  6
CONTINUOUS
100
AcDbLine
 10
6.5641627165354333
 20
-4.7373720078740158
 30
0
 11
6.5639829133858267
 21
-4.7382759842519686
 31
0
  0
LINE
  5
88A
330
1B
100
AcDbEntity
  8
F.Silkscreen
  6
CONTINUOUS
100
AcDbLine
 10
6.5639829133858267
 20
-4.7382759842519686
 30
0
 11
6.5627044881889764
 21
-4.7395544094488189
 31
0
  0
LINE
  5
88B
330
1B
100
AcDbEntity
  8
F.Silkscreen
  6
CONTINUOUS
100
AcDbLine
 10
6.5627044881889764
 20
-4.7395544094488189
 30
0
 11
6.5608965354330708
 21
-4.7395544094488189
 31
0
  0
LINE
  5
88C
330
1B
100
AcDbEntity
  8
F.Silkscreen
  6
CONTINUOUS
100
AcDbLine
 10
6.5608965354330708
 20
-4.7395544094488189
 30
0
 11
6.5596181102362205
 21
-4.7382759842519686
 31
0
  0
LINE
  5
88D
330
1B
100
AcDbEntity
  8
F.Silkscreen
  6
CONTINUOUS
100
AcDbLine
 10
6.5596181102362205
 20
-4.7382759842519686
 30
0
 11
6.559438307086614
 21
-4.7373720078740158
 31
0
  0
LINE
  5
88E
330
1B
100
AcDbEntity
  8
F.Silkscreen
  6
CONTINUOUS
100
AcDbLine
 10
6.559438307086614
 20
-4.7373720078740158
 30
0
 11
6.559438307086614
 21
-4.7288809842519681
 31
0
  0
LINE
  5
88F
330
1B
100
AcDbEntity
  8
F.Silkscreen
  6
CONTINUOUS
100
AcDbLine
 10
6.559438307086614
 20
-4.7288809842519681
 30
0
 11
6.5596181102362205
 21
-4.7279770078740153
 31
0
  0
LINE
  5
890
330
1B
100
AcDbEntity
  8
F.Silkscreen
  6
CONTINUOUS
100
AcDbLine
 10
6.5596181102362205
 20
-4.7279770078740153
 30
0
 11
6.5608965354330708
 21
-4.726698582677165
 31
0
  0
LINE
  5
891
330
1B
100
AcDbEntity
  8
F.Silkscreen
  6
CONTINUOUS
100
AcDbLine
 10
6.5608965354330708
 20
-4.726698582677165
 30
0
 11
6.5627044881889764
 21
-4.726698582677165
 31
0
  0
LINE
  5
892
330
1B
100
AcDbEntity
  8
F.Silkscreen
  6
CONTINUOUS
100
AcDbLine
 10
6.5627044881889764
 20
-4.726698582677165
 30
0
 11
6.5639829133858267
 21
-4.7279770078740153
 31
0
  0
LINE
  5
893
330
1B
100
AcDbEntity
  8
F.Silkscreen
  6
CONTINUOUS
100
AcDbLine
 10
6.575793937007874
 20
-4.7279770078740153
 30
0
 11
6.5759737401574805
 21
-4.7288809842519681
 31
0
  0
LINE
  5
894
330
1B
100
AcDbEntity
  8
F.Silkscreen
  6
CONTINUOUS
100
AcDbLine
 10
6.5759737401574805
 20
-4.7288809842519681
 30
0
 11
6.5759737401574805
 21
-4.7373720078740158
 31
0
  0
LINE
  5
895
330
1B
100
AcDbEntity
  8
F.Silkscreen
  6
CONTINUOUS
100
AcDbLine
 10
6.5759737401574805
 20
-4.7373720078740158
 30
0
 11
6.575793937007874
 21
-4.7382759842519686
 31
0
  0
LINE
  5
896
330
1B
100
AcDbEntity
  8
F.Silkscreen
  6
CONTINUOUS
100
AcDbLine
 10
6.575793937007874
 20
-4.7382759842519686
 30
0
 11
6.5745155118110237
 21
-4.7395544094488189
 31
0
  0
LINE
  5
897
330
1B
100
AcDbEntity
  8
F.Silkscreen
  6
CONTINUOUS
100
AcDbLine
 10
6.5745155118110237
 20
-4.7395544094488189
 30
0
 11
6.5727075590551181
 21
-4.7395544094488189
 31
0
  0
LINE
  5
898
330
1B
100
AcDbEntity
  8
F.Silkscreen
  6
CONTINUOUS
100
AcDbLine
 10
6.5727075590551181
 20
-4.7395544094488189
 30
0
 11
6.5714291338582678
 21
-4.7382759842519686
 31
0
  0
LINE
  5
899
330
1B
100
AcDbEntity
  8
F.Silkscreen
  6
CONTINUOUS
100
AcDbLine
 10
6.5714291338582678
 20
-4.7382759842519686
 30
0
 11
6.5712493307086612
 21
-4.7373720078740158
 31
0
  0
LINE
  5
89A
330
1B
100
AcDbEntity
  8
F.Silkscreen
  6
CONTINUOUS
100
AcDbLine
 10
6.5712493307086612
 20
-4.7373720078740158
 30
0
 11
6.5712493307086612
 21
-4.7288809842519681
 31
0
  0
LINE
  5
89B
330
1B
100
AcDbEntity
  8
F.Silkscreen
  6
CONTINUOUS
100
AcDbLine
 10
6.5712493307086612
 20
-4.7288809842519681
 30
0
 11
6.5714291338582678
 21
-4.7279770078740153
 31
0
  0
LINE
  5
89C
330
1B
100
AcDbEntity
  8
F.Silkscreen
  6
CONTINUOUS
100
AcDbLine
 10
6.5714291338582678
 20
-4.7279770078740153
 30
0
 11
6.5727075590551181
 21
-4.726698582677165
 31
0
  0
LINE
  5
89D
330
1B
100
AcDbEntity
  8
F.Silkscreen
  6
CONTINUOUS
100
AcDbLine
 10
6.5727075590551181
 20
-4.726698582677165
 30
0
 11
6.5745155118110237
 21
-4.726698582677165
 31
0
  0
LINE
  5
89E
330
1B
100
AcDbEntity
  8
F.Silkscreen
  6
CONTINUOUS
100
AcDbLine
 10
6.5745155118110237
 20
-4.726698582677165
 30
0
 11
6.575793937007874
 21
-4.7279770078740153
 31
0
  0
LINE
  5
89F
330
1B
100
AcDbEntity
  8
F.Silkscreen
  6
CONTINUOUS
100
AcDbLine
 10
6.6041403937007876
 20
-4.7279770078740153
 30
0
 11
6.6043201968503933
 21
-4.7288809842519681
 31
0
  0
LINE
  5
8A0
330
1B
100
AcDbEntity
  8
F.Silkscreen
  6
CONTINUOUS
100
AcDbLine
 10
6.6043201968503933
 20
-4.7288809842519681
 30
0
 11
6.6043201968503933
 21
-4.7373720078740158
 31
0
  0
LINE
  5
8A1
330
1B
100
AcDbEntity
  8
F.Silkscreen
  6
CONTINUOUS
100
AcDbLine
 10
6.6043201968503933
 20
-4.7373720078740158
 30
0
 11
6.6041403937007876
 21
-4.7382759842519686
 31
0
  0
LINE
  5
8A2
330
1B
100
AcDbEntity
  8
F.Silkscreen
  6
CONTINUOUS
100
AcDbLine
 10
6.6041403937007876
 20
-4.7382759842519686
 30
0
 11
6.6028619685039365
 21
-4.7395544094488189
 31
0
  0
LINE
  5
8A3
330
1B
100
AcDbEntity
  8
F.Silkscreen
  6
CONTINUOUS
100
AcDbLine
 10
6.6028619685039365
 20
-4.7395544094488189
 30
0
 11
6.6010540157480317
 21
-4.7395544094488189
 31
0
  0
LINE
  5
8A4
330
1B
100
AcDbEntity
  8
F.Silkscreen
  6
CONTINUOUS
100
AcDbLine
 10
6.6010540157480317
 20
-4.7395544094488189
 30
0
 11
6.5997755905511806
 21
-4.7382759842519686
 31
0
  0
LINE
  5
8A5
330
1B
100
AcDbEntity
  8
F.Silkscreen
  6
CONTINUOUS
100
AcDbLine
 10
6.5997755905511806
 20
-4.7382759842519686
 30
0
 11
6.5995957874015749
 21
-4.7373720078740158
 31
0
  0
LINE
  5
8A6
330
1B
100
AcDbEntity
  8
F.Silkscreen
  6
CONTINUOUS
100
AcDbLine
 10
6.5995957874015749
 20
-4.7373720078740158
 30
0
 11
6.5995957874015749
 21
-4.7288809842519681
 31
0
  0
LINE
  5
8A7
330
1B
100
AcDbEntity
  8
F.Silkscreen
  6
CONTINUOUS
100
AcDbLine
 10
6.5995957874015749
 20
-4.7288809842519681
 30
0
 11
6.5997755905511806
 21
-4.7279770078740153
 31
0
  0
LINE
  5
8A8
330
1B
100
AcDbEntity
  8
F.Silkscreen
  6
CONTINUOUS
100
AcDbLine
 10
6.5997755905511806
 20
-4.7279770078740153
 30
0
 11
6.6010540157480317
 21
-4.726698582677165
 31
0
  0
LINE
  5
8A9
330
1B
100
AcDbEntity
  8
F.Silkscreen
  6
CONTINUOUS
100
AcDbLine
 10
6.6010540157480317
 20
-4.726698582677165
 30
0
 11
6.6028619685039365
 21
-4.726698582677165
 31
0
  0
LINE
  5
8AA
330
1B
100
AcDbEntity
  8
F.Silkscreen
  6
CONTINUOUS
100
AcDbLine
 10
6.6028619685039365
 20
-4.726698582677165
 30
0
 11
6.6041403937007876
 21
-4.7279770078740153
 31
0
  0
LINE
  5
8AB
330
1B
100
AcDbEntity
  8
F.Silkscreen
  6
CONTINUOUS
100
AcDbLine
 10
5.9312073228346458
 20
-4.7252211023622044
 30
0
 11
5.9313871259842514
 21
-4.7261250787401572
 31
0
  0
LINE
  5
8AC
330
1B
100
AcDbEntity
  8
F.Silkscreen
  6
CONTINUOUS
100
AcDbLine
 10
5.9313871259842514
 20
-4.7261250787401572
 30
0
 11
5.9313871259842514
 21
-4.7346161023622049
 31
0
  0
LINE
  5
8AD
330
1B
100
AcDbEntity
  8
F.Silkscreen
  6
CONTINUOUS
100
AcDbLine
 10
5.9313871259842514
 20
-4.7346161023622049
 30
0
 11
5.9312073228346458
 21
-4.7355200787401577
 31
0
  0
LINE
  5
8AE
330
1B
100
AcDbEntity
  8
F.Silkscreen
  6
CONTINUOUS
100
AcDbLine
 10
5.9312073228346458
 20
-4.7355200787401577
 30
0
 11
5.9299288976377955
 21
-4.736798503937008
 31
0
  0
LINE
  5
8AF
330
1B
100
AcDbEntity
  8
F.Silkscreen
  6
CONTINUOUS
100
AcDbLine
 10
5.9299288976377955
 20
-4.736798503937008
 30
0
 11
5.9281209448818899
 21
-4.736798503937008
 31
0
  0
LINE
  5
8B0
330
1B
100
AcDbEntity
  8
F.Silkscreen
  6
CONTINUOUS
100
AcDbLine
 10
5.9281209448818899
 20
-4.736798503937008
 30
0
 11
5.9268425196850396
 21
-4.7355200787401577
 31
0
  0
LINE
  5
8B1
330
1B
100
AcDbEntity
  8
F.Silkscreen
  6
CONTINUOUS
100
AcDbLine
 10
5.9268425196850396
 20
-4.7355200787401577
 30
0
 11
5.9266627165354331
 21
-4.7346161023622049
 31
0
  0
LINE
  5
8B2
330
1B
100
AcDbEntity
  8
F.Silkscreen
  6
CONTINUOUS
100
AcDbLine
 10
5.9266627165354331
 20
-4.7346161023622049
 30
0
 11
5.9266627165354331
 21
-4.7261250787401572
 31
0
  0
LINE
  5
8B3
330
1B
100
AcDbEntity
  8
F.Silkscreen
  6
CONTINUOUS
100
AcDbLine
 10
5.9266627165354331
 20
-4.7261250787401572
 30
0
 11
5.9268425196850396
 21
-4.7252211023622044
 31
0
  0
LINE
  5
8B4
330
1B
100
AcDbEntity
  8
F.Silkscreen
  6
CONTINUOUS
100
AcDbLine
 10
5.9268425196850396
 20
-4.7252211023622044
 30
0
 11
5.9281209448818899
 21
-4.7239426771653541
 31
0
  0
LINE
  5
8B5
330
1B
100
AcDbEntity
  8
F.Silkscreen
  6
CONTINUOUS
100
AcDbLine
 10
5.9281209448818899
 20
-4.7239426771653541
 30
0
 11
5.9299288976377955
 21
-4.7239426771653541
 31
0
  0
LINE
  5
8B6
330
1B
100
AcDbEntity
  8
F.Silkscreen
  6
CONTINUOUS
100
AcDbLine
 10
5.9299288976377955
 20
-4.7239426771653541
 30
0
 11
5.9312073228346458
 21
-4.7252211023622044
 31
0
  0
LINE
  5
8B7
330
1B
100
AcDbEntity
  8
F.Silkscreen
  6
CONTINUOUS
100
AcDbLine
 10
5.9595537795275586
 20
-4.7252211023622044
 30
0
 11
5.9597335826771651
 21
-4.7261250787401572
 31
0
  0
LINE
  5
8B8
330
1B
100
AcDbEntity
  8
F.Silkscreen
  6
CONTINUOUS
100
AcDbLine
 10
5.9597335826771651
 20
-4.7261250787401572
 30
0
 11
5.9597335826771651
 21
-4.7346161023622049
 31
0
  0
LINE
  5
8B9
330
1B
100
AcDbEntity
  8
F.Silkscreen
  6
CONTINUOUS
100
AcDbLine
 10
5.9597335826771651
 20
-4.7346161023622049
 30
0
 11
5.9595537795275586
 21
-4.7355200787401577
 31
0
  0
LINE
  5
8BA
330
1B
100
AcDbEntity
  8
F.Silkscreen
  6
CONTINUOUS
100
AcDbLine
 10
5.9595537795275586
 20
-4.7355200787401577
 30
0
 11
5.9582753543307083
 21
-4.736798503937008
 31
0
  0
LINE
  5
8BB
330
1B
100
AcDbEntity
  8
F.Silkscreen
  6
CONTINUOUS
100
AcDbLine
 10
5.9582753543307083
 20
-4.736798503937008
 30
0
 11
5.9564674015748027
 21
-4.736798503937008
 31
0
  0
LINE
  5
8BC
330
1B
100
AcDbEntity
  8
F.Silkscreen
  6
CONTINUOUS
100
AcDbLine
 10
5.9564674015748027
 20
-4.736798503937008
 30
0
 11
5.9551889763779524
 21
-4.7355200787401577
 31
0
  0
LINE
  5
8BD
330
1B
100
AcDbEntity
  8
F.Silkscreen
  6
CONTINUOUS
100
AcDbLine
 10
5.9551889763779524
 20
-4.7355200787401577
 30
0
 11
5.9550091732283459
 21
-4.7346161023622049
 31
0
  0
LINE
  5
8BE
330
1B
100
AcDbEntity
  8
F.Silkscreen
  6
CONTINUOUS
100
AcDbLine
 10
5.9550091732283459
 20
-4.7346161023622049
 30
0
 11
5.9550091732283459
 21
-4.7261250787401572
 31
0
  0
LINE
  5
8BF
330
1B
100
AcDbEntity
  8
F.Silkscreen
  6
CONTINUOUS
100
AcDbLine
 10
5.9550091732283459
 20
-4.7261250787401572
 30
0
 11
5.9551889763779524
 21
-4.7252211023622044
 31
0
  0
LINE
  5
8C0
330
1B
100
AcDbEntity
  8
F.Silkscreen
  6
CONTINUOUS
100
AcDbLine
 10
5.9551889763779524
 20
-4.7252211023622044
 30
0
 11
5.9564674015748027
 21
-4.7239426771653541
 31
0
  0
LINE
  5
8C1
330
1B
100
AcDbEntity
  8
F.Silkscreen
  6
CONTINUOUS
100
AcDbLine
 10
5.9564674015748027
 20
-4.7239426771653541
 30
0
 11
5.9582753543307083
 21
-4.7239426771653541
 31
0
  0
LINE
  5
8C2
330
1B
100
AcDbEntity
  8
F.Silkscreen
  6
CONTINUOUS
100
AcDbLine
 10
5.9582753543307083
 20
-4.7239426771653541
 30
0
 11
5.9595537795275586
 21
-4.7252211023622044
 31
0
  0
LINE
  5
8C3
330
1B
100
AcDbEntity
  8
F.Silkscreen
  6
CONTINUOUS
100
AcDbLine
 10
5.9721522047244093
 20
-4.7252211023622044
 30
0
 11
5.9723320078740159
 21
-4.7261250787401572
 31
0
  0
LINE
  5
8C4
330
1B
100
AcDbEntity
  8
F.Silkscreen
  6
CONTINUOUS
100
AcDbLine
 10
5.9723320078740159
 20
-4.7261250787401572
 30
0
 11
5.9723320078740159
 21
-4.7346161023622049
 31
0
  0
LINE
  5
8C5
330
1B
100
AcDbEntity
  8
F.Silkscreen
  6
CONTINUOUS
100
AcDbLine
 10
5.9723320078740159
 20
-4.7346161023622049
 30
0
 11
5.9721522047244093
 21
-4.7355200787401577
 31
0
  0
LINE
  5
8C6
330
1B
100
AcDbEntity
  8
F.Silkscreen
  6
CONTINUOUS
100
AcDbLine
 10
5.9721522047244093
 20
-4.7355200787401577
 30
0
 11
5.970873779527559
 21
-4.736798503937008
 31
0
  0
LINE
  5
8C7
330
1B
100
AcDbEntity
  8
F.Silkscreen
  6
CONTINUOUS
100
AcDbLine
 10
5.970873779527559
 20
-4.736798503937008
 30
0
 11
5.9690658267716534
 21
-4.736798503937008
 31
0
  0
LINE
  5
8C8
330
1B
100
AcDbEntity
  8
F.Silkscreen
  6
CONTINUOUS
100
AcDbLine
 10
5.9690658267716534
 20
-4.736798503937008
 30
0
 11
5.9677874015748031
 21
-4.7355200787401577
 31
0
  0
LINE
  5
8C9
330
1B
100
AcDbEntity
  8
F.Silkscreen
  6
CONTINUOUS
100
AcDbLine
 10
5.9677874015748031
 20
-4.7355200787401577
 30
0
 11
5.9676075984251966
 21
-4.7346161023622049
 31
0
  0
LINE
  5
8CA
330
1B
100
AcDbEntity
  8
F.Silkscreen
  6
CONTINUOUS
100
AcDbLine
 10
5.9676075984251966
 20
-4.7346161023622049
 30
0
 11
5.9676075984251966
 21
-4.7261250787401572
 31
0
  0
LINE
  5
8CB
330
1B
100
AcDbEntity
  8
F.Silkscreen
  6
CONTINUOUS
100
AcDbLine
 10
5.9676075984251966
 20
-4.7261250787401572
 30
0
 11
5.9677874015748031
 21
-4.7252211023622044
 31
0
  0
LINE
  5
8CC
330
1B
100
AcDbEntity
  8
F.Silkscreen
  6
CONTINUOUS
100
AcDbLine
 10
5.9677874015748031
 20
-4.7252211023622044
 30
0
 11
5.9690658267716534
 21
-4.7239426771653541
 31
0
  0
LINE
  5
8CD
330
1B
100
AcDbEntity
  8
F.Silkscreen
  6
CONTINUOUS
100
AcDbLine
 10
5.9690658267716534
 20
-4.7239426771653541
 30
0
 11
5.970873779527559
 21
-4.7239426771653541
 31
0
  0
LINE
  5
8CE
330
1B
100
AcDbEntity
  8
F.Silkscreen
  6
CONTINUOUS
100
AcDbLine
 10
5.970873779527559
 20
-4.7239426771653541
 30
0
 11
5.9721522047244093
 21
-4.7252211023622044
 31
0
  0
LINE
  5
8CF
330
1B
100
AcDbEntity
  8
F.Silkscreen
  6
CONTINUOUS
100
AcDbLine
 10
6.000498661417323
 20
-4.7252211023622044
 30
0
 11
6.0006784645669287
 21
-4.7261250787401572
 31
0
  0
LINE
  5
8D0
330
1B
100
AcDbEntity
  8
F.Silkscreen
  6
CONTINUOUS
100
AcDbLine
 10
6.0006784645669287
 20
-4.7261250787401572
 30
0
 11
6.0006784645669287
 21
-4.7346161023622049
 31
0
  0
LINE
  5
8D1
330
1B
100
AcDbEntity
  8
F.Silkscreen
  6
CONTINUOUS
100
AcDbLine
 10
6.0006784645669287
 20
-4.7346161023622049
 30
0
 11
6.000498661417323
 21
-4.7355200787401577
 31
0
  0
LINE
  5
8D2
330
1B
100
AcDbEntity
  8
F.Silkscreen
  6
CONTINUOUS
100
AcDbLine
 10
6.000498661417323
 20
-4.7355200787401577
 30
0
 11
5.9992202362204727
 21
-4.736798503937008
 31
0
  0
LINE
  5
8D3
330
1B
100
AcDbEntity
  8
F.Silkscreen
  6
CONTINUOUS
100
AcDbLine
 10
5.9992202362204727
 20
-4.736798503937008
 30
0
 11
5.9974122834645671
 21
-4.736798503937008
 31
0
  0
LINE
  5
8D4
330
1B
100
AcDbEntity
  8
F.Silkscreen
  6
CONTINUOUS
100
AcDbLine
 10
5.9974122834645671
 20
-4.736798503937008
 30
0
 11
5.9961338582677168
 21
-4.7355200787401577
 31
0
  0
LINE
  5
8D5
330
1B
100
AcDbEntity
  8
F.Silkscreen
  6
CONTINUOUS
100
AcDbLine
 10
5.9961338582677168
 20
-4.7355200787401577
 30
0
 11
5.9959540551181103
 21
-4.7346161023622049
 31
0
  0
LINE
  5
8D6
330
1B
100
AcDbEntity
  8
F.Silkscreen
  6
CONTINUOUS
100
AcDbLine
 10
5.9959540551181103
 20
-4.7346161023622049
 30
0
 11
5.9959540551181103
 21
-4.7261250787401572
 31
0
  0
LINE
  5
8D7
330
1B
100
AcDbEntity
  8
F.Silkscreen
  6
CONTINUOUS
100
AcDbLine
 10
5.9959540551181103
 20
-4.7261250787401572
 30
0
 11
5.9961338582677168
 21
-4.7252211023622044
 31
0
  0
LINE
  5
8D8
330
1B
100
AcDbEntity
  8
F.Silkscreen
  6
CONTINUOUS
100
AcDbLine
 10
5.9961338582677168
 20
-4.7252211023622044
 30
0
 11
5.9974122834645671
 21
-4.7239426771653541
 31
0
  0
LINE
  5
8D9
330
1B
100
AcDbEntity
  8
F.Silkscreen
  6
CONTINUOUS
100
AcDbLine
 10
5.9974122834645671
 20
-4.7239426771653541
 30
0
 11
5.9992202362204727
 21
-4.7239426771653541
 31
0
  0
LINE
  5
8DA
330
1B
100
AcDbEntity
  8
F.Silkscreen
  6
CONTINUOUS
100
AcDbLine
 10
5.9992202362204727
 20
-4.7239426771653541
 30
0
 11
6.000498661417323
 21
-4.7252211023622044
 31
0
  0
LINE
  5
8DB
330
1B
100
AcDbEntity
  8
F.Silkscreen
  6
CONTINUOUS
100
AcDbLine
 10
7.0197589763779522
 20
-4.6776449212598425
 30
0
 11
7.0199550393700783
 21
-4.6777261417322835
 31
0
  0
LINE
  5
8DC
330
1B
100
AcDbEntity
  8
F.Silkscreen
  6
CONTINUOUS
100
AcDbLine
 10
7.0199550393700783
 20
-4.6777261417322835
 30
0
 11
7.0201666535433072
 21
-4.6777411811023617
 31
0
  0
LINE
  5
8DD
330
1B
100
AcDbEntity
  8
F.Silkscreen
  6
CONTINUOUS
100
AcDbLine
 10
7.0201666535433072
 20
-4.6777411811023617
 30
0
 11
7.0212478740157476
 21
-4.6781549212598428
 31
0
  0
LINE
  5
8DE
330
1B
100
AcDbEntity
  8
F.Silkscreen
  6
CONTINUOUS
100
AcDbLine
 10
7.0212478740157476
 20
-4.6781549212598428
 30
0
 11
7.0268721653543302
 21
-4.6809670866141735
 31
0
  0
LINE
  5
8DF
330
1B
100
AcDbEntity
  8
F.Silkscreen
  6
CONTINUOUS
100
AcDbLine
 10
7.0268721653543302
 20
-4.6809670866141735
 30
0
 11
7.0273679527559052
 21
-4.6812791732283463
 31
0
  0
LINE
  5
8E0
330
1B
100
AcDbEntity
  8
F.Silkscreen
  6
CONTINUOUS
100
AcDbLine
 10
7.0273679527559052
 20
-4.6812791732283463
 30
0
 11
7.0275120472440946
 21
-4.6813388582677167
 31
0
  0
LINE
  5
8E1
330
1B
100
AcDbEntity
  8
F.Silkscreen
  6
CONTINUOUS
100
AcDbLine
 10
7.0275120472440946
 20
-4.6813388582677167
 30
0
 11
7.0276742125984253
 21
-4.6814719685039368
 31
0
  0
LINE
  5
8E2
330
1B
100
AcDbEntity
  8
F.Silkscreen
  6
CONTINUOUS
100
AcDbLine
 10
7.0276742125984253
 20
-4.6814719685039368
 30
0
 11
7.0278519291338579
 21
-4.6815838188976375
 31
0
  0
LINE
  5
8E3
330
1B
100
AcDbEntity
  8
F.Silkscreen
  6
CONTINUOUS
100
AcDbLine
 10
7.0278519291338579
 20
-4.6815838188976375
 30
0
 11
7.0279541338582678
 21
-4.6817016535433069
 31
0
  0
LINE
  5
8E4
330
1B
100
AcDbEntity
  8
F.Silkscreen
  6
CONTINUOUS
100
AcDbLine
 10
7.0279541338582678
 20
-4.6817016535433069
 30
0
 11
7.028406968503937
 21
-4.6820733070866138
 31
0
  0
LINE
  5
8E5
330
1B
100
AcDbEntity
  8
F.Silkscreen
  6
CONTINUOUS
100
AcDbLine
 10
7.028406968503937
 20
-4.6820733070866138
 30
0
 11
7.0312191338582677
 21
-4.6848854724409446
 31
0
  0
LINE
  5
8E6
330
1B
100
AcDbEntity
  8
F.Silkscreen
  6
CONTINUOUS
100
AcDbLine
 10
7.0312191338582677
 20
-4.6848854724409446
 30
0
 11
7.0315908267716534
 21
-4.6853383858267712
 31
0
  0
LINE
  5
8E7
330
1B
100
AcDbEntity
  8
F.Silkscreen
  6
CONTINUOUS
100
AcDbLine
 10
7.0315908267716534
 20
-4.6853383858267712
 30
0
 11
7.031708622047244
 21
-4.6854405511811024
 31
0
  0
LINE
  5
8E8
330
1B
100
AcDbEntity
  8
F.Silkscreen
  6
CONTINUOUS
100
AcDbLine
 10
7.031708622047244
 20
-4.6854405511811024
 30
0
 11
7.0318203543307085
 21
-4.6856180708661412
 31
0
  0
LINE
  5
8E9
330
1B
100
AcDbEntity
  8
F.Silkscreen
  6
CONTINUOUS
100
AcDbLine
 10
7.0318203543307085
 20
-4.6856180708661412
 30
0
 11
7.0319535826771649
 21
-4.6857803937007869
 31
0
  0
LINE
  5
8EA
330
1B
100
AcDbEntity
  8
F.Silkscreen
  6
CONTINUOUS
100
AcDbLine
 10
7.0319535826771649
 20
-4.6857803937007869
 30
0
 11
7.0320132677165352
 21
-4.6859245275590551
 31
0
  0
LINE
  5
8EB
330
1B
100
AcDbEntity
  8
F.Silkscreen
  6
CONTINUOUS
100
AcDbLine
 10
7.0320132677165352
 20
-4.6859245275590551
 30
0
 11
7.0323253543307089
 21
-4.6864202755905513
 31
0
  0
LINE
  5
8EC
330
1B
100
AcDbEntity
  8
F.Silkscreen
  6
CONTINUOUS
100
AcDbLine
 10
7.0323253543307089
 20
-4.6864202755905513
 30
0
 11
7.0351374803149609
 21
-4.6920446062992127
 31
0
  0
LINE
  5
8ED
330
1B
100
AcDbEntity
  8
F.Silkscreen
  6
CONTINUOUS
100
AcDbLine
 10
7.0351374803149609
 20
-4.6920446062992127
 30
0
 11
7.0355512598425198
 21
-4.6931258267716531
 31
0
  0
LINE
  5
8EE
330
1B
100
AcDbEntity
  8
F.Silkscreen
  6
CONTINUOUS
100
AcDbLine
 10
7.0355512598425198
 20
-4.6931258267716531
 30
0
 11
7.0355662598425193
 21
-4.693337440944882
 31
0
  0
LINE
  5
8EF
330
1B
100
AcDbEntity
  8
F.Silkscreen
  6
CONTINUOUS
100
AcDbLine
 10
7.0355662598425193
 20
-4.693337440944882
 30
0
 11
7.0356474803149602
 21
-4.6935334645669293
 31
0
  0
LINE
  5
8F0
330
1B
100
AcDbEntity
  8
F.Silkscreen
  6
CONTINUOUS
100
AcDbLine
 10
7.0356474803149602
 20
-4.6935334645669293
 30
0
 11
7.0357609448818899
 21
-4.6946855905511811
 31
0
  0
LINE
  5
8F1
330
1B
100
AcDbEntity
  8
F.Silkscreen
  6
CONTINUOUS
100
AcDbLine
 10
7.0357609448818899
 20
-4.6946855905511811
 30
0
 11
7.0357609448818899
 21
-4.7059341732283464
 31
0
  0
LINE
  5
8F2
330
1B
100
AcDbEntity
  8
F.Silkscreen
  6
CONTINUOUS
100
AcDbLine
 10
7.0357609448818899
 20
-4.7059341732283464
 30
0
 11
7.0356474803149602
 21
-4.7070862992125981
 31
0
  0
LINE
  5
8F3
330
1B
100
AcDbEntity
  8
F.Silkscreen
  6
CONTINUOUS
100
AcDbLine
 10
7.0356474803149602
 20
-4.7070862992125981
 30
0
 11
7.0355662598425193
 21
-4.7072822834645667
 31
0
  0
LINE
  5
8F4
330
1B
100
AcDbEntity
  8
F.Silkscreen
  6
CONTINUOUS
100
AcDbLine
 10
7.0355662598425193
 20
-4.7072822834645667
 30
0
 11
7.0355512598425198
 21
-4.7074939370078743
 31
0
  0
LINE
  5
8F5
330
1B
100
AcDbEntity
  8
F.Silkscreen
  6
CONTINUOUS
100
AcDbLine
 10
7.0355512598425198
 20
-4.7074939370078743
 30
0
 11
7.0351374803149609
 21
-4.7085751574803147
 31
0
  0
LINE
  5
8F6
330
1B
100
AcDbEntity
  8
F.Silkscreen
  6
CONTINUOUS
100
AcDbLine
 10
7.0351374803149609
 20
-4.7085751574803147
 30
0
 11
7.0323253543307089
 21
-4.7141994881889762
 31
0
  0
LINE
  5
8F7
330
1B
100
AcDbEntity
  8
F.Silkscreen
  6
CONTINUOUS
100
AcDbLine
 10
7.0323253543307089
 20
-4.7141994881889762
 30
0
 11
7.0320132677165352
 21
-4.7146951968503936
 31
0
  0
LINE
  5
8F8
330
1B
100
AcDbEntity
  8
F.Silkscreen
  6
CONTINUOUS
100
AcDbLine
 10
7.0320132677165352
 20
-4.7146951968503936
 30
0
 11
7.0319535826771649
 21
-4.7148393700787397
 31
0
  0
LINE
  5
8F9
330
1B
100
AcDbEntity
  8
F.Silkscreen
  6
CONTINUOUS
100
AcDbLine
 10
7.0319535826771649
 20
-4.7148393700787397
 30
0
 11
7.0318203543307085
 21
-4.7150016535433066
 31
0
  0
LINE
  5
8FA
330
1B
100
AcDbEntity
  8
F.Silkscreen
  6
CONTINUOUS
100
AcDbLine
 10
7.0318203543307085
 20
-4.7150016535433066
 30
0
 11
7.031708622047244
 21
-4.7151792125984251
 31
0
  0
LINE
  5
8FB
330
1B
100
AcDbEntity
  8
F.Silkscreen
  6
CONTINUOUS
100
AcDbLine
 10
7.031708622047244
 20
-4.7151792125984251
 30
0
 11
7.0315908267716534
 21
-4.7152813385826766
 31
0
  0
LINE
  5
8FC
330
1B
100
AcDbEntity
  8
F.Silkscreen
  6
CONTINUOUS
100
AcDbLine
 10
7.0315908267716534
 20
-4.7152813385826766
 30
0
 11
7.0312191338582677
 21
-4.7157342913385829
 31
0
  0
LINE
  5
8FD
330
1B
100
AcDbEntity
  8
F.Silkscreen
  6
CONTINUOUS
100
AcDbLine
 10
7.0312191338582677
 20
-4.7157342913385829
 30
0
 11
7.028406968503937
 21
-4.7185464566929136
 31
0
  0
LINE
  5
8FE
330
1B
100
AcDbEntity
  8
F.Silkscreen
  6
CONTINUOUS
100
AcDbLine
 10
7.028406968503937
 20
-4.7185464566929136
 30
0
 11
7.0279541338582678
 21
-4.7189180708661418
 31
0
  0
LINE
  5
8FF
330
1B
100
AcDbEntity
  8
F.Silkscreen
  6
CONTINUOUS
100
AcDbLine
 10
7.0279541338582678
 20
-4.7189180708661418
 30
0
 11
7.0278519291338579
 21
-4.7190359448818899
 31
0
  0
LINE
  5
900
330
1B
100
AcDbEntity
  8
F.Silkscreen
  6
CONTINUOUS
100
AcDbLine
 10
7.0278519291338579
 20
-4.7190359448818899
 30
0
 11
7.0276742125984253
 21
-4.7191477559055119
 31
0
  0
LINE
  5
901
330
1B
100
AcDbEntity
  8
F.Silkscreen
  6
CONTINUOUS
100
AcDbLine
 10
7.0276742125984253
 20
-4.7191477559055119
 30
0
 11
7.0275120472440946
 21
-4.7192809055118108
 31
0
  0
LINE
  5
902
330
1B
100
AcDbEntity
  8
F.Silkscreen
  6
CONTINUOUS
100
AcDbLine
 10
7.0275120472440946
 20
-4.7192809055118108
 30
0
 11
7.0273679527559052
 21
-4.7193405511811024
 31
0
  0
LINE
  5
903
330
1B
100
AcDbEntity
  8
F.Silkscreen
  6
CONTINUOUS
100
AcDbLine
 10
7.0273679527559052
 20
-4.7193405511811024
 30
0
 11
7.0268721653543302
 21
-4.719652677165354
 31
0
  0
LINE
  5
904
330
1B
100
AcDbEntity
  8
F.Silkscreen
  6
CONTINUOUS
100
AcDbLine
 10
7.0268721653543302
 20
-4.719652677165354
 30
0
 11
7.0212478740157476
 21
-4.7224648031496059
 31
0
  0
LINE
  5
905
330
1B
100
AcDbEntity
  8
F.Silkscreen
  6
CONTINUOUS
100
AcDbLine
 10
7.0212478740157476
 20
-4.7224648031496059
 30
0
 11
7.0201666141732284
 21
-4.7228785826771649
 31
0
  0
LINE
  5
906
330
1B
100
AcDbEntity
  8
F.Silkscreen
  6
CONTINUOUS
100
AcDbLine
 10
7.0201666141732284
 20
-4.7228785826771649
 30
0
 11
7.0199549606299207
 21
-4.7228935826771652
 31
0
  0
LINE
  5
907
330
1B
100
AcDbEntity
  8
F.Silkscreen
  6
CONTINUOUS
100
AcDbLine
 10
7.0199549606299207
 20
-4.7228935826771652
 30
0
 11
7.0197589763779522
 21
-4.7229748031496062
 31
0
  0
LINE
  5
908
330
1B
100
AcDbEntity
  8
F.Silkscreen
  6
CONTINUOUS
100
AcDbLine
 10
7.0197589763779522
 20
-4.7229748031496062
 30
0
 11
7.0186068503937005
 21
-4.7230882677165349
 31
0
  0
LINE
  5
909
330
1B
100
AcDbEntity
  8
F.Silkscreen
  6
CONTINUOUS
100
AcDbLine
 10
7.0186068503937005
 20
-4.7230882677165349
 30
0
 11
6.9961096456692911
 21
-4.7230882677165349
 31
0
  0
LINE
  5
90A
330
1B
100
AcDbEntity
  8
F.Silkscreen
  6
CONTINUOUS
100
AcDbLine
 10
6.9961096456692911
 20
-4.7230882677165349
 30
0
 11
6.9959087007874015
 21
-4.7230684645669294
 31
0
  0
LINE
  5
90B
330
1B
100
AcDbEntity
  8
F.Silkscreen
  6
CONTINUOUS
100
AcDbLine
 10
6.9959087007874015
 20
-4.7230684645669294
 30
0
 11
6.9958225984251969
 21
-4.7230812992125983
 31
0
  0
LINE
  5
90C
330
1B
100
AcDbEntity
  8
F.Silkscreen
  6
CONTINUOUS
100
AcDbLine
 10
6.9958225984251969
 20
-4.7230812992125983
 30
0
 11
6.9953914566929134
 21
-4.7230175196850395
 31
0
  0
LINE
  5
90D
330
1B
100
AcDbEntity
  8
F.Silkscreen
  6
CONTINUOUS
100
AcDbLine
 10
6.9953914566929134
 20
-4.7230175196850395
 30
0
 11
6.9949575196850393
 21
-4.7229748031496062
 31
0
  0
LINE
  5
90E
330
1B
100
AcDbEntity
  8
F.Silkscreen
  6
CONTINUOUS
100
AcDbLine
 10
6.9949575196850393
 20
-4.7229748031496062
 30
0
 11
6.9948770078740159
 21
-4.7229414173228346
 31
0
  0
LINE
  5
90F
330
1B
100
AcDbEntity
  8
F.Silkscreen
  6
CONTINUOUS
100
AcDbLine
 10
6.9948770078740159
 20
-4.7229414173228346
 30
0
 11
6.9946773622047242
 21
-4.7229119291338586
 31
0
  0
LINE
  5
910
330
1B
100
AcDbEntity
  8
F.Silkscreen
  6
CONTINUOUS
100
AcDbLine
 10
6.9946773622047242
 20
-4.7229119291338586
 30
0
 11
6.9834287795275589
 21
-4.7200998031496058
 31
0
  0
LINE
  5
911
330
1B
100
AcDbEntity
  8
F.Silkscreen
  6
CONTINUOUS
100
AcDbLine
 10
6.9834287795275589
 20
-4.7200998031496058
 30
0
 11
6.9827501968503931
 21
-4.7198573622047242
 31
0
  0
LINE
  5
912
330
1B
100
AcDbEntity
  8
F.Silkscreen
  6
CONTINUOUS
100
AcDbLine
 10
6.9827501968503931
 20
-4.7198573622047242
 30
0
 11
6.9826068503937009
 21
-4.7198290157480312
 31
0
  0
LINE
  5
913
330
1B
100
AcDbEntity
  8
F.Silkscreen
  6
CONTINUOUS
100
AcDbLine
 10
6.9826068503937009
 20
-4.7198290157480312
 30
0
 11
6.9824768897637792
 21
-4.7197597244094487
 31
0
  0
LINE
  5
914
330
1B
100
AcDbEntity
  8
F.Silkscreen
  6
CONTINUOUS
100
AcDbLine
 10
6.9824768897637792
 20
-4.7197597244094487
 30
0
 11
6.9823385826771656
 21
-4.7197103149606301
 31
0
  0
LINE
  5
915
330
1B
100
AcDbEntity
  8
F.Silkscreen
  6
CONTINUOUS
100
AcDbLine
 10
6.9823385826771656
 20
-4.7197103149606301
 30
0
 11
6.9822214566929128
 21
-4.719623503937008
 31
0
  0
LINE
  5
916
330
1B
100
AcDbEntity
  8
F.Silkscreen
  6
CONTINUOUS
100
AcDbLine
 10
6.9822214566929128
 20
-4.719623503937008
 30
0
 11
6.9815852755905512
 21
-4.7192843307086614
 31
0
  0
LINE
  5
917
330
1B
100
AcDbEntity
  8
F.Silkscreen
  6
CONTINUOUS
100
AcDbLine
 10
6.9815852755905512
 20
-4.7192843307086614
 30
0
 11
6.9731488188976378
 21
-4.7136600393700787
 31
0
  0
LINE
  5
918
330
1B
100
AcDbEntity
  8
F.Silkscreen
  6
CONTINUOUS
100
AcDbLine
 10
6.9731488188976378
 20
-4.7136600393700787
 30
0
 11
6.9731455118110235
 21
-4.7136573228346457
 31
0
  0
LINE
  5
919
330
1B
100
AcDbEntity
  8
F.Silkscreen
  6
CONTINUOUS
100
AcDbLine
 10
6.9731455118110235
 20
-4.7136573228346457
 30
0
 11
6.973143661417323
 21
-4.7136565748031494
 31
0
  0
LINE
  5
91A
330
1B
100
AcDbEntity
  8
F.Silkscreen
  6
CONTINUOUS
100
AcDbLine
 10
6.973143661417323
 20
-4.7136565748031494
 30
0
 11
6.9727074409448822
 21
-4.7132985826771652
 31
0
  0
LINE
  5
91B
330
1B
100
AcDbEntity
  8
F.Silkscreen
  6
CONTINUOUS
100
AcDbLine
 10
6.9727074409448822
 20
-4.7132985826771652
 30
0
 11
6.9722531496062992
 21
-4.7129265354330707
 31
0
  0
LINE
  5
91C
330
1B
100
AcDbEntity
  8
F.Silkscreen
  6
CONTINUOUS
100
AcDbLine
 10
6.9722531496062992
 20
-4.7129265354330707
 30
0
 11
6.9722519685039366
 21
-4.7129247637795277
 31
0
  0
LINE
  5
91D
330
1B
100
AcDbEntity
  8
F.Silkscreen
  6
CONTINUOUS
100
AcDbLine
 10
6.9722519685039366
 20
-4.7129247637795277
 30
0
 11
6.9722487401574798
 21
-4.7129221259842522
 31
0
  0
LINE
  5
91E
330
1B
100
AcDbEntity
  8
F.Silkscreen
  6
CONTINUOUS
100
AcDbLine
 10
6.9722487401574798
 20
-4.7129221259842522
 30
0
 11
6.9694366141732278
 21
-4.7101099606299215
 31
0
  0
LINE
  5
91F
330
1B
100
AcDbEntity
  8
F.Silkscreen
  6
CONTINUOUS
100
AcDbLine
 10
6.9694366141732278
 20
-4.7101099606299215
 30
0
 11
6.9690650393700784
 21
-4.709657204724409
 31
0
  0
LINE
  5
920
330
1B
100
AcDbEntity
  8
F.Silkscreen
  6
CONTINUOUS
100
AcDbLine
 10
6.9690650393700784
 20
-4.709657204724409
 30
0
 11
6.9689471653543302
 21
-4.7095549606299212
 31
0
  0
LINE
  5
921
330
1B
100
AcDbEntity
  8
F.Silkscreen
  6
CONTINUOUS
100
AcDbLine
 10
6.9689471653543302
 20
-4.7095549606299212
 30
0
 11
6.968835236220472
 21
-4.7093771259842523
 31
0
  0
LINE
  5
922
330
1B
100
AcDbEntity
  8
F.Silkscreen
  6
CONTINUOUS
100
AcDbLine
 10
6.968835236220472
 20
-4.7093771259842523
 30
0
 11
6.9687022047244094
 21
-4.7092150393700782
 31
0
  0
LINE
  5
923
330
1B
100
AcDbEntity
  8
F.Silkscreen
  6
CONTINUOUS
100
AcDbLine
 10
6.9687022047244094
 20
-4.7092150393700782
 30
0
 11
6.9686425590551178
 21
-4.709071062992126
 31
0
  0
LINE
  5
924
330
1B
100
AcDbEntity
  8
F.Silkscreen
  6
CONTINUOUS
100
AcDbLine
 10
6.9686425590551178
 20
-4.709071062992126
 30
0
 11
6.9683304330708662
 21
-4.7085751968503935
 31
0
  0
LINE
  5
925
330
1B
100
AcDbEntity
  8
F.Silkscreen
  6
CONTINUOUS
100
AcDbLine
 10
6.9683304330708662
 20
-4.7085751968503935
 30
0
 11
6.9655182677165355
 21
-4.7029509055118108
 31
0
  0
LINE
  5
926
330
1B
100
AcDbEntity
  8
F.Silkscreen
  6
CONTINUOUS
100
AcDbLine
 10
6.9655182677165355
 20
-4.7029509055118108
 30
0
 11
6.9651045275590553
 21
-4.7018696850393695
 31
0
  0
LINE
  5
927
330
1B
100
AcDbEntity
  8
F.Silkscreen
  6
CONTINUOUS
100
AcDbLine
 10
6.9651045275590553
 20
-4.7018696850393695
 30
0
 11
6.9650894881889762
 21
-4.7016580708661415
 31
0
  0
LINE
  5
928
330
1B
100
AcDbEntity
  8
F.Silkscreen
  6
CONTINUOUS
100
AcDbLine
 10
6.9650894881889762
 20
-4.7016580708661415
 30
0
 11
6.9650082677165353
 21
-4.7014620078740155
 31
0
  0
LINE
  5
929
330
1B
100
AcDbEntity
  8
F.Silkscreen
  6
CONTINUOUS
100
AcDbLine
 10
6.9650082677165353
 20
-4.7014620078740155
 30
0
 11
6.9648948031496065
 21
-4.7003098818897637
 31
0
  0
LINE
  5
92A
330
1B
100
AcDbEntity
  8
F.Silkscreen
  6
CONTINUOUS
100
AcDbLine
 10
6.9648948031496065
 20
-4.7003098818897637
 30
0
 11
6.9648948031496065
 21
-4.6890612992125984
 31
0
  0
LINE
  5
92B
330
1B
100
AcDbEntity
  8
F.Silkscreen
  6
CONTINUOUS
100
AcDbLine
 10
6.9648948031496065
 20
-4.6890612992125984
 30
0
 11
6.9650082677165353
 21
-4.6879091732283467
 31
0
  0
LINE
  5
92C
330
1B
100
AcDbEntity
  8
F.Silkscreen
  6
CONTINUOUS
100
AcDbLine
 10
6.9650082677165353
 20
-4.6879091732283467
 30
0
 11
6.9658900787401574
 21
-4.6857803543307082
 31
0
  0
LINE
  5
92D
330
1B
100
AcDbEntity
  8
F.Silkscreen
  6
CONTINUOUS
100
AcDbLine
 10
6.9658900787401574
 20
-4.6857803543307082
 30
0
 11
6.9675193700787403
 21
-4.6841510629921261
 31
0
  0
LINE
  5
92E
330
1B
100
AcDbEntity
  8
F.Silkscreen
  6
CONTINUOUS
100
AcDbLine
 10
6.9675193700787403
 20
-4.6841510629921261
 30
0
 11
6.9696481889763779
 21
-4.683269251968504
 31
0
  0
LINE
  5
92F
330
1B
100
AcDbEntity
  8
F.Silkscreen
  6
CONTINUOUS
100
AcDbLine
 10
6.9696481889763779
 20
-4.683269251968504
 30
0
 11
6.9719524409448814
 21
-4.683269251968504
 31
0
  0
LINE
  5
930
330
1B
100
AcDbEntity
  8
F.Silkscreen
  6
CONTINUOUS
100
AcDbLine
 10
6.9719524409448814
 20
-4.683269251968504
 30
0
 11
6.9740812598425199
 21
-4.6841510629921261
 31
0
  0
LINE
  5
931
330
1B
100
AcDbEntity
  8
F.Silkscreen
  6
CONTINUOUS
100
AcDbLine
 10
6.9740812598425199
 20
-4.6841510629921261
 30
0
 11
6.9757105511811019
 21
-4.6857803543307082
 31
0
  0
LINE
  5
932
330
1B
100
AcDbEntity
  8
F.Silkscreen
  6
CONTINUOUS
100
AcDbLine
 10
6.9757105511811019
 20
-4.6857803543307082
 30
0
 11
6.9765923622047241
 21
-4.6879091732283467
 31
0
  0
LINE
  5
933
330
1B
100
AcDbEntity
  8
F.Silkscreen
  6
CONTINUOUS
100
AcDbLine
 10
6.9765923622047241
 20
-4.6879091732283467
 30
0
 11
6.9767058267716537
 21
-4.6890612992125984
 31
0
  0
LINE
  5
934
330
1B
100
AcDbEntity
  8
F.Silkscreen
  6
CONTINUOUS
100
AcDbLine
 10
6.9767058267716537
 20
-4.6890612992125984
 30
0
 11
6.9767058267716537
 21
-4.6989157480314958
 31
0
  0
LINE
  5
935
330
1B
100
AcDbEntity
  8
F.Silkscreen
  6
CONTINUOUS
100
AcDbLine
 10
6.9767058267716537
 20
-4.6989157480314958
 30
0
 11
6.97846594488189
 21
-4.702436023622047
 31
0
  0
LINE
  5
936
330
1B
100
AcDbEntity
  8
F.Silkscreen
  6
CONTINUOUS
100
AcDbLine
 10
6.97846594488189
 20
-4.702436023622047
 30
0
 11
6.9801868897637798
 21
-4.7041569685039368
 31
0
  0
LINE
  5
937
330
1B
100
AcDbEntity
  8
F.Silkscreen
  6
CONTINUOUS
100
AcDbLine
 10
6.9801868897637798
 20
-4.7041569685039368
 30
0
 11
6.9872857086614175
 21
-4.7088895275590552
 31
0
  0
LINE
  5
938
330
1B
100
AcDbEntity
  8
F.Silkscreen
  6
CONTINUOUS
100
AcDbLine
 10
6.9872857086614175
 20
-4.7088895275590552
 30
0
 11
6.9882993307086609
 21
-4.7091429527559052
 31
0
  0
LINE
  5
939
330
1B
100
AcDbEntity
  8
F.Silkscreen
  6
CONTINUOUS
100
AcDbLine
 10
6.9882993307086609
 20
-4.7091429527559052
 30
0
 11
6.9880154724409449
 21
-4.7085751968503935
 31
0
  0
LINE
  5
93A
330
1B
100
AcDbEntity
  8
F.Silkscreen
  6
CONTINUOUS
100
AcDbLine
 10
6.9880154724409449
 20
-4.7085751968503935
 30
0
 11
6.987601692913386
 21
-4.7074939370078743
 31
0
  0
LINE
  5
93B
330
1B
100
AcDbEntity
  8
F.Silkscreen
  6
CONTINUOUS
100
AcDbLine
 10
6.987601692913386
 20
-4.7074939370078743
 30
0
 11
6.9875866535433069
 21
-4.7072822834645667
 31
0
  0
LINE
  5
93C
330
1B
100
AcDbEntity
  8
F.Silkscreen
  6
CONTINUOUS
100
AcDbLine
 10
6.9875866535433069
 20
-4.7072822834645667
 30
0
 11
6.9875054724409447
 21
-4.7070862992125981
 31
0
  0
LINE
  5
93D
330
1B
100
AcDbEntity
  8
F.Silkscreen
  6
CONTINUOUS
100
AcDbLine
 10
6.9875054724409447
 20
-4.7070862992125981
 30
0
 11
6.9873920078740159
 21
-4.7059341732283464
 31
0
  0
LINE
  5
93E
330
1B
100
AcDbEntity
  8
F.Silkscreen
  6
CONTINUOUS
100
AcDbLine
 10
6.9873920078740159
 20
-4.7059341732283464
 30
0
 11
6.9873920078740159
 21
-4.6946855905511811
 31
0
  0
LINE
  5
93F
330
1B
100
AcDbEntity
  8
F.Silkscreen
  6
CONTINUOUS
100
AcDbLine
 10
6.9873920078740159
 20
-4.6946855905511811
 30
0
 11
6.9875054724409447
 21
-4.6935334645669293
 31
0
  0
LINE
  5
940
330
1B
100
AcDbEntity
  8
F.Silkscreen
  6
CONTINUOUS
100
AcDbLine
 10
6.9875054724409447
 20
-4.6935334645669293
 30
0
 11
6.9875866535433069
 21
-4.693337440944882
 31
0
  0
LINE
  5
941
330
1B
100
AcDbEntity
  8
F.Silkscreen
  6
CONTINUOUS
100
AcDbLine
 10
6.9875866535433069
 20
-4.693337440944882
 30
0
 11
6.987601692913386
 21
-4.6931258267716531
 31
0
  0
LINE
  5
942
330
1B
100
AcDbEntity
  8
F.Silkscreen
  6
CONTINUOUS
100
AcDbLine
 10
6.987601692913386
 20
-4.6931258267716531
 30
0
 11
6.9880154724409449
 21
-4.692044566929134
 31
0
  0
LINE
  5
943
330
1B
100
AcDbEntity
  8
F.Silkscreen
  6
CONTINUOUS
100
AcDbLine
 10
6.9880154724409449
 20
-4.692044566929134
 30
0
 11
6.9908275984251969
 21
-4.6864202755905513
 31
0
  0
LINE
  5
944
330
1B
100
AcDbEntity
  8
F.Silkscreen
  6
CONTINUOUS
100
AcDbLine
 10
6.9908275984251969
 20
-4.6864202755905513
 30
0
 11
6.9911396850393697
 21
-4.6859244488188976
 31
0
  0
LINE
  5
945
330
1B
100
AcDbEntity
  8
F.Silkscreen
  6
CONTINUOUS
100
AcDbLine
 10
6.9911396850393697
 20
-4.6859244488188976
 30
0
 11
6.99119937007874
 21
-4.6857803937007869
 31
0
  0
LINE
  5
946
330
1B
100
AcDbEntity
  8
F.Silkscreen
  6
CONTINUOUS
100
AcDbLine
 10
6.99119937007874
 20
-4.6857803937007869
 30
0
 11
6.9913324803149601
 21
-4.6856181889763775
 31
0
  0
LINE
  5
947
330
1B
100
AcDbEntity
  8
F.Silkscreen
  6
CONTINUOUS
100
AcDbLine
 10
6.9913324803149601
 20
-4.6856181889763775
 30
0
 11
6.9914443307086609
 21
-4.6854405118110236
 31
0
  0
LINE
  5
948
330
1B
100
AcDbEntity
  8
F.Silkscreen
  6
CONTINUOUS
100
AcDbLine
 10
6.9914443307086609
 20
-4.6854405118110236
 30
0
 11
6.9915621653543303
 21
-4.6853382677165349
 31
0
  0
LINE
  5
949
330
1B
100
AcDbEntity
  8
F.Silkscreen
  6
CONTINUOUS
100
AcDbLine
 10
6.9915621653543303
 20
-4.6853382677165349
 30
0
 11
6.9919338188976372
 21
-4.6848854724409446
 31
0
  0
LINE
  5
94A
330
1B
100
AcDbEntity
  8
F.Silkscreen
  6
CONTINUOUS
100
AcDbLine
 10
6.9919338188976372
 20
-4.6848854724409446
 30
0
 11
6.9947459842519679
 21
-4.6820733070866138
 31
0
  0
LINE
  5
94B
330
1B
100
AcDbEntity
  8
F.Silkscreen
  6
CONTINUOUS
100
AcDbLine
 10
6.9947459842519679
 20
-4.6820733070866138
 30
0
 11
6.9951987795275592
 21
-4.6817016929133857
 31
0
  0
LINE
  5
94C
330
1B
100
AcDbEntity
  8
F.Silkscreen
  6
CONTINUOUS
100
AcDbLine
 10
6.9951987795275592
 20
-4.6817016929133857
 30
0
 11
6.995301023622047
 21
-4.6815838188976375
 31
0
  0
LINE
  5
94D
330
1B
100
AcDbEntity
  8
F.Silkscreen
  6
CONTINUOUS
100
AcDbLine
 10
6.995301023622047
 20
-4.6815838188976375
 30
0
 11
6.9954787007874017
 21
-4.6814719685039368
 31
0
  0
LINE
  5
94E
330
1B
100
AcDbEntity
  8
F.Silkscreen
  6
CONTINUOUS
100
AcDbLine
 10
6.9954787007874017
 20
-4.6814719685039368
 30
0
 11
6.9956409055118112
 21
-4.6813388582677167
 31
0
  0
LINE
  5
94F
330
1B
100
AcDbEntity
  8
F.Silkscreen
  6
CONTINUOUS
100
AcDbLine
 10
6.9956409055118112
 20
-4.6813388582677167
 30
0
 11
6.9957849606299209
 21
-4.6812791732283463
 31
0
  0
LINE
  5
950
330
1B
100
AcDbEntity
  8
F.Silkscreen
  6
CONTINUOUS
100
AcDbLine
 10
6.9957849606299209
 20
-4.6812791732283463
 30
0
 11
6.9962807874015747
 21
-4.6809670866141735
 31
0
  0
LINE
  5
951
330
1B
100
AcDbEntity
  8
F.Silkscreen
  6
CONTINUOUS
100
AcDbLine
 10
6.9962807874015747
 20
-4.6809670866141735
 30
0
 11
7.0019050393700786
 21
-4.6781549212598428
 31
0
  0
LINE
  5
952
330
1B
100
AcDbEntity
  8
F.Silkscreen
  6
CONTINUOUS
100
AcDbLine
 10
7.0019050393700786
 20
-4.6781549212598428
 30
0
 11
7.0029862992125986
 21
-4.6777411811023617
 31
0
  0
LINE
  5
953
330
1B
100
AcDbEntity
  8
F.Silkscreen
  6
CONTINUOUS
100
AcDbLine
 10
7.0029862992125986
 20
-4.6777411811023617
 30
0
 11
7.0031978740157479
 21
-4.6777261417322835
 31
0
  0
LINE
  5
954
330
1B
100
AcDbEntity
  8
F.Silkscreen
  6
CONTINUOUS
100
AcDbLine
 10
7.0031978740157479
 20
-4.6777261417322835
 30
0
 11
7.0033939763779527
 21
-4.6776449212598425
 31
0
  0
LINE
  5
955
330
1B
100
AcDbEntity
  8
F.Silkscreen
  6
CONTINUOUS
100
AcDbLine
 10
7.0033939763779527
 20
-4.6776449212598425
 30
0
 11
7.0045461023622044
 21
-4.6775314566929129
 31
0
  0
LINE
  5
956
330
1B
100
AcDbEntity
  8
F.Silkscreen
  6
CONTINUOUS
100
AcDbLine
 10
7.0045461023622044
 20
-4.6775314566929129
 30
0
 11
7.0186068503937005
 21
-4.6775314566929129
 31
0
  0
LINE
  5
957
330
1B
100
AcDbEntity
  8
F.Silkscreen
  6
CONTINUOUS
100
AcDbLine
 10
7.0186068503937005
 20
-4.6775314566929129
 30
0
 11
7.0197589763779522
 21
-4.6776449212598425
 31
0
  0
LINE
  5
958
330
1B
100
AcDbEntity
  8
F.Silkscreen
  6
CONTINUOUS
100
AcDbLine
 10
7.0024199999999999
 20
-4.6911025590551176
 30
0
 11
7.0009630708661419
 21
-4.6925594881889765
 31
0
  0
LINE
  5
959
330
1B
100
AcDbEntity
  8
F.Silkscreen
  6
CONTINUOUS
100
AcDbLine
 10
7.0009630708661419
 20
-4.6925594881889765
 30
0
 11
6.9992030314960632
 21
-4.6960796456692915
 31
0
  0
LINE
  5
95A
330
1B
100
AcDbEntity
  8
F.Silkscreen
  6
CONTINUOUS
100
AcDbLine
 10
6.9992030314960632
 20
-4.6960796456692915
 30
0
 11
6.9992030314960632
 21
-4.7045400787401572
 31
0
  0
LINE
  5
95B
330
1B
100
AcDbEntity
  8
F.Silkscreen
  6
CONTINUOUS
100
AcDbLine
 10
6.9992030314960632
 20
-4.7045400787401572
 30
0
 11
7.0009630708661419
 21
-4.7080602362204722
 31
0
  0
LINE
  5
95C
330
1B
100
AcDbEntity
  8
F.Silkscreen
  6
CONTINUOUS
100
AcDbLine
 10
7.0009630708661419
 20
-4.7080602362204722
 30
0
 11
7.0024199606299211
 21
-4.7095171259842514
 31
0
  0
LINE
  5
95D
330
1B
100
AcDbEntity
  8
F.Silkscreen
  6
CONTINUOUS
100
AcDbLine
 10
7.0024199606299211
 20
-4.7095171259842514
 30
0
 11
7.0059401968503936
 21
-4.7112772440944877
 31
0
  0
LINE
  5
95E
330
1B
100
AcDbEntity
  8
F.Silkscreen
  6
CONTINUOUS
100
AcDbLine
 10
7.0059401968503936
 20
-4.7112772440944877
 30
0
 11
7.0172127559055113
 21
-4.7112772440944877
 31
0
  0
LINE
  5
95F
330
1B
100
AcDbEntity
  8
F.Silkscreen
  6
CONTINUOUS
100
AcDbLine
 10
7.0172127559055113
 20
-4.7112772440944877
 30
0
 11
7.0207329133858263
 21
-4.7095171653543302
 31
0
  0
LINE
  5
960
330
1B
100
AcDbEntity
  8
F.Silkscreen
  6
CONTINUOUS
100
AcDbLine
 10
7.0207329133858263
 20
-4.7095171653543302
 30
0
 11
7.0221898031496064
 21
-4.708060275590551
 31
0
  0
LINE
  5
961
330
1B
100
AcDbEntity
  8
F.Silkscreen
  6
CONTINUOUS
100
AcDbLine
 10
7.0221898031496064
 20
-4.708060275590551
 30
0
 11
7.0239499212598426
 21
-4.7045400787401572
 31
0
  0
LINE
  5
962
330
1B
100
AcDbEntity
  8
F.Silkscreen
  6
CONTINUOUS
100
AcDbLine
 10
7.0239499212598426
 20
-4.7045400787401572
 30
0
 11
7.0239499212598426
 21
-4.6960796456692915
 31
0
  0
LINE
  5
963
330
1B
100
AcDbEntity
  8
F.Silkscreen
  6
CONTINUOUS
100
AcDbLine
 10
7.0239499212598426
 20
-4.6960796456692915
 30
0
 11
7.0221898031496064
 21
-4.6925594488188977
 31
0
  0
LINE
  5
964
330
1B
100
AcDbEntity
  8
F.Silkscreen
  6
CONTINUOUS
100
AcDbLine
 10
7.0221898031496064
 20
-4.6925594488188977
 30
0
 11
7.020732952755905
 21
-4.6911025984251964
 31
0
  0
LINE
  5
965
330
1B
100
AcDbEntity
  8
F.Silkscreen
  6
CONTINUOUS
100
AcDbLine
 10
7.020732952755905
 20
-4.6911025984251964
 30
0
 11
7.0172127559055113
 21
-4.6893424803149601
 31
0
  0
LINE
  5
966
330
1B
100
AcDbEntity
  8
F.Silkscreen
  6
CONTINUOUS
100
AcDbLine
 10
7.0172127559055113
 20
-4.6893424803149601
 30
0
 11
7.0059401968503936
 21
-4.6893424803149601
 31
0
  0
LINE
  5
967
330
1B
100
AcDbEntity
  8
F.Silkscreen
  6
CONTINUOUS
100
AcDbLine
 10
7.0059401968503936
 20
-4.6893424803149601
 30
0
 11
7.0024199999999999
 21
-4.6911025590551176
 31
0
  0
LINE
  5
968
330
1B
100
AcDbEntity
  8
F.Silkscreen
  6
CONTINUOUS
100
AcDbLine
 10
5.6817989763779524
 20
-4.5484637795275589
 30
0
 11
5.6830774015748027
 21
-4.5497422047244092
 31
0
  0
LINE
  5
969
330
1B
100
AcDbEntity
  8
F.Silkscreen
  6
CONTINUOUS
100
AcDbLine
 10
5.6830774015748027
 20
-4.5497422047244092
 30
0
 11
5.6830774015748027
 21
-4.5515501574803148
 31
0
  0
LINE
  5
96A
330
1B
100
AcDbEntity
  8
F.Silkscreen
  6
CONTINUOUS
100
AcDbLine
 10
5.6830774015748027
 20
-4.5515501574803148
 30
0
 11
5.6817989763779524
 21
-4.5528285826771651
 31
0
  0
LINE
  5
96B
330
1B
100
AcDbEntity
  8
F.Silkscreen
  6
CONTINUOUS
100
AcDbLine
 10
5.6817989763779524
 20
-4.5528285826771651
 30
0
 11
5.6808949999999996
 21
-4.5530083858267716
 31
0
  0
LINE
  5
96C
330
1B
100
AcDbEntity
  8
F.Silkscreen
  6
CONTINUOUS
100
AcDbLine
 10
5.6808949999999996
 20
-4.5530083858267716
 30
0
 11
5.6795170472440946
 21
-4.5530083858267716
 31
0
  0
LINE
  5
96D
330
1B
100
AcDbEntity
  8
F.Silkscreen
  6
CONTINUOUS
100
AcDbLine
 10
5.6795170472440946
 20
-4.5530083858267716
 30
0
 11
5.6795170472440946
 21
-4.7104887007874012
 31
0
  0
LINE
  5
96E
330
1B
100
AcDbEntity
  8
F.Silkscreen
  6
CONTINUOUS
100
AcDbLine
 10
5.6795170472440946
 20
-4.7104887007874012
 30
0
 11
5.6808949999999996
 21
-4.7104887007874012
 31
0
  0
LINE
  5
96F
330
1B
100
AcDbEntity
  8
F.Silkscreen
  6
CONTINUOUS
100
AcDbLine
 10
5.6808949999999996
 20
-4.7104887007874012
 30
0
 11
5.6817989763779524
 21
-4.7106685039370078
 31
0
  0
LINE
  5
970
330
1B
100
AcDbEntity
  8
F.Silkscreen
  6
CONTINUOUS
100
AcDbLine
 10
5.6817989763779524
 20
-4.7106685039370078
 30
0
 11
5.6830774015748027
 21
-4.711946929133858
 31
0
  0
LINE
  5
971
330
1B
100
AcDbEntity
  8
F.Silkscreen
  6
CONTINUOUS
100
AcDbLine
 10
5.6830774015748027
 20
-4.711946929133858
 30
0
 11
5.6830774015748027
 21
-4.7137548818897637
 31
0
  0
LINE
  5
972
330
1B
100
AcDbEntity
  8
F.Silkscreen
  6
CONTINUOUS
100
AcDbLine
 10
5.6830774015748027
 20
-4.7137548818897637
 30
0
 11
5.6817989763779524
 21
-4.7150333070866139
 31
0
  0
LINE
  5
973
330
1B
100
AcDbEntity
  8
F.Silkscreen
  6
CONTINUOUS
100
AcDbLine
 10
5.6817989763779524
 20
-4.7150333070866139
 30
0
 11
5.6808949999999996
 21
-4.7152131102362205
 31
0
  0
LINE
  5
974
330
1B
100
AcDbEntity
  8
F.Silkscreen
  6
CONTINUOUS
100
AcDbLine
 10
5.6808949999999996
 20
-4.7152131102362205
 30
0
 11
5.6771548425196849
 21
-4.7152131102362205
 31
0
  0
LINE
  5
975
330
1B
100
AcDbEntity
  8
F.Silkscreen
  6
CONTINUOUS
100
AcDbLine
 10
5.6771548425196849
 20
-4.7152131102362205
 30
0
 11
5.6762508661417321
 21
-4.7150333070866139
 31
0
  0
LINE
  5
976
330
1B
100
AcDbEntity
  8
F.Silkscreen
  6
CONTINUOUS
100
AcDbLine
 10
5.6762508661417321
 20
-4.7150333070866139
 30
0
 11
5.6749724409448818
 21
-4.7137548818897637
 31
0
  0
LINE
  5
977
330
1B
100
AcDbEntity
  8
F.Silkscreen
  6
CONTINUOUS
100
AcDbLine
 10
5.6749724409448818
 20
-4.7137548818897637
 30
0
 11
5.6747926377952753
 21
-4.7128509055118109
 31
0
  0
LINE
  5
978
330
1B
100
AcDbEntity
  8
F.Silkscreen
  6
CONTINUOUS
100
AcDbLine
 10
5.6747926377952753
 20
-4.7128509055118109
 30
0
 11
5.6747926377952753
 21
-4.550646181102362
 31
0
  0
LINE
  5
979
330
1B
100
AcDbEntity
  8
F.Silkscreen
  6
CONTINUOUS
100
AcDbLine
 10
5.6747926377952753
 20
-4.550646181102362
 30
0
 11
5.6749724409448818
 21
-4.5497422047244092
 31
0
  0
LINE
  5
97A
330
1B
100
AcDbEntity
  8
F.Silkscreen
  6
CONTINUOUS
100
AcDbLine
 10
5.6749724409448818
 20
-4.5497422047244092
 30
0
 11
5.6762508661417321
 21
-4.5484637795275589
 31
0
  0
LINE
  5
97B
330
1B
100
AcDbEntity
  8
F.Silkscreen
  6
CONTINUOUS
100
AcDbLine
 10
5.6762508661417321
 20
-4.5484637795275589
 30
0
 11
5.6771548425196849
 21
-4.5482839763779523
 31
0
  0
LINE
  5
97C
330
1B
100
AcDbEntity
  8
F.Silkscreen
  6
CONTINUOUS
100
AcDbLine
 10
5.6771548425196849
 20
-4.5482839763779523
 30
0
 11
5.6808949999999996
 21
-4.5482839763779523
 31
0
  0
LINE
  5
97D
330
1B
100
AcDbEntity
  8
F.Silkscreen
  6
CONTINUOUS
100
AcDbLine
 10
5.6808949999999996
 20
-4.5482839763779523
 30
0
 11
5.6817989763779524
 21
-4.5484637795275589
 31
0
  0
LINE
  5
97E
330
1B
100
AcDbEntity
  8
F.Silkscreen
  6
CONTINUOUS
100
AcDbLine
 10
5.879633622047244
 20
-4.5484637795275589
 30
0
 11
5.8809120472440943
 21
-4.5497422047244092
 31
0
  0
LINE
  5
97F
330
1B
100
AcDbEntity
  8
F.Silkscreen
  6
CONTINUOUS
100
AcDbLine
 10
5.8809120472440943
 20
-4.5497422047244092
 30
0
 11
5.8810918503937009
 21
-4.550646181102362
 31
0
  0
LINE
  5
980
330
1B
100
AcDbEntity
  8
F.Silkscreen
  6
CONTINUOUS
100
AcDbLine
 10
5.8810918503937009
 20
-4.550646181102362
 30
0
 11
5.8810918503937009
 21
-4.7128509055118109
 31
0
  0
LINE
  5
981
330
1B
100
AcDbEntity
  8
F.Silkscreen
  6
CONTINUOUS
100
AcDbLine
 10
5.8810918503937009
 20
-4.7128509055118109
 30
0
 11
5.8809120472440943
 21
-4.7137548818897637
 31
0
  0
LINE
  5
982
330
1B
100
AcDbEntity
  8
F.Silkscreen
  6
CONTINUOUS
100
AcDbLine
 10
5.8809120472440943
 20
-4.7137548818897637
 30
0
 11
5.879633622047244
 21
-4.7150333070866139
 31
0
  0
LINE
  5
983
330
1B
100
AcDbEntity
  8
F.Silkscreen
  6
CONTINUOUS
100
AcDbLine
 10
5.879633622047244
 20
-4.7150333070866139
 30
0
 11
5.8787296456692912
 21
-4.7152131102362205
 31
0
  0
LINE
  5
984
330
1B
100
AcDbEntity
  8
F.Silkscreen
  6
CONTINUOUS
100
AcDbLine
 10
5.8787296456692912
 20
-4.7152131102362205
 30
0
 11
5.8749894881889766
 21
-4.7152131102362205
 31
0
  0
LINE
  5
985
330
1B
100
AcDbEntity
  8
F.Silkscreen
  6
CONTINUOUS
100
AcDbLine
 10
5.8749894881889766
 20
-4.7152131102362205
 30
0
 11
5.8740855118110238
 21
-4.7150333070866139
 31
0
  0
LINE
  5
986
330
1B
100
AcDbEntity
  8
F.Silkscreen
  6
CONTINUOUS
100
AcDbLine
 10
5.8740855118110238
 20
-4.7150333070866139
 30
0
 11
5.8728070866141735
 21
-4.7137548818897637
 31
0
  0
LINE
  5
987
330
1B
100
AcDbEntity
  8
F.Silkscreen
  6
CONTINUOUS
100
AcDbLine
 10
5.8728070866141735
 20
-4.7137548818897637
 30
0
 11
5.8728070866141735
 21
-4.711946929133858
 31
0
  0
LINE
  5
988
330
1B
100
AcDbEntity
  8
F.Silkscreen
  6
CONTINUOUS
100
AcDbLine
 10
5.8728070866141735
 20
-4.711946929133858
 30
0
 11
5.8740855118110238
 21
-4.7106685039370078
 31
0
  0
LINE
  5
989
330
1B
100
AcDbEntity
  8
F.Silkscreen
  6
CONTINUOUS
100
AcDbLine
 10
5.8740855118110238
 20
-4.7106685039370078
 30
0
 11
5.8749894881889766
 21
-4.7104887007874012
 31
0
  0
LINE
  5
98A
330
1B
100
AcDbEntity
  8
F.Silkscreen
  6
CONTINUOUS
100
AcDbLine
 10
5.8749894881889766
 20
-4.7104887007874012
 30
0
 11
5.8763674409448816
 21
-4.7104887007874012
 31
0
  0
LINE
  5
98B
330
1B
100
AcDbEntity
  8
F.Silkscreen
  6
CONTINUOUS
100
AcDbLine
 10
5.8763674409448816
 20
-4.7104887007874012
 30
0
 11
5.8763674409448816
 21
-4.5530083858267716
 31
0
  0
LINE
  5
98C
330
1B
100
AcDbEntity
  8
F.Silkscreen
  6
CONTINUOUS
100
AcDbLine
 10
5.8763674409448816
 20
-4.5530083858267716
 30
0
 11
5.8749894881889766
 21
-4.5530083858267716
 31
0
  0
LINE
  5
98D
330
1B
100
AcDbEntity
  8
F.Silkscreen
  6
CONTINUOUS
100
AcDbLine
 10
5.8749894881889766
 20
-4.5530083858267716
 30
0
 11
5.8740855118110238
 21
-4.5528285826771651
 31
0
  0
LINE
  5
98E
330
1B
100
AcDbEntity
  8
F.Silkscreen
  6
CONTINUOUS
100
AcDbLine
 10
5.8740855118110238
 20
-4.5528285826771651
 30
0
 11
5.8728070866141735
 21
-4.5515501574803148
 31
0
  0
LINE
  5
98F
330
1B
100
AcDbEntity
  8
F.Silkscreen
  6
CONTINUOUS
100
AcDbLine
 10
5.8728070866141735
 20
-4.5515501574803148
 30
0
 11
5.8728070866141735
 21
-4.5497422047244092
 31
0
  0
LINE
  5
990
330
1B
100
AcDbEntity
  8
F.Silkscreen
  6
CONTINUOUS
100
AcDbLine
 10
5.8728070866141735
 20
-4.5497422047244092
 30
0
 11
5.8740855118110238
 21
-4.5484637795275589
 31
0
  0
LINE
  5
991
330
1B
100
AcDbEntity
  8
F.Silkscreen
  6
CONTINUOUS
100
AcDbLine
 10
5.8740855118110238
 20
-4.5484637795275589
 30
0
 11
5.8749894881889766
 21
-4.5482839763779523
 31
0
  0
LINE
  5
992
330
1B
100
AcDbEntity
  8
F.Silkscreen
  6
CONTINUOUS
100
AcDbLine
 10
5.8749894881889766
 20
-4.5482839763779523
 30
0
 11
5.8787296456692912
 21
-4.5482839763779523
 31
0
  0
LINE
  5
993
330
1B
100
AcDbEntity
  8
F.Silkscreen
  6
CONTINUOUS
100
AcDbLine
 10
5.8787296456692912
 20
-4.5482839763779523
 30
0
 11
5.879633622047244
 21
-4.5484637795275589
 31
0
  0
LINE
  5
994
330
1B
100
AcDbEntity
  8
F.Silkscreen
  6
CONTINUOUS
100
AcDbLine
 10
6.2909525196850389
 20
-4.5484637795275589
 30
0
 11
6.2922309448818901
 21
-4.5497422047244092
 31
0
  0
LINE
  5
995
330
1B
100
AcDbEntity
  8
F.Silkscreen
  6
CONTINUOUS
100
AcDbLine
 10
6.2922309448818901
 20
-4.5497422047244092
 30
0
 11
6.2922309448818901
 21
-4.5515501574803148
 31
0
  0
LINE
  5
996
330
1B
100
AcDbEntity
  8
F.Silkscreen
  6
CONTINUOUS
100
AcDbLine
 10
6.2922309448818901
 20
-4.5515501574803148
 30
0
 11
6.2909525196850389
 21
-4.5528285826771651
 31
0
  0
LINE
  5
997
330
1B
100
AcDbEntity
  8
F.Silkscreen
  6
CONTINUOUS
100
AcDbLine
 10
6.2909525196850389
 20
-4.5528285826771651
 30
0
 11
6.2900485433070861
 21
-4.5530083858267716
 31
0
  0
LINE
  5
998
330
1B
100
AcDbEntity
  8
F.Silkscreen
  6
CONTINUOUS
100
AcDbLine
 10
6.2900485433070861
 20
-4.5530083858267716
 30
0
 11
6.288670590551181
 21
-4.5530083858267716
 31
0
  0
LINE
  5
999
330
1B
100
AcDbEntity
  8
F.Silkscreen
  6
CONTINUOUS
100
AcDbLine
 10
6.288670590551181
 20
-4.5530083858267716
 30
0
 11
6.288670590551181
 21
-4.7104887007874012
 31
0
  0
LINE
  5
99A
330
1B
100
AcDbEntity
  8
F.Silkscreen
  6
CONTINUOUS
100
AcDbLine
 10
6.288670590551181
 20
-4.7104887007874012
 30
0
 11
6.2900485433070861
 21
-4.7104887007874012
 31
0
  0
LINE
  5
99B
330
1B
100
AcDbEntity
  8
F.Silkscreen
  6
CONTINUOUS
100
AcDbLine
 10
6.2900485433070861
 20
-4.7104887007874012
 30
0
 11
6.2909525196850389
 21
-4.7106685039370078
 31
0
  0
LINE
  5
99C
330
1B
100
AcDbEntity
  8
F.Silkscreen
  6
CONTINUOUS
100
AcDbLine
 10
6.2909525196850389
 20
-4.7106685039370078
 30
0
 11
6.2922309448818901
 21
-4.711946929133858
 31
0
  0
LINE
  5
99D
330
1B
100
AcDbEntity
  8
F.Silkscreen
  6
CONTINUOUS
100
AcDbLine
 10
6.2922309448818901
 20
-4.711946929133858
 30
0
 11
6.2922309448818901
 21
-4.7137548818897637
 31
0
  0
LINE
  5
99E
330
1B
100
AcDbEntity
  8
F.Silkscreen
  6
CONTINUOUS
100
AcDbLine
 10
6.2922309448818901
 20
-4.7137548818897637
 30
0
 11
6.2909525196850389
 21
-4.7150333070866139
 31
0
  0
LINE
  5
99F
330
1B
100
AcDbEntity
  8
F.Silkscreen
  6
CONTINUOUS
100
AcDbLine
 10
6.2909525196850389
 20
-4.7150333070866139
 30
0
 11
6.2900485433070861
 21
-4.7152131102362205
 31
0
  0
LINE
  5
9A0
330
1B
100
AcDbEntity
  8
F.Silkscreen
  6
CONTINUOUS
100
AcDbLine
 10
6.2900485433070861
 20
-4.7152131102362205
 30
0
 11
6.2863083858267714
 21
-4.7152131102362205
 31
0
  0
LINE
  5
9A1
330
1B
100
AcDbEntity
  8
F.Silkscreen
  6
CONTINUOUS
100
AcDbLine
 10
6.2863083858267714
 20
-4.7152131102362205
 30
0
 11
6.2854044094488186
 21
-4.7150333070866139
 31
0
  0
LINE
  5
9A2
330
1B
100
AcDbEntity
  8
F.Silkscreen
  6
CONTINUOUS
100
AcDbLine
 10
6.2854044094488186
 20
-4.7150333070866139
 30
0
 11
6.2841259842519683
 21
-4.7137548818897637
 31
0
  0
LINE
  5
9A3
330
1B
100
AcDbEntity
  8
F.Silkscreen
  6
CONTINUOUS
100
AcDbLine
 10
6.2841259842519683
 20
-4.7137548818897637
 30
0
 11
6.2839461811023618
 21
-4.7128509055118109
 31
0
  0
LINE
  5
9A4
330
1B
100
AcDbEntity
  8
F.Silkscreen
  6
CONTINUOUS
100
AcDbLine
 10
6.2839461811023618
 20
-4.7128509055118109
 30
0
 11
6.2839461811023618
 21
-4.550646181102362
 31
0
  0
LINE
  5
9A5
330
1B
100
AcDbEntity
  8
F.Silkscreen
  6
CONTINUOUS
100
AcDbLine
 10
6.2839461811023618
 20
-4.550646181102362
 30
0
 11
6.2841259842519683
 21
-4.5497422047244092
 31
0
  0
LINE
  5
9A6
330
1B
100
AcDbEntity
  8
F.Silkscreen
  6
CONTINUOUS
100
AcDbLine
 10
6.2841259842519683
 20
-4.5497422047244092
 30
0
 11
6.2854044094488186
 21
-4.5484637795275589
 31
0
  0
LINE
  5
9A7
330
1B
100
AcDbEntity
  8
F.Silkscreen
  6
CONTINUOUS
100
AcDbLine
 10
6.2854044094488186
 20
-4.5484637795275589
 30
0
 11
6.2863083858267714
 21
-4.5482839763779523
 31
0
  0
LINE
  5
9A8
330
1B
100
AcDbEntity
  8
F.Silkscreen
  6
CONTINUOUS
100
AcDbLine
 10
6.2863083858267714
 20
-4.5482839763779523
 30
0
 11
6.2900485433070861
 21
-4.5482839763779523
 31
0
  0
LINE
  5
9A9
330
1B
100
AcDbEntity
  8
F.Silkscreen
  6
CONTINUOUS
100
AcDbLine
 10
6.2900485433070861
 20
-4.5482839763779523
 30
0
 11
6.2909525196850389
 21
-4.5484637795275589
 31
0
  0
LINE
  5
9AA
330
1B
100
AcDbEntity
  8
F.Silkscreen
  6
CONTINUOUS
100
AcDbLine
 10
6.4887871653543305
 20
-4.5484637795275589
 30
0
 11
6.4900655905511808
 21
-4.5497422047244092
 31
0
  0
LINE
  5
9AB
330
1B
100
AcDbEntity
  8
F.Silkscreen
  6
CONTINUOUS
100
AcDbLine
 10
6.4900655905511808
 20
-4.5497422047244092
 30
0
 11
6.4902453937007873
 21
-4.550646181102362
 31
0
  0
LINE
  5
9AC
330
1B
100
AcDbEntity
  8
F.Silkscreen
  6
CONTINUOUS
100
AcDbLine
 10
6.4902453937007873
 20
-4.550646181102362
 30
0
 11
6.4902453937007873
 21
-4.7128509055118109
 31
0
  0
LINE
  5
9AD
330
1B
100
AcDbEntity
  8
F.Silkscreen
  6
CONTINUOUS
100
AcDbLine
 10
6.4902453937007873
 20
-4.7128509055118109
 30
0
 11
6.4900655905511808
 21
-4.7137548818897637
 31
0
  0
LINE
  5
9AE
330
1B
100
AcDbEntity
  8
F.Silkscreen
  6
CONTINUOUS
100
AcDbLine
 10
6.4900655905511808
 20
-4.7137548818897637
 30
0
 11
6.4887871653543305
 21
-4.7150333070866139
 31
0
  0
LINE
  5
9AF
330
1B
100
AcDbEntity
  8
F.Silkscreen
  6
CONTINUOUS
100
AcDbLine
 10
6.4887871653543305
 20
-4.7150333070866139
 30
0
 11
6.4878831889763777
 21
-4.7152131102362205
 31
0
  0
LINE
  5
9B0
330
1B
100
AcDbEntity
  8
F.Silkscreen
  6
CONTINUOUS
100
AcDbLine
 10
6.4878831889763777
 20
-4.7152131102362205
 30
0
 11
6.4841430314960631
 21
-4.7152131102362205
 31
0
  0
LINE
  5
9B1
330
1B
100
AcDbEntity
  8
F.Silkscreen
  6
CONTINUOUS
100
AcDbLine
 10
6.4841430314960631
 20
-4.7152131102362205
 30
0
 11
6.4832390551181103
 21
-4.7150333070866139
 31
0
  0
LINE
  5
9B2
330
1B
100
AcDbEntity
  8
F.Silkscreen
  6
CONTINUOUS
100
AcDbLine
 10
6.4832390551181103
 20
-4.7150333070866139
 30
0
 11
6.48196062992126
 21
-4.7137548818897637
 31
0
  0
LINE
  5
9B3
330
1B
100
AcDbEntity
  8
F.Silkscreen
  6
CONTINUOUS
100
AcDbLine
 10
6.48196062992126
 20
-4.7137548818897637
 30
0
 11
6.48196062992126
 21
-4.711946929133858
 31
0
  0
LINE
  5
9B4
330
1B
100
AcDbEntity
  8
F.Silkscreen
  6
CONTINUOUS
100
AcDbLine
 10
6.48196062992126
 20
-4.711946929133858
 30
0
 11
6.4832390551181103
 21
-4.7106685039370078
 31
0
  0
LINE
  5
9B5
330
1B
100
AcDbEntity
  8
F.Silkscreen
  6
CONTINUOUS
100
AcDbLine
 10
6.4832390551181103
 20
-4.7106685039370078
 30
0
 11
6.4841430314960631
 21
-4.7104887007874012
 31
0
  0
LINE
  5
9B6
330
1B
100
AcDbEntity
  8
F.Silkscreen
  6
CONTINUOUS
100
AcDbLine
 10
6.4841430314960631
 20
-4.7104887007874012
 30
0
 11
6.4855209842519681
 21
-4.7104887007874012
 31
0
  0
LINE
  5
9B7
330
1B
100
AcDbEntity
  8
F.Silkscreen
  6
CONTINUOUS
100
AcDbLine
 10
6.4855209842519681
 20
-4.7104887007874012
 30
0
 11
6.4855209842519681
 21
-4.5530083858267716
 31
0
  0
LINE
  5
9B8
330
1B
100
AcDbEntity
  8
F.Silkscreen
  6
CONTINUOUS
100
AcDbLine
 10
6.4855209842519681
 20
-4.5530083858267716
 30
0
 11
6.4841430314960631
 21
-4.5530083858267716
 31
0
  0
LINE
  5
9B9
330
1B
100
AcDbEntity
  8
F.Silkscreen
  6
CONTINUOUS
100
AcDbLine
 10
6.4841430314960631
 20
-4.5530083858267716
 30
0
 11
6.4832390551181103
 21
-4.5528285826771651
 31
0
  0
LINE
  5
9BA
330
1B
100
AcDbEntity
  8
F.Silkscreen
  6
CONTINUOUS
100
AcDbLine
 10
6.4832390551181103
 20
-4.5528285826771651
 30
0
 11
6.48196062992126
 21
-4.5515501574803148
 31
0
  0
LINE
  5
9BB
330
1B
100
AcDbEntity
  8
F.Silkscreen
  6
CONTINUOUS
100
AcDbLine
 10
6.48196062992126
 20
-4.5515501574803148
 30
0
 11
6.48196062992126
 21
-4.5497422047244092
 31
0
  0
LINE
  5
9BC
330
1B
100
AcDbEntity
  8
F.Silkscreen
  6
CONTINUOUS
100
AcDbLine
 10
6.48196062992126
 20
-4.5497422047244092
 30
0
 11
6.4832390551181103
 21
-4.5484637795275589
 31
0
  0
LINE
  5
9BD
330
1B
100
AcDbEntity
  8
F.Silkscreen
  6
CONTINUOUS
100
AcDbLine
 10
6.4832390551181103
 20
-4.5484637795275589
 30
0
 11
6.4841430314960631
 21
-4.5482839763779523
 31
0
  0
LINE
  5
9BE
330
1B
100
AcDbEntity
  8
F.Silkscreen
  6
CONTINUOUS
100
AcDbLine
 10
6.4841430314960631
 20
-4.5482839763779523
 30
0
 11
6.4878831889763777
 21
-4.5482839763779523
 31
0
  0
LINE
  5
9BF
330
1B
100
AcDbEntity
  8
F.Silkscreen
  6
CONTINUOUS
100
AcDbLine
 10
6.4878831889763777
 20
-4.5482839763779523
 30
0
 11
6.4887871653543305
 21
-4.5484637795275589
 31
0
  0
LINE
  5
9C0
330
1B
100
AcDbEntity
  8
F.Silkscreen
  6
CONTINUOUS
100
AcDbLine
 10
5.5914435433070864
 20
-4.5853721259842519
 30
0
 11
5.5916233464566929
 21
-4.5862761023622047
 31
0
  0
LINE
  5
9C1
330
1B
100
AcDbEntity
  8
F.Silkscreen
  6
CONTINUOUS
100
AcDbLine
 10
5.5916233464566929
 20
-4.5862761023622047
 30
0
 11
5.5916233464566929
 21
-4.6862761023622044
 31
0
  0
LINE
  5
9C2
330
1B
100
AcDbEntity
  8
F.Silkscreen
  6
CONTINUOUS
100
AcDbLine
 10
5.5916233464566929
 20
-4.6862761023622044
 30
0
 11
5.5914435433070864
 21
-4.6871800787401572
 31
0
  0
LINE
  5
9C3
330
1B
100
AcDbEntity
  8
F.Silkscreen
  6
CONTINUOUS
100
AcDbLine
 10
5.5914435433070864
 20
-4.6871800787401572
 30
0
 11
5.5901651181102361
 21
-4.6884585039370075
 31
0
  0
LINE
  5
9C4
330
1B
100
AcDbEntity
  8
F.Silkscreen
  6
CONTINUOUS
100
AcDbLine
 10
5.5901651181102361
 20
-4.6884585039370075
 30
0
 11
5.5883571653543305
 21
-4.6884585039370075
 31
0
  0
LINE
  5
9C5
330
1B
100
AcDbEntity
  8
F.Silkscreen
  6
CONTINUOUS
100
AcDbLine
 10
5.5883571653543305
 20
-4.6884585039370075
 30
0
 11
5.5870787401574802
 21
-4.6871800787401572
 31
0
  0
LINE
  5
9C6
330
1B
100
AcDbEntity
  8
F.Silkscreen
  6
CONTINUOUS
100
AcDbLine
 10
5.5870787401574802
 20
-4.6871800787401572
 30
0
 11
5.5868989370078737
 21
-4.6862761023622044
 31
0
  0
LINE
  5
9C7
330
1B
100
AcDbEntity
  8
F.Silkscreen
  6
CONTINUOUS
100
AcDbLine
 10
5.5868989370078737
 20
-4.6862761023622044
 30
0
 11
5.5868989370078737
 21
-4.5862761023622047
 31
0
  0
LINE
  5
9C8
330
1B
100
AcDbEntity
  8
F.Silkscreen
  6
CONTINUOUS
100
AcDbLine
 10
5.5868989370078737
 20
-4.5862761023622047
 30
0
 11
5.5870787401574802
 21
-4.5853721259842519
 31
0
  0
LINE
  5
9C9
330
1B
100
AcDbEntity
  8
F.Silkscreen
  6
CONTINUOUS
100
AcDbLine
 10
5.5870787401574802
 20
-4.5853721259842519
 30
0
 11
5.5883571653543305
 21
-4.5840937007874016
 31
0
  0
LINE
  5
9CA
330
1B
100
AcDbEntity
  8
F.Silkscreen
  6
CONTINUOUS
100
AcDbLine
 10
5.5883571653543305
 20
-4.5840937007874016
 30
0
 11
5.5901651181102361
 21
-4.5840937007874016
 31
0
  0
LINE
  5
9CB
330
1B
100
AcDbEntity
  8
F.Silkscreen
  6
CONTINUOUS
100
AcDbLine
 10
5.5901651181102361
 20
-4.5840937007874016
 30
0
 11
5.5914435433070864
 21
-4.5853721259842519
 31
0
  0
LINE
  5
9CC
330
1B
100
AcDbEntity
  8
F.Silkscreen
  6
CONTINUOUS
100
AcDbLine
 10
6.1995144094488186
 20
-4.5853721259842519
 30
0
 11
6.1996942125984251
 21
-4.5862761023622047
 31
0
  0
LINE
  5
9CD
330
1B
100
AcDbEntity
  8
F.Silkscreen
  6
CONTINUOUS
100
AcDbLine
 10
6.1996942125984251
 20
-4.5862761023622047
 30
0
 11
6.1996942125984251
 21
-4.6862761023622044
 31
0
  0
LINE
  5
9CE
330
1B
100
AcDbEntity
  8
F.Silkscreen
  6
CONTINUOUS
100
AcDbLine
 10
6.1996942125984251
 20
-4.6862761023622044
 30
0
 11
6.1995144094488186
 21
-4.6871800787401572
 31
0
  0
LINE
  5
9CF
330
1B
100
AcDbEntity
  8
F.Silkscreen
  6
CONTINUOUS
100
AcDbLine
 10
6.1995144094488186
 20
-4.6871800787401572
 30
0
 11
6.1982359842519683
 21
-4.6884585039370075
 31
0
  0
LINE
  5
9D0
330
1B
100
AcDbEntity
  8
F.Silkscreen
  6
CONTINUOUS
100
AcDbLine
 10
6.1982359842519683
 20
-4.6884585039370075
 30
0
 11
6.1964280314960627
 21
-4.6884585039370075
 31
0
  0
LINE
  5
9D1
330
1B
100
AcDbEntity
  8
F.Silkscreen
  6
CONTINUOUS
100
AcDbLine
 10
6.1964280314960627
 20
-4.6884585039370075
 30
0
 11
6.1951496062992124
 21
-4.6871800787401572
 31
0
  0
LINE
  5
9D2
330
1B
100
AcDbEntity
  8
F.Silkscreen
  6
CONTINUOUS
100
AcDbLine
 10
6.1951496062992124
 20
-4.6871800787401572
 30
0
 11
6.1949698031496059
 21
-4.6862761023622044
 31
0
  0
LINE
  5
9D3
330
1B
100
AcDbEntity
  8
F.Silkscreen
  6
CONTINUOUS
100
AcDbLine
 10
6.1949698031496059
 20
-4.6862761023622044
 30
0
 11
6.1949698031496059
 21
-4.5862761023622047
 31
0
  0
LINE
  5
9D4
330
1B
100
AcDbEntity
  8
F.Silkscreen
  6
CONTINUOUS
100
AcDbLine
 10
6.1949698031496059
 20
-4.5862761023622047
 30
0
 11
6.1951496062992124
 21
-4.5853721259842519
 31
0
  0
LINE
  5
9D5
330
1B
100
AcDbEntity
  8
F.Silkscreen
  6
CONTINUOUS
100
AcDbLine
 10
6.1951496062992124
 20
-4.5853721259842519
 30
0
 11
6.1964280314960627
 21
-4.5840937007874016
 31
0
  0
LINE
  5
9D6
330
1B
100
AcDbEntity
  8
F.Silkscreen
  6
CONTINUOUS
100
AcDbLine
 10
6.1964280314960627
 20
-4.5840937007874016
 30
0
 11
6.1982359842519683
 21
-4.5840937007874016
 31
0
  0
LINE
  5
9D7
330
1B
100
AcDbEntity
  8
F.Silkscreen
  6
CONTINUOUS
100
AcDbLine
 10
6.1982359842519683
 20
-4.5840937007874016
 30
0
 11
6.1995144094488186
 21
-4.5853721259842519
 31
0
  0
LINE
  5
9D8
330
1B
100
AcDbEntity
  8
F.Silkscreen
  6
CONTINUOUS
100
AcDbLine
 10
7.0197589763779522
 20
-4.6214019685039371
 30
0
 11
7.0199550393700783
 21
-4.6214831889763781
 31
0
  0
LINE
  5
9D9
330
1B
100
AcDbEntity
  8
F.Silkscreen
  6
CONTINUOUS
100
AcDbLine
 10
7.0199550393700783
 20
-4.6214831889763781
 30
0
 11
7.0201666535433072
 21
-4.6214982283464563
 31
0
  0
LINE
  5
9DA
330
1B
100
AcDbEntity
  8
F.Silkscreen
  6
CONTINUOUS
100
AcDbLine
 10
7.0201666535433072
 20
-4.6214982283464563
 30
0
 11
7.0212478740157476
 21
-4.6219119685039365
 31
0
  0
LINE
  5
9DB
330
1B
100
AcDbEntity
  8
F.Silkscreen
  6
CONTINUOUS
100
AcDbLine
 10
7.0212478740157476
 20
-4.6219119685039365
 30
0
 11
7.0268721653543302
 21
-4.6247241338582672
 31
0
  0
LINE
  5
9DC
330
1B
100
AcDbEntity
  8
F.Silkscreen
  6
CONTINUOUS
100
AcDbLine
 10
7.0268721653543302
 20
-4.6247241338582672
 30
0
 11
7.0273679527559052
 21
-4.6250362204724409
 31
0
  0
LINE
  5
9DD
330
1B
100
AcDbEntity
  8
F.Silkscreen
  6
CONTINUOUS
100
AcDbLine
 10
7.0273679527559052
 20
-4.6250362204724409
 30
0
 11
7.0275120472440946
 21
-4.6250959055118113
 31
0
  0
LINE
  5
9DE
330
1B
100
AcDbEntity
  8
F.Silkscreen
  6
CONTINUOUS
100
AcDbLine
 10
7.0275120472440946
 20
-4.6250959055118113
 30
0
 11
7.0276742125984253
 21
-4.6252290157480314
 31
0
  0
LINE
  5
9DF
330
1B
100
AcDbEntity
  8
F.Silkscreen
  6
CONTINUOUS
100
AcDbLine
 10
7.0276742125984253
 20
-4.6252290157480314
 30
0
 11
7.0278519291338579
 21
-4.6253408661417321
 31
0
  0
LINE
  5
9E0
330
1B
100
AcDbEntity
  8
F.Silkscreen
  6
CONTINUOUS
100
AcDbLine
 10
7.0278519291338579
 20
-4.6253408661417321
 30
0
 11
7.0279541338582678
 21
-4.6254587007874015
 31
0
  0
LINE
  5
9E1
330
1B
100
AcDbEntity
  8
F.Silkscreen
  6
CONTINUOUS
100
AcDbLine
 10
7.0279541338582678
 20
-4.6254587007874015
 30
0
 11
7.028406968503937
 21
-4.6258303543307084
 31
0
  0
LINE
  5
9E2
330
1B
100
AcDbEntity
  8
F.Silkscreen
  6
CONTINUOUS
100
AcDbLine
 10
7.028406968503937
 20
-4.6258303543307084
 30
0
 11
7.0312191338582677
 21
-4.6286425196850391
 31
0
  0
LINE
  5
9E3
330
1B
100
AcDbEntity
  8
F.Silkscreen
  6
CONTINUOUS
100
AcDbLine
 10
7.0312191338582677
 20
-4.6286425196850391
 30
0
 11
7.0315908267716534
 21
-4.6290954330708658
 31
0
  0
LINE
  5
9E4
330
1B
100
AcDbEntity
  8
F.Silkscreen
  6
CONTINUOUS
100
AcDbLine
 10
7.0315908267716534
 20
-4.6290954330708658
 30
0
 11
7.031708622047244
 21
-4.629197598425197
 31
0
  0
LINE
  5
9E5
330
1B
100
AcDbEntity
  8
F.Silkscreen
  6
CONTINUOUS
100
AcDbLine
 10
7.031708622047244
 20
-4.629197598425197
 30
0
 11
7.0318203543307085
 21
-4.6293751181102358
 31
0
  0
LINE
  5
9E6
330
1B
100
AcDbEntity
  8
F.Silkscreen
  6
CONTINUOUS
100
AcDbLine
 10
7.0318203543307085
 20
-4.6293751181102358
 30
0
 11
7.0319535826771649
 21
-4.6295374409448815
 31
0
  0
LINE
  5
9E7
330
1B
100
AcDbEntity
  8
F.Silkscreen
  6
CONTINUOUS
100
AcDbLine
 10
7.0319535826771649
 20
-4.6295374409448815
 30
0
 11
7.0320132677165352
 21
-4.6296815748031497
 31
0
  0
LINE
  5
9E8
330
1B
100
AcDbEntity
  8
F.Silkscreen
  6
CONTINUOUS
100
AcDbLine
 10
7.0320132677165352
 20
-4.6296815748031497
 30
0
 11
7.0323253543307089
 21
-4.6301773228346459
 31
0
  0
LINE
  5
9E9
330
1B
100
AcDbEntity
  8
F.Silkscreen
  6
CONTINUOUS
100
AcDbLine
 10
7.0323253543307089
 20
-4.6301773228346459
 30
0
 11
7.0351374803149609
 21
-4.6358016535433073
 31
0
  0
LINE
  5
9EA
330
1B
100
AcDbEntity
  8
F.Silkscreen
  6
CONTINUOUS
100
AcDbLine
 10
7.0351374803149609
 20
-4.6358016535433073
 30
0
 11
7.0355512598425198
 21
-4.6368828740157477
 31
0
  0
LINE
  5
9EB
330
1B
100
AcDbEntity
  8
F.Silkscreen
  6
CONTINUOUS
100
AcDbLine
 10
7.0355512598425198
 20
-4.6368828740157477
 30
0
 11
7.0355662598425193
 21
-4.6370944881889766
 31
0
  0
LINE
  5
9EC
330
1B
100
AcDbEntity
  8
F.Silkscreen
  6
CONTINUOUS
100
AcDbLine
 10
7.0355662598425193
 20
-4.6370944881889766
 30
0
 11
7.0356474803149602
 21
-4.6372905118110239
 31
0
  0
LINE
  5
9ED
330
1B
100
AcDbEntity
  8
F.Silkscreen
  6
CONTINUOUS
100
AcDbLine
 10
7.0356474803149602
 20
-4.6372905118110239
 30
0
 11
7.0357609448818899
 21
-4.6384426377952757
 31
0
  0
LINE
  5
9EE
330
1B
100
AcDbEntity
  8
F.Silkscreen
  6
CONTINUOUS
100
AcDbLine
 10
7.0357609448818899
 20
-4.6384426377952757
 30
0
 11
7.0357609448818899
 21
-4.6553155118110237
 31
0
  0
LINE
  5
9EF
330
1B
100
AcDbEntity
  8
F.Silkscreen
  6
CONTINUOUS
100
AcDbLine
 10
7.0357609448818899
 20
-4.6553155118110237
 30
0
 11
7.0356474803149602
 21
-4.6564676377952754
 31
0
  0
LINE
  5
9F0
330
1B
100
AcDbEntity
  8
F.Silkscreen
  6
CONTINUOUS
100
AcDbLine
 10
7.0356474803149602
 20
-4.6564676377952754
 30
0
 11
7.0355662598425193
 21
-4.6566636220472439
 31
0
  0
LINE
  5
9F1
330
1B
100
AcDbEntity
  8
F.Silkscreen
  6
CONTINUOUS
100
AcDbLine
 10
7.0355662598425193
 20
-4.6566636220472439
 30
0
 11
7.0355512598425198
 21
-4.6568752755905507
 31
0
  0
LINE
  5
9F2
330
1B
100
AcDbEntity
  8
F.Silkscreen
  6
CONTINUOUS
100
AcDbLine
 10
7.0355512598425198
 20
-4.6568752755905507
 30
0
 11
7.0351374803149609
 21
-4.657956496062992
 31
0
  0
LINE
  5
9F3
330
1B
100
AcDbEntity
  8
F.Silkscreen
  6
CONTINUOUS
100
AcDbLine
 10
7.0351374803149609
 20
-4.657956496062992
 30
0
 11
7.0323253543307089
 21
-4.6635808267716534
 31
0
  0
LINE
  5
9F4
330
1B
100
AcDbEntity
  8
F.Silkscreen
  6
CONTINUOUS
100
AcDbLine
 10
7.0323253543307089
 20
-4.6635808267716534
 30
0
 11
7.0320132677165352
 21
-4.6640765354330709
 31
0
  0
LINE
  5
9F5
330
1B
100
AcDbEntity
  8
F.Silkscreen
  6
CONTINUOUS
100
AcDbLine
 10
7.0320132677165352
 20
-4.6640765354330709
 30
0
 11
7.0319535826771649
 21
-4.6642207086614169
 31
0
  0
LINE
  5
9F6
330
1B
100
AcDbEntity
  8
F.Silkscreen
  6
CONTINUOUS
100
AcDbLine
 10
7.0319535826771649
 20
-4.6642207086614169
 30
0
 11
7.0318203543307085
 21
-4.6643829921259838
 31
0
  0
LINE
  5
9F7
330
1B
100
AcDbEntity
  8
F.Silkscreen
  6
CONTINUOUS
100
AcDbLine
 10
7.0318203543307085
 20
-4.6643829921259838
 30
0
 11
7.031708622047244
 21
-4.6645605511811024
 31
0
  0
LINE
  5
9F8
330
1B
100
AcDbEntity
  8
F.Silkscreen
  6
CONTINUOUS
100
AcDbLine
 10
7.031708622047244
 20
-4.6645605511811024
 30
0
 11
7.0315908267716534
 21
-4.6646626771653539
 31
0
  0
LINE
  5
9F9
330
1B
100
AcDbEntity
  8
F.Silkscreen
  6
CONTINUOUS
100
AcDbLine
 10
7.0315908267716534
 20
-4.6646626771653539
 30
0
 11
7.0312191338582677
 21
-4.6651156299212602
 31
0
  0
LINE
  5
9FA
330
1B
100
AcDbEntity
  8
F.Silkscreen
  6
CONTINUOUS
100
AcDbLine
 10
7.0312191338582677
 20
-4.6651156299212602
 30
0
 11
7.028406968503937
 21
-4.6679277952755909
 31
0
  0
LINE
  5
9FB
330
1B
100
AcDbEntity
  8
F.Silkscreen
  6
CONTINUOUS
100
AcDbLine
 10
7.028406968503937
 20
-4.6679277952755909
 30
0
 11
7.0275120472440946
 21
-4.668662244094488
 31
0
  0
LINE
  5
9FC
330
1B
100
AcDbEntity
  8
F.Silkscreen
  6
CONTINUOUS
100
AcDbLine
 10
7.0275120472440946
 20
-4.668662244094488
 30
0
 11
7.0253832283464561
 21
-4.6695440157480315
 31
0
  0
LINE
  5
9FD
330
1B
100
AcDbEntity
  8
F.Silkscreen
  6
CONTINUOUS
100
AcDbLine
 10
7.0253832283464561
 20
-4.6695440157480315
 30
0
 11
7.0230790551181101
 21
-4.6695440157480315
 31
0
  0
LINE
  5
9FE
330
1B
100
AcDbEntity
  8
F.Silkscreen
  6
CONTINUOUS
100
AcDbLine
 10
7.0230790551181101
 20
-4.6695440157480315
 30
0
 11
7.0209502362204725
 21
-4.668662244094488
 31
0
  0
LINE
  5
9FF
330
1B
100
AcDbEntity
  8
F.Silkscreen
  6
CONTINUOUS
100
AcDbLine
 10
7.0209502362204725
 20
-4.668662244094488
 30
0
 11
7.0193208661417321
 21
-4.6670328740157476
 31
0
  0
LINE
  5
A00
330
1B
100
AcDbEntity
  8
F.Silkscreen
  6
CONTINUOUS
100
AcDbLine
 10
7.0193208661417321
 20
-4.6670328740157476
 30
0
 11
7.0184390944881887
 21
-4.66490405511811
 31
0
  0
LINE
  5
A01
330
1B
100
AcDbEntity
  8
F.Silkscreen
  6
CONTINUOUS
100
AcDbLine
 10
7.0184390944881887
 20
-4.66490405511811
 30
0
 11
7.0184390944881887
 21
-4.662599881889764
 31
0
  0
LINE
  5
A02
330
1B
100
AcDbEntity
  8
F.Silkscreen
  6
CONTINUOUS
100
AcDbLine
 10
7.0184390944881887
 20
-4.662599881889764
 30
0
 11
7.0193208661417321
 21
-4.6604710629921255
 31
0
  0
LINE
  5
A03
330
1B
100
AcDbEntity
  8
F.Silkscreen
  6
CONTINUOUS
100
AcDbLine
 10
7.0193208661417321
 20
-4.6604710629921255
 30
0
 11
7.0200553149606302
 21
-4.6595761417322832
 31
0
  0
LINE
  5
A04
330
1B
100
AcDbEntity
  8
F.Silkscreen
  6
CONTINUOUS
100
AcDbLine
 10
7.0200553149606302
 20
-4.6595761417322832
 30
0
 11
7.0221898031496064
 21
-4.6574416141732282
 31
0
  0
LINE
  5
A05
330
1B
100
AcDbEntity
  8
F.Silkscreen
  6
CONTINUOUS
100
AcDbLine
 10
7.0221898031496064
 20
-4.6574416141732282
 30
0
 11
7.0239499212598426
 21
-4.6539214173228345
 31
0
  0
LINE
  5
A06
330
1B
100
AcDbEntity
  8
F.Silkscreen
  6
CONTINUOUS
100
AcDbLine
 10
7.0239499212598426
 20
-4.6539214173228345
 30
0
 11
7.0239499212598426
 21
-4.6398366929133861
 31
0
  0
LINE
  5
A07
330
1B
100
AcDbEntity
  8
F.Silkscreen
  6
CONTINUOUS
100
AcDbLine
 10
7.0239499212598426
 20
-4.6398366929133861
 30
0
 11
7.0221898031496064
 21
-4.6363164960629923
 31
0
  0
LINE
  5
A08
330
1B
100
AcDbEntity
  8
F.Silkscreen
  6
CONTINUOUS
100
AcDbLine
 10
7.0221898031496064
 20
-4.6363164960629923
 30
0
 11
7.020732952755905
 21
-4.634859645669291
 31
0
  0
LINE
  5
A09
330
1B
100
AcDbEntity
  8
F.Silkscreen
  6
CONTINUOUS
100
AcDbLine
 10
7.020732952755905
 20
-4.634859645669291
 30
0
 11
7.0172127559055113
 21
-4.6330995275590547
 31
0
  0
LINE
  5
A0A
330
1B
100
AcDbEntity
  8
F.Silkscreen
  6
CONTINUOUS
100
AcDbLine
 10
7.0172127559055113
 20
-4.6330995275590547
 30
0
 11
7.0059401968503936
 21
-4.6330995275590547
 31
0
  0
LINE
  5
A0B
330
1B
100
AcDbEntity
  8
F.Silkscreen
  6
CONTINUOUS
100
AcDbLine
 10
7.0059401968503936
 20
-4.6330995275590547
 30
0
 11
7.0024199999999999
 21
-4.6348596062992122
 31
0
  0
LINE
  5
A0C
330
1B
100
AcDbEntity
  8
F.Silkscreen
  6
CONTINUOUS
100
AcDbLine
 10
7.0024199999999999
 20
-4.6348596062992122
 30
0
 11
7.0009630708661419
 21
-4.6363165354330711
 31
0
  0
LINE
  5
A0D
330
1B
100
AcDbEntity
  8
F.Silkscreen
  6
CONTINUOUS
100
AcDbLine
 10
7.0009630708661419
 20
-4.6363165354330711
 30
0
 11
6.9992030314960632
 21
-4.6398366929133861
 31
0
  0
LINE
  5
A0E
330
1B
100
AcDbEntity
  8
F.Silkscreen
  6
CONTINUOUS
100
AcDbLine
 10
6.9992030314960632
 20
-4.6398366929133861
 30
0
 11
6.9992030314960632
 21
-4.6468790551181103
 31
0
  0
LINE
  5
A0F
330
1B
100
AcDbEntity
  8
F.Silkscreen
  6
CONTINUOUS
100
AcDbLine
 10
6.9992030314960632
 20
-4.6468790551181103
 30
0
 11
6.999142992125984
 21
-4.6474883858267715
 31
0
  0
LINE
  5
A10
330
1B
100
AcDbEntity
  8
F.Silkscreen
  6
CONTINUOUS
100
AcDbLine
 10
6.999142992125984
 20
-4.6474883858267715
 30
0
 11
6.9991533464566924
 21
-4.6476433070866143
 31
0
  0
LINE
  5
A11
330
1B
100
AcDbEntity
  8
F.Silkscreen
  6
CONTINUOUS
100
AcDbLine
 10
6.9991533464566924
 20
-4.6476433070866143
 30
0
 11
6.9991172440944878
 21
-4.6477500000000003
 31
0
  0
LINE
  5
A12
330
1B
100
AcDbEntity
  8
F.Silkscreen
  6
CONTINUOUS
100
AcDbLine
 10
6.9991172440944878
 20
-4.6477500000000003
 30
0
 11
6.9990895669291335
 21
-4.648031181102362
 31
0
  0
LINE
  5
A13
330
1B
100
AcDbEntity
  8
F.Silkscreen
  6
CONTINUOUS
100
AcDbLine
 10
6.9990895669291335
 20
-4.648031181102362
 30
0
 11
6.9987223622047239
 21
-4.6489175590551177
 31
0
  0
LINE
  5
A14
330
1B
100
AcDbEntity
  8
F.Silkscreen
  6
CONTINUOUS
100
AcDbLine
 10
6.9987223622047239
 20
-4.6489175590551177
 30
0
 11
6.9984151574803146
 21
-4.6498260629921262
 31
0
  0
LINE
  5
A15
330
1B
100
AcDbEntity
  8
F.Silkscreen
  6
CONTINUOUS
100
AcDbLine
 10
6.9984151574803146
 20
-4.6498260629921262
 30
0
 11
6.9982839763779525
 21
-4.6499759448818896
 31
0
  0
LINE
  5
A16
330
1B
100
AcDbEntity
  8
F.Silkscreen
  6
CONTINUOUS
100
AcDbLine
 10
6.9982839763779525
 20
-4.6499759448818896
 30
0
 11
6.9982077559055114
 21
-4.6501599999999996
 31
0
  0
LINE
  5
A17
330
1B
100
AcDbEntity
  8
F.Silkscreen
  6
CONTINUOUS
100
AcDbLine
 10
6.9982077559055114
 20
-4.6501599999999996
 30
0
 11
6.997529409448819
 21
-4.6508383070866142
 31
0
  0
LINE
  5
A18
330
1B
100
AcDbEntity
  8
F.Silkscreen
  6
CONTINUOUS
100
AcDbLine
 10
6.997529409448819
 20
-4.6508383070866142
 30
0
 11
6.99689779527559
 21
-4.6515601968503937
 31
0
  0
LINE
  5
A19
330
1B
100
AcDbEntity
  8
F.Silkscreen
  6
CONTINUOUS
100
AcDbLine
 10
6.99689779527559
 20
-4.6515601968503937
 30
0
 11
6.9967192519685035
 21
-4.6516484645669287
 31
0
  0
LINE
  5
A1A
330
1B
100
AcDbEntity
  8
F.Silkscreen
  6
CONTINUOUS
100
AcDbLine
 10
6.9967192519685035
 20
-4.6516484645669287
 30
0
 11
6.9965784645669293
 21
-4.6517892913385825
 31
0
  0
LINE
  5
A1B
330
1B
100
AcDbEntity
  8
F.Silkscreen
  6
CONTINUOUS
100
AcDbLine
 10
6.9965784645669293
 20
-4.6517892913385825
 30
0
 11
6.9956919685039365
 21
-4.6521564566929134
 31
0
  0
LINE
  5
A1C
330
1B
100
AcDbEntity
  8
F.Silkscreen
  6
CONTINUOUS
100
AcDbLine
 10
6.9956919685039365
 20
-4.6521564566929134
 30
0
 11
6.9948323228346458
 21
-4.6525816141732284
 31
0
  0
LINE
  5
A1D
330
1B
100
AcDbEntity
  8
F.Silkscreen
  6
CONTINUOUS
100
AcDbLine
 10
6.9948323228346458
 20
-4.6525816141732284
 30
0
 11
6.9946337007874018
 21
-4.6525948425196848
 31
0
  0
LINE
  5
A1E
330
1B
100
AcDbEntity
  8
F.Silkscreen
  6
CONTINUOUS
100
AcDbLine
 10
6.9946337007874018
 20
-4.6525948425196848
 30
0
 11
6.9944496456692908
 21
-4.6526711023622047
 31
0
  0
LINE
  5
A1F
330
1B
100
AcDbEntity
  8
F.Silkscreen
  6
CONTINUOUS
100
AcDbLine
 10
6.9944496456692908
 20
-4.6526711023622047
 30
0
 11
6.9934899606299208
 21
-4.6526711023622047
 31
0
  0
LINE
  5
A20
330
1B
100
AcDbEntity
  8
F.Silkscreen
  6
CONTINUOUS
100
AcDbLine
 10
6.9934899606299208
 20
-4.6526711023622047
 30
0
 11
6.9925332677165351
 21
-4.6527348818897636
 31
0
  0
LINE
  5
A21
330
1B
100
AcDbEntity
  8
F.Silkscreen
  6
CONTINUOUS
100
AcDbLine
 10
6.9925332677165351
 20
-4.6527348818897636
 30
0
 11
6.9923446850393702
 21
-4.6526711023622047
 31
0
  0
LINE
  5
A22
330
1B
100
AcDbEntity
  8
F.Silkscreen
  6
CONTINUOUS
100
AcDbLine
 10
6.9923446850393702
 20
-4.6526711023622047
 30
0
 11
6.9921453937007874
 21
-4.6526711023622047
 31
0
  0
LINE
  5
A23
330
1B
100
AcDbEntity
  8
F.Silkscreen
  6
CONTINUOUS
100
AcDbLine
 10
6.9921453937007874
 20
-4.6526711023622047
 30
0
 11
6.9912590944881892
 21
-4.6523039763779526
 31
0
  0
LINE
  5
A24
330
1B
100
AcDbEntity
  8
F.Silkscreen
  6
CONTINUOUS
100
AcDbLine
 10
6.9912590944881892
 20
-4.6523039763779526
 30
0
 11
6.9903504724409444
 21
-4.6519966929133858
 31
0
  0
LINE
  5
A25
330
1B
100
AcDbEntity
  8
F.Silkscreen
  6
CONTINUOUS
100
AcDbLine
 10
6.9903504724409444
 20
-4.6519966929133858
 30
0
 11
6.990120669291338
 21
-4.6518324015748034
 31
0
  0
LINE
  5
A26
330
1B
100
AcDbEntity
  8
F.Silkscreen
  6
CONTINUOUS
100
AcDbLine
 10
6.990120669291338
 20
-4.6518324015748034
 30
0
 11
6.9900165748031498
 21
-4.6517892913385825
 31
0
  0
LINE
  5
A27
330
1B
100
AcDbEntity
  8
F.Silkscreen
  6
CONTINUOUS
100
AcDbLine
 10
6.9900165748031498
 20
-4.6517892913385825
 30
0
 11
6.9899066929133857
 21
-4.6516794094488185
 31
0
  0
LINE
  5
A28
330
1B
100
AcDbEntity
  8
F.Silkscreen
  6
CONTINUOUS
100
AcDbLine
 10
6.9899066929133857
 20
-4.6516794094488185
 30
0
 11
6.9894087007874015
 21
-4.651323385826772
 31
0
  0
LINE
  5
A29
330
1B
100
AcDbEntity
  8
F.Silkscreen
  6
CONTINUOUS
100
AcDbLine
 10
6.9894087007874015
 20
-4.651323385826772
 30
0
 11
6.9767058267716537
 21
-4.6402083858267718
 31
0
  0
LINE
  5
A2A
330
1B
100
AcDbEntity
  8
F.Silkscreen
  6
CONTINUOUS
100
AcDbLine
 10
6.9767058267716537
 20
-4.6402083858267718
 30
0
 11
6.9767058267716537
 21
-4.663751968503937
 31
0
  0
LINE
  5
A2B
330
1B
100
AcDbEntity
  8
F.Silkscreen
  6
CONTINUOUS
100
AcDbLine
 10
6.9767058267716537
 20
-4.663751968503937
 30
0
 11
6.9765923622047241
 21
-4.6649040944881888
 31
0
  0
LINE
  5
A2C
330
1B
100
AcDbEntity
  8
F.Silkscreen
  6
CONTINUOUS
100
AcDbLine
 10
6.9765923622047241
 20
-4.6649040944881888
 30
0
 11
6.9757105511811019
 21
-4.6670329133858264
 31
0
  0
LINE
  5
A2D
330
1B
100
AcDbEntity
  8
F.Silkscreen
  6
CONTINUOUS
100
AcDbLine
 10
6.9757105511811019
 20
-4.6670329133858264
 30
0
 11
6.9740812598425199
 21
-4.6686622047244093
 31
0
  0
LINE
  5
A2E
330
1B
100
AcDbEntity
  8
F.Silkscreen
  6
CONTINUOUS
100
AcDbLine
 10
6.9740812598425199
 20
-4.6686622047244093
 30
0
 11
6.9719524409448814
 21
-4.6695440157480315
 31
0
  0
LINE
  5
A2F
330
1B
100
AcDbEntity
  8
F.Silkscreen
  6
CONTINUOUS
100
AcDbLine
 10
6.9719524409448814
 20
-4.6695440157480315
 30
0
 11
6.9696481889763779
 21
-4.6695440157480315
 31
0
  0
LINE
  5
A30
330
1B
100
AcDbEntity
  8
F.Silkscreen
  6
CONTINUOUS
100
AcDbLine
 10
6.9696481889763779
 20
-4.6695440157480315
 30
0
 11
6.9675193700787403
 21
-4.6686622047244093
 31
0
  0
LINE
  5
A31
330
1B
100
AcDbEntity
  8
F.Silkscreen
  6
CONTINUOUS
100
AcDbLine
 10
6.9675193700787403
 20
-4.6686622047244093
 30
0
 11
6.9658900787401574
 21
-4.6670329133858264
 31
0
  0
LINE
  5
A32
330
1B
100
AcDbEntity
  8
F.Silkscreen
  6
CONTINUOUS
100
AcDbLine
 10
6.9658900787401574
 20
-4.6670329133858264
 30
0
 11
6.9650082677165353
 21
-4.6649040944881888
 31
0
  0
LINE
  5
A33
330
1B
100
AcDbEntity
  8
F.Silkscreen
  6
CONTINUOUS
100
AcDbLine
 10
6.9650082677165353
 20
-4.6649040944881888
 30
0
 11
6.9648948031496065
 21
-4.663751968503937
 31
0
  0
LINE
  5
A34
330
1B
100
AcDbEntity
  8
F.Silkscreen
  6
CONTINUOUS
100
AcDbLine
 10
6.9648948031496065
 20
-4.663751968503937
 30
0
 11
6.9648948031496065
 21
-4.6271940157480316
 31
0
  0
LINE
  5
A35
330
1B
100
AcDbEntity
  8
F.Silkscreen
  6
CONTINUOUS
100
AcDbLine
 10
6.9648948031496065
 20
-4.6271940157480316
 30
0
 11
6.9649547637795273
 21
-4.6265848425196845
 31
0
  0
LINE
  5
A36
330
1B
100
AcDbEntity
  8
F.Silkscreen
  6
CONTINUOUS
100
AcDbLine
 10
6.9649547637795273
 20
-4.6265848425196845
 30
0
 11
6.9649444488188976
 21
-4.6264297637795275
 31
0
  0
LINE
  5
A37
330
1B
100
AcDbEntity
  8
F.Silkscreen
  6
CONTINUOUS
100
AcDbLine
 10
6.9649444488188976
 20
-4.6264297637795275
 30
0
 11
6.964980590551181
 21
-4.6263228740157478
 31
0
  0
LINE
  5
A38
330
1B
100
AcDbEntity
  8
F.Silkscreen
  6
CONTINUOUS
100
AcDbLine
 10
6.964980590551181
 20
-4.6263228740157478
 30
0
 11
6.9650082677165353
 21
-4.6260418897637798
 31
0
  0
LINE
  5
A39
330
1B
100
AcDbEntity
  8
F.Silkscreen
  6
CONTINUOUS
100
AcDbLine
 10
6.9650082677165353
 20
-4.6260418897637798
 30
0
 11
6.9653753149606299
 21
-4.625155708661417
 31
0
  0
LINE
  5
A3A
330
1B
100
AcDbEntity
  8
F.Silkscreen
  6
CONTINUOUS
100
AcDbLine
 10
6.9653753149606299
 20
-4.625155708661417
 30
0
 11
6.9656826771653542
 21
-4.6242470078740157
 31
0
  0
LINE
  5
A3B
330
1B
100
AcDbEntity
  8
F.Silkscreen
  6
CONTINUOUS
100
AcDbLine
 10
6.9656826771653542
 20
-4.6242470078740157
 30
0
 11
6.9658138188976375
 21
-4.6240970866141735
 31
0
  0
LINE
  5
A3C
330
1B
100
AcDbEntity
  8
F.Silkscreen
  6
CONTINUOUS
100
AcDbLine
 10
6.9658138188976375
 20
-4.6240970866141735
 30
0
 11
6.9658900787401574
 21
-4.6239130708661413
 31
0
  0
LINE
  5
A3D
330
1B
100
AcDbEntity
  8
F.Silkscreen
  6
CONTINUOUS
100
AcDbLine
 10
6.9658900787401574
 20
-4.6239130708661413
 30
0
 11
6.9665683858267711
 21
-4.6232347244094489
 31
0
  0
LINE
  5
A3E
330
1B
100
AcDbEntity
  8
F.Silkscreen
  6
CONTINUOUS
100
AcDbLine
 10
6.9665683858267711
 20
-4.6232347244094489
 30
0
 11
6.9672000393700788
 21
-4.6225128740157482
 31
0
  0
LINE
  5
A3F
330
1B
100
AcDbEntity
  8
F.Silkscreen
  6
CONTINUOUS
100
AcDbLine
 10
6.9672000393700788
 20
-4.6225128740157482
 30
0
 11
6.9673785433070865
 21
-4.6224245669291335
 31
0
  0
LINE
  5
A40
330
1B
100
AcDbEntity
  8
F.Silkscreen
  6
CONTINUOUS
100
AcDbLine
 10
6.9673785433070865
 20
-4.6224245669291335
 30
0
 11
6.9675193700787403
 21
-4.6222837795275593
 31
0
  0
LINE
  5
A41
330
1B
100
AcDbEntity
  8
F.Silkscreen
  6
CONTINUOUS
100
AcDbLine
 10
6.9675193700787403
 20
-4.6222837795275593
 30
0
 11
6.9684058267716535
 21
-4.6219165748031497
 31
0
  0
LINE
  5
A42
330
1B
100
AcDbEntity
  8
F.Silkscreen
  6
CONTINUOUS
100
AcDbLine
 10
6.9684058267716535
 20
-4.6219165748031497
 30
0
 11
6.9692655118110238
 21
-4.6214914566929135
 31
0
  0
LINE
  5
A43
330
1B
100
AcDbEntity
  8
F.Silkscreen
  6
CONTINUOUS
100
AcDbLine
 10
6.9692655118110238
 20
-4.6214914566929135
 30
0
 11
6.9694640944881892
 21
-4.6214781889763774
 31
0
  0
LINE
  5
A44
330
1B
100
AcDbEntity
  8
F.Silkscreen
  6
CONTINUOUS
100
AcDbLine
 10
6.9694640944881892
 20
-4.6214781889763774
 30
0
 11
6.9696481889763779
 21
-4.6214019685039371
 31
0
  0
LINE
  5
A45
330
1B
100
AcDbEntity
  8
F.Silkscreen
  6
CONTINUOUS
100
AcDbLine
 10
6.9696481889763779
 20
-4.6214019685039371
 30
0
 11
6.9706075196850392
 21
-4.6214019685039371
 31
0
  0
LINE
  5
A46
330
1B
100
AcDbEntity
  8
F.Silkscreen
  6
CONTINUOUS
100
AcDbLine
 10
6.9706075196850392
 20
-4.6214019685039371
 30
0
 11
6.9715645669291337
 21
-4.6213381496062995
 31
0
  0
LINE
  5
A47
330
1B
100
AcDbEntity
  8
F.Silkscreen
  6
CONTINUOUS
100
AcDbLine
 10
6.9715645669291337
 20
-4.6213381496062995
 30
0
 11
6.9717532677165357
 21
-4.6214019685039371
 31
0
  0
LINE
  5
A48
330
1B
100
AcDbEntity
  8
F.Silkscreen
  6
CONTINUOUS
100
AcDbLine
 10
6.9717532677165357
 20
-4.6214019685039371
 30
0
 11
6.9719524409448814
 21
-4.6214019685039371
 31
0
  0
LINE
  5
A49
330
1B
100
AcDbEntity
  8
F.Silkscreen
  6
CONTINUOUS
100
AcDbLine
 10
6.9719524409448814
 20
-4.6214019685039371
 30
0
 11
6.9728385826771655
 21
-4.6217690157480318
 31
0
  0
LINE
  5
A4A
330
1B
100
AcDbEntity
  8
F.Silkscreen
  6
CONTINUOUS
100
AcDbLine
 10
6.9728385826771655
 20
-4.6217690157480318
 30
0
 11
6.9737473228346456
 21
-4.6220763779527561
 31
0
  0
LINE
  5
A4B
330
1B
100
AcDbEntity
  8
F.Silkscreen
  6
CONTINUOUS
100
AcDbLine
 10
6.9737473228346456
 20
-4.6220763779527561
 30
0
 11
6.9739770866141733
 21
-4.622240590551181
 31
0
  0
LINE
  5
A4C
330
1B
100
AcDbEntity
  8
F.Silkscreen
  6
CONTINUOUS
100
AcDbLine
 10
6.9739770866141733
 20
-4.622240590551181
 30
0
 11
6.9740812598425199
 21
-4.6222837795275593
 31
0
  0
LINE
  5
A4D
330
1B
100
AcDbEntity
  8
F.Silkscreen
  6
CONTINUOUS
100
AcDbLine
 10
6.9740812598425199
 20
-4.6222837795275593
 30
0
 11
6.9741910629921255
 21
-4.6223935826771649
 31
0
  0
LINE
  5
A4E
330
1B
100
AcDbEntity
  8
F.Silkscreen
  6
CONTINUOUS
100
AcDbLine
 10
6.9741910629921255
 20
-4.6223935826771649
 30
0
 11
6.9746891338582673
 21
-4.6227496456692911
 31
0
  0
LINE
  5
A4F
330
1B
100
AcDbEntity
  8
F.Silkscreen
  6
CONTINUOUS
100
AcDbLine
 10
6.9746891338582673
 20
-4.6227496456692911
 30
0
 11
6.9884994094488189
 21
-4.6348336614173231
 31
0
  0
LINE
  5
A50
330
1B
100
AcDbEntity
  8
F.Silkscreen
  6
CONTINUOUS
100
AcDbLine
 10
6.9884994094488189
 20
-4.6348336614173231
 30
0
 11
6.9908275984251969
 21
-4.6301773228346459
 31
0
  0
LINE
  5
A51
330
1B
100
AcDbEntity
  8
F.Silkscreen
  6
CONTINUOUS
100
AcDbLine
 10
6.9908275984251969
 20
-4.6301773228346459
 30
0
 11
6.9911396850393697
 21
-4.6296814960629922
 31
0
  0
LINE
  5
A52
330
1B
100
AcDbEntity
  8
F.Silkscreen
  6
CONTINUOUS
100
AcDbLine
 10
6.9911396850393697
 20
-4.6296814960629922
 30
0
 11
6.99119937007874
 21
-4.6295374409448815
 31
0
  0
LINE
  5
A53
330
1B
100
AcDbEntity
  8
F.Silkscreen
  6
CONTINUOUS
100
AcDbLine
 10
6.99119937007874
 20
-4.6295374409448815
 30
0
 11
6.9913324803149601
 21
-4.6293752362204721
 31
0
  0
LINE
  5
A54
330
1B
100
AcDbEntity
  8
F.Silkscreen
  6
CONTINUOUS
100
AcDbLine
 10
6.9913324803149601
 20
-4.6293752362204721
 30
0
 11
6.9914443307086609
 21
-4.6291975590551182
 31
0
  0
LINE
  5
A55
330
1B
100
AcDbEntity
  8
F.Silkscreen
  6
CONTINUOUS
100
AcDbLine
 10
6.9914443307086609
 20
-4.6291975590551182
 30
0
 11
6.9915621653543303
 21
-4.6290953149606295
 31
0
  0
LINE
  5
A56
330
1B
100
AcDbEntity
  8
F.Silkscreen
  6
CONTINUOUS
100
AcDbLine
 10
6.9915621653543303
 20
-4.6290953149606295
 30
0
 11
6.9919338188976372
 21
-4.6286425196850391
 31
0
  0
LINE
  5
A57
330
1B
100
AcDbEntity
  8
F.Silkscreen
  6
CONTINUOUS
100
AcDbLine
 10
6.9919338188976372
 20
-4.6286425196850391
 30
0
 11
6.9947459842519679
 21
-4.6258303543307084
 31
0
  0
LINE
  5
A58
330
1B
100
AcDbEntity
  8
F.Silkscreen
  6
CONTINUOUS
100
AcDbLine
 10
6.9947459842519679
 20
-4.6258303543307084
 30
0
 11
6.9951987795275592
 21
-4.6254587401574803
 31
0
  0
LINE
  5
A59
330
1B
100
AcDbEntity
  8
F.Silkscreen
  6
CONTINUOUS
100
AcDbLine
 10
6.9951987795275592
 20
-4.6254587401574803
 30
0
 11
6.995301023622047
 21
-4.6253408661417321
 31
0
  0
LINE
  5
A5A
330
1B
100
AcDbEntity
  8
F.Silkscreen
  6
CONTINUOUS
100
AcDbLine
 10
6.995301023622047
 20
-4.6253408661417321
 30
0
 11
6.9954787007874017
 21
-4.6252290157480314
 31
0
  0
LINE
  5
A5B
330
1B
100
AcDbEntity
  8
F.Silkscreen
  6
CONTINUOUS
100
AcDbLine
 10
6.9954787007874017
 20
-4.6252290157480314
 30
0
 11
6.9956409055118112
 21
-4.6250959055118113
 31
0
  0
LINE
  5
A5C
330
1B
100
AcDbEntity
  8
F.Silkscreen
  6
CONTINUOUS
100
AcDbLine
 10
6.9956409055118112
 20
-4.6250959055118113
 30
0
 11
6.9957849606299209
 21
-4.6250362204724409
 31
0
  0
LINE
  5
A5D
330
1B
100
AcDbEntity
  8
F.Silkscreen
  6
CONTINUOUS
100
AcDbLine
 10
6.9957849606299209
 20
-4.6250362204724409
 30
0
 11
6.9962807874015747
 21
-4.6247241338582672
 31
0
  0
LINE
  5
A5E
330
1B
100
AcDbEntity
  8
F.Silkscreen
  6
CONTINUOUS
100
AcDbLine
 10
6.9962807874015747
 20
-4.6247241338582672
 30
0
 11
7.0019050393700786
 21
-4.6219119685039365
 31
0
  0
LINE
  5
A5F
330
1B
100
AcDbEntity
  8
F.Silkscreen
  6
CONTINUOUS
100
AcDbLine
 10
7.0019050393700786
 20
-4.6219119685039365
 30
0
 11
7.0029862992125986
 21
-4.6214982283464563
 31
0
  0
LINE
  5
A60
330
1B
100
AcDbEntity
  8
F.Silkscreen
  6
CONTINUOUS
100
AcDbLine
 10
7.0029862992125986
 20
-4.6214982283464563
 30
0
 11
7.0031978740157479
 21
-4.6214831889763781
 31
0
  0
LINE
  5
A61
330
1B
100
AcDbEntity
  8
F.Silkscreen
  6
CONTINUOUS
100
AcDbLine
 10
7.0031978740157479
 20
-4.6214831889763781
 30
0
 11
7.0033939763779527
 21
-4.6214019685039371
 31
0
  0
LINE
  5
A62
330
1B
100
AcDbEntity
  8
F.Silkscreen
  6
CONTINUOUS
100
AcDbLine
 10
7.0033939763779527
 20
-4.6214019685039371
 30
0
 11
7.0045461023622044
 21
-4.6212885039370075
 31
0
  0
LINE
  5
A63
330
1B
100
AcDbEntity
  8
F.Silkscreen
  6
CONTINUOUS
100
AcDbLine
 10
7.0045461023622044
 20
-4.6212885039370075
 30
0
 11
7.0186068503937005
 21
-4.6212885039370075
 31
0
  0
LINE
  5
A64
330
1B
100
AcDbEntity
  8
F.Silkscreen
  6
CONTINUOUS
100
AcDbLine
 10
7.0186068503937005
 20
-4.6212885039370075
 30
0
 11
7.0197589763779522
 21
-4.6214019685039371
 31
0
  0
LINE
  5
A65
330
1B
100
AcDbEntity
  8
F.Silkscreen
  6
CONTINUOUS
100
AcDbLine
 10
6.5753018110236221
 20
-4.6486146062992129
 30
0
 11
6.5754816141732286
 21
-4.6495185826771657
 31
0
  0
LINE
  5
A66
330
1B
100
AcDbEntity
  8
F.Silkscreen
  6
CONTINUOUS
100
AcDbLine
 10
6.5754816141732286
 20
-4.6495185826771657
 30
0
 11
6.5754816141732286
 21
-4.6616162992125982
 31
0
  0
LINE
  5
A67
330
1B
100
AcDbEntity
  8
F.Silkscreen
  6
CONTINUOUS
100
AcDbLine
 10
6.5754816141732286
 20
-4.6616162992125982
 30
0
 11
6.5753018110236221
 21
-4.662520275590551
 31
0
  0
LINE
  5
A68
330
1B
100
AcDbEntity
  8
F.Silkscreen
  6
CONTINUOUS
100
AcDbLine
 10
6.5753018110236221
 20
-4.662520275590551
 30
0
 11
6.5740233858267718
 21
-4.6637987007874013
 31
0
  0
LINE
  5
A69
330
1B
100
AcDbEntity
  8
F.Silkscreen
  6
CONTINUOUS
100
AcDbLine
 10
6.5740233858267718
 20
-4.6637987007874013
 30
0
 11
6.5722154330708662
 21
-4.6637987007874013
 31
0
  0
LINE
  5
A6A
330
1B
100
AcDbEntity
  8
F.Silkscreen
  6
CONTINUOUS
100
AcDbLine
 10
6.5722154330708662
 20
-4.6637987007874013
 30
0
 11
6.5709370078740159
 21
-4.662520275590551
 31
0
  0
LINE
  5
A6B
330
1B
100
AcDbEntity
  8
F.Silkscreen
  6
CONTINUOUS
100
AcDbLine
 10
6.5709370078740159
 20
-4.662520275590551
 30
0
 11
6.5707572047244094
 21
-4.6616162992125982
 31
0
  0
LINE
  5
A6C
330
1B
100
AcDbEntity
  8
F.Silkscreen
  6
CONTINUOUS
100
AcDbLine
 10
6.5707572047244094
 20
-4.6616162992125982
 30
0
 11
6.5707572047244094
 21
-4.6495185826771657
 31
0
  0
LINE
  5
A6D
330
1B
100
AcDbEntity
  8
F.Silkscreen
  6
CONTINUOUS
100
AcDbLine
 10
6.5707572047244094
 20
-4.6495185826771657
 30
0
 11
6.5709370078740159
 21
-4.6486146062992129
 31
0
  0
LINE
  5
A6E
330
1B
100
AcDbEntity
  8
F.Silkscreen
  6
CONTINUOUS
100
AcDbLine
 10
6.5709370078740159
 20
-4.6486146062992129
 30
0
 11
6.5722154330708662
 21
-4.6473361811023617
 31
0
  0
LINE
  5
A6F
330
1B
100
AcDbEntity
  8
F.Silkscreen
  6
CONTINUOUS
100
AcDbLine
 10
6.5722154330708662
 20
-4.6473361811023617
 30
0
 11
6.5740233858267718
 21
-4.6473361811023617
 31
0
  0
LINE
  5
A70
330
1B
100
AcDbEntity
  8
F.Silkscreen
  6
CONTINUOUS
100
AcDbLine
 10
6.5740233858267718
 20
-4.6473361811023617
 30
0
 11
6.5753018110236221
 21
-4.6486146062992129
 31
0
  0
LINE
  5
A71
330
1B
100
AcDbEntity
  8
F.Silkscreen
  6
CONTINUOUS
100
AcDbLine
 10
6.6052230708661419
 20
-4.6486146062992129
 30
0
 11
6.6054028740157475
 21
-4.6495185826771657
 31
0
  0
LINE
  5
A72
330
1B
100
AcDbEntity
  8
F.Silkscreen
  6
CONTINUOUS
100
AcDbLine
 10
6.6054028740157475
 20
-4.6495185826771657
 30
0
 11
6.6054028740157475
 21
-4.6616162992125982
 31
0
  0
LINE
  5
A73
330
1B
100
AcDbEntity
  8
F.Silkscreen
  6
CONTINUOUS
100
AcDbLine
 10
6.6054028740157475
 20
-4.6616162992125982
 30
0
 11
6.6052230708661419
 21
-4.662520275590551
 31
0
  0
LINE
  5
A74
330
1B
100
AcDbEntity
  8
F.Silkscreen
  6
CONTINUOUS
100
AcDbLine
 10
6.6052230708661419
 20
-4.662520275590551
 30
0
 11
6.6039446456692916
 21
-4.6637987007874013
 31
0
  0
LINE
  5
A75
330
1B
100
AcDbEntity
  8
F.Silkscreen
  6
CONTINUOUS
100
AcDbLine
 10
6.6039446456692916
 20
-4.6637987007874013
 30
0
 11
6.602136692913386
 21
-4.6637987007874013
 31
0
  0
LINE
  5
A76
330
1B
100
AcDbEntity
  8
F.Silkscreen
  6
CONTINUOUS
100
AcDbLine
 10
6.602136692913386
 20
-4.6637987007874013
 30
0
 11
6.6008582677165357
 21
-4.662520275590551
 31
0
  0
LINE
  5
A77
330
1B
100
AcDbEntity
  8
F.Silkscreen
  6
CONTINUOUS
100
AcDbLine
 10
6.6008582677165357
 20
-4.662520275590551
 30
0
 11
6.6006784645669292
 21
-4.6616162992125982
 31
0
  0
LINE
  5
A78
330
1B
100
AcDbEntity
  8
F.Silkscreen
  6
CONTINUOUS
100
AcDbLine
 10
6.6006784645669292
 20
-4.6616162992125982
 30
0
 11
6.6006784645669292
 21
-4.6495185826771657
 31
0
  0
LINE
  5
A79
330
1B
100
AcDbEntity
  8
F.Silkscreen
  6
CONTINUOUS
100
AcDbLine
 10
6.6006784645669292
 20
-4.6495185826771657
 30
0
 11
6.6008582677165357
 21
-4.6486146062992129
 31
0
  0
LINE
  5
A7A
330
1B
100
AcDbEntity
  8
F.Silkscreen
  6
CONTINUOUS
100
AcDbLine
 10
6.6008582677165357
 20
-4.6486146062992129
 30
0
 11
6.602136692913386
 21
-4.6473361811023617
 31
0
  0
LINE
  5
A7B
330
1B
100
AcDbEntity
  8
F.Silkscreen
  6
CONTINUOUS
100
AcDbLine
 10
6.602136692913386
 20
-4.6473361811023617
 30
0
 11
6.6039446456692916
 21
-4.6473361811023617
 31
0
  0
LINE
  5
A7C
330
1B
100
AcDbEntity
  8
F.Silkscreen
  6
CONTINUOUS
100
AcDbLine
 10
6.6039446456692916
 20
-4.6473361811023617
 30
0
 11
6.6052230708661419
 21
-4.6486146062992129
 31
0
  0
LINE
  5
A7D
330
1B
100
AcDbEntity
  8
F.Silkscreen
  6
CONTINUOUS
100
AcDbLine
 10
6.9860131889763775
 20
-4.5651590157480317
 30
0
 11
6.9862092519685035
 21
-4.5652402362204727
 31
0
  0
LINE
  5
A7E
330
1B
100
AcDbEntity
  8
F.Silkscreen
  6
CONTINUOUS
100
AcDbLine
 10
6.9862092519685035
 20
-4.5652402362204727
 30
0
 11
6.9864208661417324
 21
-4.5652552755905509
 31
0
  0
LINE
  5
A7F
330
1B
100
AcDbEntity
  8
F.Silkscreen
  6
CONTINUOUS
100
AcDbLine
 10
6.9864208661417324
 20
-4.5652552755905509
 30
0
 11
6.9875020866141728
 21
-4.5656690157480311
 31
0
  0
LINE
  5
A80
330
1B
100
AcDbEntity
  8
F.Silkscreen
  6
CONTINUOUS
100
AcDbLine
 10
6.9875020866141728
 20
-4.5656690157480311
 30
0
 11
6.9931263779527555
 21
-4.5684811811023618
 31
0
  0
LINE
  5
A81
330
1B
100
AcDbEntity
  8
F.Silkscreen
  6
CONTINUOUS
100
AcDbLine
 10
6.9931263779527555
 20
-4.5684811811023618
 30
0
 11
6.9936221653543305
 21
-4.5687932677165355
 31
0
  0
LINE
  5
A82
330
1B
100
AcDbEntity
  8
F.Silkscreen
  6
CONTINUOUS
100
AcDbLine
 10
6.9936221653543305
 20
-4.5687932677165355
 30
0
 11
6.9937662598425199
 21
-4.568852952755905
 31
0
  0
LINE
  5
A83
330
1B
100
AcDbEntity
  8
F.Silkscreen
  6
CONTINUOUS
100
AcDbLine
 10
6.9937662598425199
 20
-4.568852952755905
 30
0
 11
6.9939284251968505
 21
-4.568986062992126
 31
0
  0
LINE
  5
A84
330
1B
100
AcDbEntity
  8
F.Silkscreen
  6
CONTINUOUS
100
AcDbLine
 10
6.9939284251968505
 20
-4.568986062992126
 30
0
 11
6.9941061417322832
 21
-4.5690979133858267
 31
0
  0
LINE
  5
A85
330
1B
100
AcDbEntity
  8
F.Silkscreen
  6
CONTINUOUS
100
AcDbLine
 10
6.9941061417322832
 20
-4.5690979133858267
 30
0
 11
6.9942083464566931
 21
-4.5692157480314961
 31
0
  0
LINE
  5
A86
330
1B
100
AcDbEntity
  8
F.Silkscreen
  6
CONTINUOUS
100
AcDbLine
 10
6.9942083464566931
 20
-4.5692157480314961
 30
0
 11
6.9946611811023622
 21
-4.569587401574803
 31
0
  0
LINE
  5
A87
330
1B
100
AcDbEntity
  8
F.Silkscreen
  6
CONTINUOUS
100
AcDbLine
 10
6.9946611811023622
 20
-4.569587401574803
 30
0
 11
6.9961096456692911
 21
-4.5710358661417319
 31
0
  0
LINE
  5
A88
330
1B
100
AcDbEntity
  8
F.Silkscreen
  6
CONTINUOUS
100
AcDbLine
 10
6.9961096456692911
 20
-4.5710358661417319
 30
0
 11
6.997558070866142
 21
-4.5695874409448818
 31
0
  0
LINE
  5
A89
330
1B
100
AcDbEntity
  8
F.Silkscreen
  6
CONTINUOUS
100
AcDbLine
 10
6.997558070866142
 20
-4.5695874409448818
 30
0
 11
6.9980109055118112
 21
-4.5692157874015749
 31
0
  0
LINE
  5
A8A
330
1B
100
AcDbEntity
  8
F.Silkscreen
  6
CONTINUOUS
100
AcDbLine
 10
6.9980109055118112
 20
-4.5692157874015749
 30
0
 11
6.9981131496062989
 21
-4.5690979133858267
 31
0
  0
LINE
  5
A8B
330
1B
100
AcDbEntity
  8
F.Silkscreen
  6
CONTINUOUS
100
AcDbLine
 10
6.9981131496062989
 20
-4.5690979133858267
 30
0
 11
6.9982908661417325
 21
-4.5689860236220472
 31
0
  0
LINE
  5
A8C
330
1B
100
AcDbEntity
  8
F.Silkscreen
  6
CONTINUOUS
100
AcDbLine
 10
6.9982908661417325
 20
-4.5689860236220472
 30
0
 11
6.9984529921259844
 21
-4.5688529921259837
 31
0
  0
LINE
  5
A8D
330
1B
100
AcDbEntity
  8
F.Silkscreen
  6
CONTINUOUS
100
AcDbLine
 10
6.9984529921259844
 20
-4.5688529921259837
 30
0
 11
6.9985969685039366
 21
-4.5687933070866142
 31
0
  0
LINE
  5
A8E
330
1B
100
AcDbEntity
  8
F.Silkscreen
  6
CONTINUOUS
100
AcDbLine
 10
6.9985969685039366
 20
-4.5687933070866142
 30
0
 11
6.9990929133858266
 21
-4.5684811811023618
 31
0
  0
LINE
  5
A8F
330
1B
100
AcDbEntity
  8
F.Silkscreen
  6
CONTINUOUS
100
AcDbLine
 10
6.9990929133858266
 20
-4.5684811811023618
 30
0
 11
7.004717244094488
 21
-4.5656690157480311
 31
0
  0
LINE
  5
A90
330
1B
100
AcDbEntity
  8
F.Silkscreen
  6
CONTINUOUS
100
AcDbLine
 10
7.004717244094488
 20
-4.5656690157480311
 30
0
 11
7.0057984645669293
 21
-4.5652552362204721
 31
0
  0
LINE
  5
A91
330
1B
100
AcDbEntity
  8
F.Silkscreen
  6
CONTINUOUS
100
AcDbLine
 10
7.0057984645669293
 20
-4.5652552362204721
 30
0
 11
7.0060101574803149
 21
-4.5652401574803152
 31
0
  0
LINE
  5
A92
330
1B
100
AcDbEntity
  8
F.Silkscreen
  6
CONTINUOUS
100
AcDbLine
 10
7.0060101574803149
 20
-4.5652401574803152
 30
0
 11
7.0062061417322834
 21
-4.5651590157480317
 31
0
  0
LINE
  5
A93
330
1B
100
AcDbEntity
  8
F.Silkscreen
  6
CONTINUOUS
100
AcDbLine
 10
7.0062061417322834
 20
-4.5651590157480317
 30
0
 11
7.0073582677165351
 21
-4.5650455511811021
 31
0
  0
LINE
  5
A94
330
1B
100
AcDbEntity
  8
F.Silkscreen
  6
CONTINUOUS
100
AcDbLine
 10
7.0073582677165351
 20
-4.5650455511811021
 30
0
 11
7.0186068503937005
 21
-4.5650455511811021
 31
0
  0
LINE
  5
A95
330
1B
100
AcDbEntity
  8
F.Silkscreen
  6
CONTINUOUS
100
AcDbLine
 10
7.0186068503937005
 20
-4.5650455511811021
 30
0
 11
7.0197589763779522
 21
-4.5651590157480317
 31
0
  0
LINE
  5
A96
330
1B
100
AcDbEntity
  8
F.Silkscreen
  6
CONTINUOUS
100
AcDbLine
 10
7.0197589763779522
 20
-4.5651590157480317
 30
0
 11
7.0199550393700783
 21
-4.5652402362204727
 31
0
  0
LINE
  5
A97
330
1B
100
AcDbEntity
  8
F.Silkscreen
  6
CONTINUOUS
100
AcDbLine
 10
7.0199550393700783
 20
-4.5652402362204727
 30
0
 11
7.0201666535433072
 21
-4.5652552755905509
 31
0
  0
LINE
  5
A98
330
1B
100
AcDbEntity
  8
F.Silkscreen
  6
CONTINUOUS
100
AcDbLine
 10
7.0201666535433072
 20
-4.5652552755905509
 30
0
 11
7.0212478740157476
 21
-4.5656690157480311
 31
0
  0
LINE
  5
A99
330
1B
100
AcDbEntity
  8
F.Silkscreen
  6
CONTINUOUS
100
AcDbLine
 10
7.0212478740157476
 20
-4.5656690157480311
 30
0
 11
7.0268721653543302
 21
-4.5684811811023618
 31
0
  0
LINE
  5
A9A
330
1B
100
AcDbEntity
  8
F.Silkscreen
  6
CONTINUOUS
100
AcDbLine
 10
7.0268721653543302
 20
-4.5684811811023618
 30
0
 11
7.0273679527559052
 21
-4.5687932677165355
 31
0
  0
LINE
  5
A9B
330
1B
100
AcDbEntity
  8
F.Silkscreen
  6
CONTINUOUS
100
AcDbLine
 10
7.0273679527559052
 20
-4.5687932677165355
 30
0
 11
7.0275120472440946
 21
-4.568852952755905
 31
0
  0
LINE
  5
A9C
330
1B
100
AcDbEntity
  8
F.Silkscreen
  6
CONTINUOUS
100
AcDbLine
 10
7.0275120472440946
 20
-4.568852952755905
 30
0
 11
7.0276742125984253
 21
-4.568986062992126
 31
0
  0
LINE
  5
A9D
330
1B
100
AcDbEntity
  8
F.Silkscreen
  6
CONTINUOUS
100
AcDbLine
 10
7.0276742125984253
 20
-4.568986062992126
 30
0
 11
7.0278519291338579
 21
-4.5690979133858267
 31
0
  0
LINE
  5
A9E
330
1B
100
AcDbEntity
  8
F.Silkscreen
  6
CONTINUOUS
100
AcDbLine
 10
7.0278519291338579
 20
-4.5690979133858267
 30
0
 11
7.0279541338582678
 21
-4.5692157480314961
 31
0
  0
LINE
  5
A9F
330
1B
100
AcDbEntity
  8
F.Silkscreen
  6
CONTINUOUS
100
AcDbLine
 10
7.0279541338582678
 20
-4.5692157480314961
 30
0
 11
7.028406968503937
 21
-4.569587401574803
 31
0
  0
LINE
  5
AA0
330
1B
100
AcDbEntity
  8
F.Silkscreen
  6
CONTINUOUS
100
AcDbLine
 10
7.028406968503937
 20
-4.569587401574803
 30
0
 11
7.0312191338582677
 21
-4.5723995669291337
 31
0
  0
LINE
  5
AA1
330
1B
100
AcDbEntity
  8
F.Silkscreen
  6
CONTINUOUS
100
AcDbLine
 10
7.0312191338582677
 20
-4.5723995669291337
 30
0
 11
7.0315908267716534
 21
-4.5728524803149604
 31
0
  0
LINE
  5
AA2
330
1B
100
AcDbEntity
  8
F.Silkscreen
  6
CONTINUOUS
100
AcDbLine
 10
7.0315908267716534
 20
-4.5728524803149604
 30
0
 11
7.031708622047244
 21
-4.5729546456692916
 31
0
  0
LINE
  5
AA3
330
1B
100
AcDbEntity
  8
F.Silkscreen
  6
CONTINUOUS
100
AcDbLine
 10
7.031708622047244
 20
-4.5729546456692916
 30
0
 11
7.0318203543307085
 21
-4.5731321653543304
 31
0
  0
LINE
  5
AA4
330
1B
100
AcDbEntity
  8
F.Silkscreen
  6
CONTINUOUS
100
AcDbLine
 10
7.0318203543307085
 20
-4.5731321653543304
 30
0
 11
7.0319535826771649
 21
-4.5732944881889761
 31
0
  0
LINE
  5
AA5
330
1B
100
AcDbEntity
  8
F.Silkscreen
  6
CONTINUOUS
100
AcDbLine
 10
7.0319535826771649
 20
-4.5732944881889761
 30
0
 11
7.0320132677165352
 21
-4.5734386220472443
 31
0
  0
LINE
  5
AA6
330
1B
100
AcDbEntity
  8
F.Silkscreen
  6
CONTINUOUS
100
AcDbLine
 10
7.0320132677165352
 20
-4.5734386220472443
 30
0
 11
7.0323253543307089
 21
-4.5739343700787405
 31
0
  0
LINE
  5
AA7
330
1B
100
AcDbEntity
  8
F.Silkscreen
  6
CONTINUOUS
100
AcDbLine
 10
7.0323253543307089
 20
-4.5739343700787405
 30
0
 11
7.0351374803149609
 21
-4.5795587007874019
 31
0
  0
LINE
  5
AA8
330
1B
100
AcDbEntity
  8
F.Silkscreen
  6
CONTINUOUS
100
AcDbLine
 10
7.0351374803149609
 20
-4.5795587007874019
 30
0
 11
7.0355512598425198
 21
-4.5806399212598423
 31
0
  0
LINE
  5
AA9
330
1B
100
AcDbEntity
  8
F.Silkscreen
  6
CONTINUOUS
100
AcDbLine
 10
7.0355512598425198
 20
-4.5806399212598423
 30
0
 11
7.0355662598425193
 21
-4.5808515354330703
 31
0
  0
LINE
  5
AAA
330
1B
100
AcDbEntity
  8
F.Silkscreen
  6
CONTINUOUS
100
AcDbLine
 10
7.0355662598425193
 20
-4.5808515354330703
 30
0
 11
7.0356474803149602
 21
-4.5810475590551176
 31
0
  0
LINE
  5
AAB
330
1B
100
AcDbEntity
  8
F.Silkscreen
  6
CONTINUOUS
100
AcDbLine
 10
7.0356474803149602
 20
-4.5810475590551176
 30
0
 11
7.0357609448818899
 21
-4.5821996850393703
 31
0
  0
LINE
  5
AAC
330
1B
100
AcDbEntity
  8
F.Silkscreen
  6
CONTINUOUS
100
AcDbLine
 10
7.0357609448818899
 20
-4.5821996850393703
 30
0
 11
7.0357609448818899
 21
-4.5934482677165356
 31
0
  0
LINE
  5
AAD
330
1B
100
AcDbEntity
  8
F.Silkscreen
  6
CONTINUOUS
100
AcDbLine
 10
7.0357609448818899
 20
-4.5934482677165356
 30
0
 11
7.0356474803149602
 21
-4.5946003937007873
 31
0
  0
LINE
  5
AAE
330
1B
100
AcDbEntity
  8
F.Silkscreen
  6
CONTINUOUS
100
AcDbLine
 10
7.0356474803149602
 20
-4.5946003937007873
 30
0
 11
7.0355662598425193
 21
-4.5947963779527559
 31
0
  0
LINE
  5
AAF
330
1B
100
AcDbEntity
  8
F.Silkscreen
  6
CONTINUOUS
100
AcDbLine
 10
7.0355662598425193
 20
-4.5947963779527559
 30
0
 11
7.0355512598425198
 21
-4.5950080314960626
 31
0
  0
LINE
  5
AB0
330
1B
100
AcDbEntity
  8
F.Silkscreen
  6
CONTINUOUS
100
AcDbLine
 10
7.0355512598425198
 20
-4.5950080314960626
 30
0
 11
7.0351374803149609
 21
-4.5960892519685039
 31
0
  0
LINE
  5
AB1
330
1B
100
AcDbEntity
  8
F.Silkscreen
  6
CONTINUOUS
100
AcDbLine
 10
7.0351374803149609
 20
-4.5960892519685039
 30
0
 11
7.0323253543307089
 21
-4.6017135826771653
 31
0
  0
LINE
  5
AB2
330
1B
100
AcDbEntity
  8
F.Silkscreen
  6
CONTINUOUS
100
AcDbLine
 10
7.0323253543307089
 20
-4.6017135826771653
 30
0
 11
7.0320132677165352
 21
-4.6022092913385828
 31
0
  0
LINE
  5
AB3
330
1B
100
AcDbEntity
  8
F.Silkscreen
  6
CONTINUOUS
100
AcDbLine
 10
7.0320132677165352
 20
-4.6022092913385828
 30
0
 11
7.0319535826771649
 21
-4.6023534645669288
 31
0
  0
LINE
  5
AB4
330
1B
100
AcDbEntity
  8
F.Silkscreen
  6
CONTINUOUS
100
AcDbLine
 10
7.0319535826771649
 20
-4.6023534645669288
 30
0
 11
7.0318203543307085
 21
-4.6025157480314958
 31
0
  0
LINE
  5
AB5
330
1B
100
AcDbEntity
  8
F.Silkscreen
  6
CONTINUOUS
100
AcDbLine
 10
7.0318203543307085
 20
-4.6025157480314958
 30
0
 11
7.031708622047244
 21
-4.6026933070866143
 31
0
  0
LINE
  5
AB6
330
1B
100
AcDbEntity
  8
F.Silkscreen
  6
CONTINUOUS
100
AcDbLine
 10
7.031708622047244
 20
-4.6026933070866143
 30
0
 11
7.0315908267716534
 21
-4.6027954330708658
 31
0
  0
LINE
  5
AB7
330
1B
100
AcDbEntity
  8
F.Silkscreen
  6
CONTINUOUS
100
AcDbLine
 10
7.0315908267716534
 20
-4.6027954330708658
 30
0
 11
7.0312191338582677
 21
-4.6032483858267712
 31
0
  0
LINE
  5
AB8
330
1B
100
AcDbEntity
  8
F.Silkscreen
  6
CONTINUOUS
100
AcDbLine
 10
7.0312191338582677
 20
-4.6032483858267712
 30
0
 11
7.028406968503937
 21
-4.6060605511811019
 31
0
  0
LINE
  5
AB9
330
1B
100
AcDbEntity
  8
F.Silkscreen
  6
CONTINUOUS
100
AcDbLine
 10
7.028406968503937
 20
-4.6060605511811019
 30
0
 11
7.0279541338582678
 21
-4.606432165354331
 31
0
  0
LINE
  5
ABA
330
1B
100
AcDbEntity
  8
F.Silkscreen
  6
CONTINUOUS
100
AcDbLine
 10
7.0279541338582678
 20
-4.606432165354331
 30
0
 11
7.0278519291338579
 21
-4.6065500393700782
 31
0
  0
LINE
  5
ABB
330
1B
100
AcDbEntity
  8
F.Silkscreen
  6
CONTINUOUS
100
AcDbLine
 10
7.0278519291338579
 20
-4.6065500393700782
 30
0
 11
7.0276742125984253
 21
-4.6066618503937002
 31
0
  0
LINE
  5
ABC
330
1B
100
AcDbEntity
  8
F.Silkscreen
  6
CONTINUOUS
100
AcDbLine
 10
7.0276742125984253
 20
-4.6066618503937002
 30
0
 11
7.0275120472440946
 21
-4.606795
 31
0
  0
LINE
  5
ABD
330
1B
100
AcDbEntity
  8
F.Silkscreen
  6
CONTINUOUS
100
AcDbLine
 10
7.0275120472440946
 20
-4.606795
 30
0
 11
7.0273679527559052
 21
-4.6068546456692916
 31
0
  0
LINE
  5
ABE
330
1B
100
AcDbEntity
  8
F.Silkscreen
  6
CONTINUOUS
100
AcDbLine
 10
7.0273679527559052
 20
-4.6068546456692916
 30
0
 11
7.0268721653543302
 21
-4.6071667716535432
 31
0
  0
LINE
  5
ABF
330
1B
100
AcDbEntity
  8
F.Silkscreen
  6
CONTINUOUS
100
AcDbLine
 10
7.0268721653543302
 20
-4.6071667716535432
 30
0
 11
7.0212478740157476
 21
-4.6099788976377951
 31
0
  0
LINE
  5
AC0
330
1B
100
AcDbEntity
  8
F.Silkscreen
  6
CONTINUOUS
100
AcDbLine
 10
7.0212478740157476
 20
-4.6099788976377951
 30
0
 11
7.0201666141732284
 21
-4.6103926771653541
 31
0
  0
LINE
  5
AC1
330
1B
100
AcDbEntity
  8
F.Silkscreen
  6
CONTINUOUS
100
AcDbLine
 10
7.0201666141732284
 20
-4.6103926771653541
 30
0
 11
7.0199549606299207
 21
-4.6104076771653544
 31
0
  0
LINE
  5
AC2
330
1B
100
AcDbEntity
  8
F.Silkscreen
  6
CONTINUOUS
100
AcDbLine
 10
7.0199549606299207
 20
-4.6104076771653544
 30
0
 11
7.0197589763779522
 21
-4.6104888976377953
 31
0
  0
LINE
  5
AC3
330
1B
100
AcDbEntity
  8
F.Silkscreen
  6
CONTINUOUS
100
AcDbLine
 10
7.0197589763779522
 20
-4.6104888976377953
 30
0
 11
7.0186068503937005
 21
-4.6106023622047241
 31
0
  0
LINE
  5
AC4
330
1B
100
AcDbEntity
  8
F.Silkscreen
  6
CONTINUOUS
100
AcDbLine
 10
7.0186068503937005
 20
-4.6106023622047241
 30
0
 11
7.0073582677165351
 21
-4.6106023622047241
 31
0
  0
LINE
  5
AC5
330
1B
100
AcDbEntity
  8
F.Silkscreen
  6
CONTINUOUS
100
AcDbLine
 10
7.0073582677165351
 20
-4.6106023622047241
 30
0
 11
7.0062061417322834
 21
-4.6104888976377953
 31
0
  0
LINE
  5
AC6
330
1B
100
AcDbEntity
  8
F.Silkscreen
  6
CONTINUOUS
100
AcDbLine
 10
7.0062061417322834
 20
-4.6104888976377953
 30
0
 11
7.0060101181102361
 21
-4.6104076771653544
 31
0
  0
LINE
  5
AC7
330
1B
100
AcDbEntity
  8
F.Silkscreen
  6
CONTINUOUS
100
AcDbLine
 10
7.0060101181102361
 20
-4.6104076771653544
 30
0
 11
7.0057985039370081
 21
-4.6103926771653541
 31
0
  0
LINE
  5
AC8
330
1B
100
AcDbEntity
  8
F.Silkscreen
  6
CONTINUOUS
100
AcDbLine
 10
7.0057985039370081
 20
-4.6103926771653541
 30
0
 11
7.0047172834645668
 21
-4.6099789370078739
 31
0
  0
LINE
  5
AC9
330
1B
100
AcDbEntity
  8
F.Silkscreen
  6
CONTINUOUS
100
AcDbLine
 10
7.0047172834645668
 20
-4.6099789370078739
 30
0
 11
6.9990929527559054
 21
-4.6071667716535432
 31
0
  0
LINE
  5
ACA
330
1B
100
AcDbEntity
  8
F.Silkscreen
  6
CONTINUOUS
100
AcDbLine
 10
6.9990929527559054
 20
-4.6071667716535432
 30
0
 11
6.9985970078740154
 21
-4.6068546062992128
 31
0
  0
LINE
  5
ACB
330
1B
100
AcDbEntity
  8
F.Silkscreen
  6
CONTINUOUS
100
AcDbLine
 10
6.9985970078740154
 20
-4.6068546062992128
 30
0
 11
6.9984529921259844
 21
-4.6067949606299212
 31
0
  0
LINE
  5
ACC
330
1B
100
AcDbEntity
  8
F.Silkscreen
  6
CONTINUOUS
100
AcDbLine
 10
6.9984529921259844
 20
-4.6067949606299212
 30
0
 11
6.9982909055118112
 21
-4.6066619291338577
 31
0
  0
LINE
  5
ACD
330
1B
100
AcDbEntity
  8
F.Silkscreen
  6
CONTINUOUS
100
AcDbLine
 10
6.9982909055118112
 20
-4.6066619291338577
 30
0
 11
6.9981131889763777
 21
-4.606550078740157
 31
0
  0
LINE
  5
ACE
330
1B
100
AcDbEntity
  8
F.Silkscreen
  6
CONTINUOUS
100
AcDbLine
 10
6.9981131889763777
 20
-4.606550078740157
 30
0
 11
6.9980109055118112
 21
-4.6064321259842522
 31
0
  0
LINE
  5
ACF
330
1B
100
AcDbEntity
  8
F.Silkscreen
  6
CONTINUOUS
100
AcDbLine
 10
6.9980109055118112
 20
-4.6064321259842522
 30
0
 11
6.997558070866142
 21
-4.6060605118110232
 31
0
  0
LINE
  5
AD0
330
1B
100
AcDbEntity
  8
F.Silkscreen
  6
CONTINUOUS
100
AcDbLine
 10
6.997558070866142
 20
-4.6060605118110232
 30
0
 11
6.9961096456692911
 21
-4.6046120472440943
 31
0
  0
LINE
  5
AD1
330
1B
100
AcDbEntity
  8
F.Silkscreen
  6
CONTINUOUS
100
AcDbLine
 10
6.9961096456692911
 20
-4.6046120472440943
 30
0
 11
6.9946611811023622
 21
-4.6060605511811019
 31
0
  0
LINE
  5
AD2
330
1B
100
AcDbEntity
  8
F.Silkscreen
  6
CONTINUOUS
100
AcDbLine
 10
6.9946611811023622
 20
-4.6060605511811019
 30
0
 11
6.9942083464566931
 21
-4.606432165354331
 31
0
  0
LINE
  5
AD3
330
1B
100
AcDbEntity
  8
F.Silkscreen
  6
CONTINUOUS
100
AcDbLine
 10
6.9942083464566931
 20
-4.606432165354331
 30
0
 11
6.9941061417322832
 21
-4.6065500393700782
 31
0
  0
LINE
  5
AD4
330
1B
100
AcDbEntity
  8
F.Silkscreen
  6
CONTINUOUS
100
AcDbLine
 10
6.9941061417322832
 20
-4.6065500393700782
 30
0
 11
6.9939284251968505
 21
-4.6066618503937002
 31
0
  0
LINE
  5
AD5
330
1B
100
AcDbEntity
  8
F.Silkscreen
  6
CONTINUOUS
100
AcDbLine
 10
6.9939284251968505
 20
-4.6066618503937002
 30
0
 11
6.9937662598425199
 21
-4.606795
 31
0
  0
LINE
  5
AD6
330
1B
100
AcDbEntity
  8
F.Silkscreen
  6
CONTINUOUS
100
AcDbLine
 10
6.9937662598425199
 20
-4.606795
 30
0
 11
6.9936221653543305
 21
-4.6068546456692916
 31
0
  0
LINE
  5
AD7
330
1B
100
AcDbEntity
  8
F.Silkscreen
  6
CONTINUOUS
100
AcDbLine
 10
6.9936221653543305
 20
-4.6068546456692916
 30
0
 11
6.9931263779527555
 21
-4.6071667716535432
 31
0
  0
LINE
  5
AD8
330
1B
100
AcDbEntity
  8
F.Silkscreen
  6
CONTINUOUS
100
AcDbLine
 10
6.9931263779527555
 20
-4.6071667716535432
 30
0
 11
6.9875020866141728
 21
-4.6099788976377951
 31
0
  0
LINE
  5
AD9
330
1B
100
AcDbEntity
  8
F.Silkscreen
  6
CONTINUOUS
100
AcDbLine
 10
6.9875020866141728
 20
-4.6099788976377951
 30
0
 11
6.9864208267716537
 21
-4.6103926771653541
 31
0
  0
LINE
  5
ADA
330
1B
100
AcDbEntity
  8
F.Silkscreen
  6
CONTINUOUS
100
AcDbLine
 10
6.9864208267716537
 20
-4.6103926771653541
 30
0
 11
6.986209173228346
 21
-4.6104076771653544
 31
0
  0
LINE
  5
ADB
330
1B
100
AcDbEntity
  8
F.Silkscreen
  6
CONTINUOUS
100
AcDbLine
 10
6.986209173228346
 20
-4.6104076771653544
 30
0
 11
6.9860131889763775
 21
-4.6104888976377953
 31
0
  0
LINE
  5
ADC
330
1B
100
AcDbEntity
  8
F.Silkscreen
  6
CONTINUOUS
100
AcDbLine
 10
6.9860131889763775
 20
-4.6104888976377953
 30
0
 11
6.9848610629921257
 21
-4.6106023622047241
 31
0
  0
LINE
  5
ADD
330
1B
100
AcDbEntity
  8
F.Silkscreen
  6
CONTINUOUS
100
AcDbLine
 10
6.9848610629921257
 20
-4.6106023622047241
 30
0
 11
6.982048897637795
 21
-4.6106023622047241
 31
0
  0
LINE
  5
ADE
330
1B
100
AcDbEntity
  8
F.Silkscreen
  6
CONTINUOUS
100
AcDbLine
 10
6.982048897637795
 20
-4.6106023622047241
 30
0
 11
6.9808967716535433
 21
-4.6104888976377953
 31
0
  0
LINE
  5
ADF
330
1B
100
AcDbEntity
  8
F.Silkscreen
  6
CONTINUOUS
100
AcDbLine
 10
6.9808967716535433
 20
-4.6104888976377953
 30
0
 11
6.980700748031496
 21
-4.6104076771653544
 31
0
  0
LINE
  5
AE0
330
1B
100
AcDbEntity
  8
F.Silkscreen
  6
CONTINUOUS
100
AcDbLine
 10
6.980700748031496
 20
-4.6104076771653544
 30
0
 11
6.980489133858268
 21
-4.6103926771653541
 31
0
  0
LINE
  5
AE1
330
1B
100
AcDbEntity
  8
F.Silkscreen
  6
CONTINUOUS
100
AcDbLine
 10
6.980489133858268
 20
-4.6103926771653541
 30
0
 11
6.9794079133858267
 21
-4.6099788976377951
 31
0
  0
LINE
  5
AE2
330
1B
100
AcDbEntity
  8
F.Silkscreen
  6
CONTINUOUS
100
AcDbLine
 10
6.9794079133858267
 20
-4.6099788976377951
 30
0
 11
6.9737835826771652
 21
-4.6071667716535432
 31
0
  0
LINE
  5
AE3
330
1B
100
AcDbEntity
  8
F.Silkscreen
  6
CONTINUOUS
100
AcDbLine
 10
6.9737835826771652
 20
-4.6071667716535432
 30
0
 11
6.9732877165354328
 21
-4.6068546062992128
 31
0
  0
LINE
  5
AE4
330
1B
100
AcDbEntity
  8
F.Silkscreen
  6
CONTINUOUS
100
AcDbLine
 10
6.9732877165354328
 20
-4.6068546062992128
 30
0
 11
6.973143661417323
 21
-4.6067949606299212
 31
0
  0
LINE
  5
AE5
330
1B
100
AcDbEntity
  8
F.Silkscreen
  6
CONTINUOUS
100
AcDbLine
 10
6.973143661417323
 20
-4.6067949606299212
 30
0
 11
6.9729814173228348
 21
-4.6066618110236224
 31
0
  0
LINE
  5
AE6
330
1B
100
AcDbEntity
  8
F.Silkscreen
  6
CONTINUOUS
100
AcDbLine
 10
6.9729814173228348
 20
-4.6066618110236224
 30
0
 11
6.9728038582677163
 21
-4.6065500393700782
 31
0
  0
LINE
  5
AE7
330
1B
100
AcDbEntity
  8
F.Silkscreen
  6
CONTINUOUS
100
AcDbLine
 10
6.9728038582677163
 20
-4.6065500393700782
 30
0
 11
6.972701692913386
 21
-4.6064322440944885
 31
0
  0
LINE
  5
AE8
330
1B
100
AcDbEntity
  8
F.Silkscreen
  6
CONTINUOUS
100
AcDbLine
 10
6.972701692913386
 20
-4.6064322440944885
 30
0
 11
6.9722487401574798
 21
-4.6060605118110232
 31
0
  0
LINE
  5
AE9
330
1B
100
AcDbEntity
  8
F.Silkscreen
  6
CONTINUOUS
100
AcDbLine
 10
6.9722487401574798
 20
-4.6060605118110232
 30
0
 11
6.9694366141732278
 21
-4.6032483464566925
 31
0
  0
LINE
  5
AEA
330
1B
100
AcDbEntity
  8
F.Silkscreen
  6
CONTINUOUS
100
AcDbLine
 10
6.9694366141732278
 20
-4.6032483464566925
 30
0
 11
6.9690650393700784
 21
-4.6027955905511808
 31
0
  0
LINE
  5
AEB
330
1B
100
AcDbEntity
  8
F.Silkscreen
  6
CONTINUOUS
100
AcDbLine
 10
6.9690650393700784
 20
-4.6027955905511808
 30
0
 11
6.9689471653543302
 21
-4.602693346456693
 31
0
  0
LINE
  5
AEC
330
1B
100
AcDbEntity
  8
F.Silkscreen
  6
CONTINUOUS
100
AcDbLine
 10
6.9689471653543302
 20
-4.602693346456693
 30
0
 11
6.968835236220472
 21
-4.6025155118110233
 31
0
  0
LINE
  5
AED
330
1B
100
AcDbEntity
  8
F.Silkscreen
  6
CONTINUOUS
100
AcDbLine
 10
6.968835236220472
 20
-4.6025155118110233
 30
0
 11
6.9687022047244094
 21
-4.6023534251968501
 31
0
  0
LINE
  5
AEE
330
1B
100
AcDbEntity
  8
F.Silkscreen
  6
CONTINUOUS
100
AcDbLine
 10
6.9687022047244094
 20
-4.6023534251968501
 30
0
 11
6.9686425590551178
 21
-4.6022094488188978
 31
0
  0
LINE
  5
AEF
330
1B
100
AcDbEntity
  8
F.Silkscreen
  6
CONTINUOUS
100
AcDbLine
 10
6.9686425590551178
 20
-4.6022094488188978
 30
0
 11
6.9683304330708662
 21
-4.6017135826771653
 31
0
  0
LINE
  5
AF0
330
1B
100
AcDbEntity
  8
F.Silkscreen
  6
CONTINUOUS
100
AcDbLine
 10
6.9683304330708662
 20
-4.6017135826771653
 30
0
 11
6.9655182677165355
 21
-4.5960892913385827
 31
0
  0
LINE
  5
AF1
330
1B
100
AcDbEntity
  8
F.Silkscreen
  6
CONTINUOUS
100
AcDbLine
 10
6.9655182677165355
 20
-4.5960892913385827
 30
0
 11
6.9651045275590553
 21
-4.5950080708661414
 31
0
  0
LINE
  5
AF2
330
1B
100
AcDbEntity
  8
F.Silkscreen
  6
CONTINUOUS
100
AcDbLine
 10
6.9651045275590553
 20
-4.5950080708661414
 30
0
 11
6.9650894881889762
 21
-4.5947964566929134
 31
0
  0
LINE
  5
AF3
330
1B
100
AcDbEntity
  8
F.Silkscreen
  6
CONTINUOUS
100
AcDbLine
 10
6.9650894881889762
 20
-4.5947964566929134
 30
0
 11
6.9650082677165353
 21
-4.5946003937007873
 31
0
  0
LINE
  5
AF4
330
1B
100
AcDbEntity
  8
F.Silkscreen
  6
CONTINUOUS
100
AcDbLine
 10
6.9650082677165353
 20
-4.5946003937007873
 30
0
 11
6.9648948031496065
 21
-4.5934482677165356
 31
0
  0
LINE
  5
AF5
330
1B
100
AcDbEntity
  8
F.Silkscreen
  6
CONTINUOUS
100
AcDbLine
 10
6.9648948031496065
 20
-4.5934482677165356
 30
0
 11
6.9648948031496065
 21
-4.5821996850393703
 31
0
  0
LINE
  5
AF6
330
1B
100
AcDbEntity
  8
F.Silkscreen
  6
CONTINUOUS
100
AcDbLine
 10
6.9648948031496065
 20
-4.5821996850393703
 30
0
 11
6.9650082677165353
 21
-4.5810475590551176
 31
0
  0
LINE
  5
AF7
330
1B
100
AcDbEntity
  8
F.Silkscreen
  6
CONTINUOUS
100
AcDbLine
 10
6.9650082677165353
 20
-4.5810475590551176
 30
0
 11
6.9650894881889762
 21
-4.5808514566929137
 31
0
  0
LINE
  5
AF8
330
1B
100
AcDbEntity
  8
F.Silkscreen
  6
CONTINUOUS
100
AcDbLine
 10
6.9650894881889762
 20
-4.5808514566929137
 30
0
 11
6.9651045275590553
 21
-4.5806398818897636
 31
0
  0
LINE
  5
AF9
330
1B
100
AcDbEntity
  8
F.Silkscreen
  6
CONTINUOUS
100
AcDbLine
 10
6.9651045275590553
 20
-4.5806398818897636
 30
0
 11
6.9655182677165355
 21
-4.5795586614173232
 31
0
  0
LINE
  5
AFA
330
1B
100
AcDbEntity
  8
F.Silkscreen
  6
CONTINUOUS
100
AcDbLine
 10
6.9655182677165355
 20
-4.5795586614173232
 30
0
 11
6.9683304330708662
 21
-4.5739343700787405
 31
0
  0
LINE
  5
AFB
330
1B
100
AcDbEntity
  8
F.Silkscreen
  6
CONTINUOUS
100
AcDbLine
 10
6.9683304330708662
 20
-4.5739343700787405
 30
0
 11
6.9686425590551178
 21
-4.5734384645669293
 31
0
  0
LINE
  5
AFC
330
1B
100
AcDbEntity
  8
F.Silkscreen
  6
CONTINUOUS
100
AcDbLine
 10
6.9686425590551178
 20
-4.5734384645669293
 30
0
 11
6.9687022047244094
 21
-4.5732945275590549
 31
0
  0
LINE
  5
AFD
330
1B
100
AcDbEntity
  8
F.Silkscreen
  6
CONTINUOUS
100
AcDbLine
 10
6.9687022047244094
 20
-4.5732945275590549
 30
0
 11
6.968835236220472
 21
-4.5731324015748029
 31
0
  0
LINE
  5
AFE
330
1B
100
AcDbEntity
  8
F.Silkscreen
  6
CONTINUOUS
100
AcDbLine
 10
6.968835236220472
 20
-4.5731324015748029
 30
0
 11
6.9689471653543302
 21
-4.5729546062992128
 31
0
  0
LINE
  5
AFF
330
1B
100
AcDbEntity
  8
F.Silkscreen
  6
CONTINUOUS
100
AcDbLine
 10
6.9689471653543302
 20
-4.5729546062992128
 30
0
 11
6.9690650393700784
 21
-4.5728523228346454
 31
0
  0
LINE
  5
B00
330
1B
100
AcDbEntity
  8
F.Silkscreen
  6
CONTINUOUS
100
AcDbLine
 10
6.9690650393700784
 20
-4.5728523228346454
 30
0
 11
6.9694366141732278
 21
-4.5723996062992125
 31
0
  0
LINE
  5
B01
330
1B
100
AcDbEntity
  8
F.Silkscreen
  6
CONTINUOUS
100
AcDbLine
 10
6.9694366141732278
 20
-4.5723996062992125
 30
0
 11
6.9722487401574798
 21
-4.5695874409448818
 31
0
  0
LINE
  5
B02
330
1B
100
AcDbEntity
  8
F.Silkscreen
  6
CONTINUOUS
100
AcDbLine
 10
6.9722487401574798
 20
-4.5695874409448818
 30
0
 11
6.972701535433071
 21
-4.5692157874015749
 31
0
  0
LINE
  5
B03
330
1B
100
AcDbEntity
  8
F.Silkscreen
  6
CONTINUOUS
100
AcDbLine
 10
6.972701535433071
 20
-4.5692157874015749
 30
0
 11
6.9728038188976376
 21
-4.5690979133858267
 31
0
  0
LINE
  5
B04
330
1B
100
AcDbEntity
  8
F.Silkscreen
  6
CONTINUOUS
100
AcDbLine
 10
6.9728038188976376
 20
-4.5690979133858267
 30
0
 11
6.9729815354330711
 21
-4.5689860236220472
 31
0
  0
LINE
  5
B05
330
1B
100
AcDbEntity
  8
F.Silkscreen
  6
CONTINUOUS
100
AcDbLine
 10
6.9729815354330711
 20
-4.5689860236220472
 30
0
 11
6.973143661417323
 21
-4.5688529921259837
 31
0
  0
LINE
  5
B06
330
1B
100
AcDbEntity
  8
F.Silkscreen
  6
CONTINUOUS
100
AcDbLine
 10
6.973143661417323
 20
-4.5688529921259837
 30
0
 11
6.9732876377952753
 21
-4.5687933070866142
 31
0
  0
LINE
  5
B07
330
1B
100
AcDbEntity
  8
F.Silkscreen
  6
CONTINUOUS
100
AcDbLine
 10
6.9732876377952753
 20
-4.5687933070866142
 30
0
 11
6.9737835826771652
 21
-4.5684811811023618
 31
0
  0
LINE
  5
B08
330
1B
100
AcDbEntity
  8
F.Silkscreen
  6
CONTINUOUS
100
AcDbLine
 10
6.9737835826771652
 20
-4.5684811811023618
 30
0
 11
6.9794078346456692
 21
-4.5656690157480311
 31
0
  0
LINE
  5
B09
330
1B
100
AcDbEntity
  8
F.Silkscreen
  6
CONTINUOUS
100
AcDbLine
 10
6.9794078346456692
 20
-4.5656690157480311
 30
0
 11
6.9804890944881892
 21
-4.5652552755905509
 31
0
  0
LINE
  5
B0A
330
1B
100
AcDbEntity
  8
F.Silkscreen
  6
CONTINUOUS
100
AcDbLine
 10
6.9804890944881892
 20
-4.5652552755905509
 30
0
 11
6.9807006692913385
 21
-4.5652402362204727
 31
0
  0
LINE
  5
B0B
330
1B
100
AcDbEntity
  8
F.Silkscreen
  6
CONTINUOUS
100
AcDbLine
 10
6.9807006692913385
 20
-4.5652402362204727
 30
0
 11
6.9808967716535433
 21
-4.5651590157480317
 31
0
  0
LINE
  5
B0C
330
1B
100
AcDbEntity
  8
F.Silkscreen
  6
CONTINUOUS
100
AcDbLine
 10
6.9808967716535433
 20
-4.5651590157480317
 30
0
 11
6.982048897637795
 21
-4.5650455511811021
 31
0
  0
LINE
  5
B0D
330
1B
100
AcDbEntity
  8
F.Silkscreen
  6
CONTINUOUS
100
AcDbLine
 10
6.982048897637795
 20
-4.5650455511811021
 30
0
 11
6.9848610629921257
 21
-4.5650455511811021
 31
0
  0
LINE
  5
B0E
330
1B
100
AcDbEntity
  8
F.Silkscreen
  6
CONTINUOUS
100
AcDbLine
 10
6.9848610629921257
 20
-4.5650455511811021
 30
0
 11
6.9860131889763775
 21
-4.5651590157480317
 31
0
  0
LINE
  5
B0F
330
1B
100
AcDbEntity
  8
F.Silkscreen
  6
CONTINUOUS
100
AcDbLine
 10
6.9799227952755905
 20
-4.5786166535433068
 30
0
 11
6.97846594488189
 21
-4.5800735039370082
 31
0
  0
LINE
  5
B10
330
1B
100
AcDbEntity
  8
F.Silkscreen
  6
CONTINUOUS
100
AcDbLine
 10
6.97846594488189
 20
-4.5800735039370082
 30
0
 11
6.9767058267716537
 21
-4.5835937795275585
 31
0
  0
LINE
  5
B11
330
1B
100
AcDbEntity
  8
F.Silkscreen
  6
CONTINUOUS
100
AcDbLine
 10
6.9767058267716537
 20
-4.5835937795275585
 30
0
 11
6.9767058267716537
 21
-4.5920541338582677
 31
0
  0
LINE
  5
B12
330
1B
100
AcDbEntity
  8
F.Silkscreen
  6
CONTINUOUS
100
AcDbLine
 10
6.9767058267716537
 20
-4.5920541338582677
 30
0
 11
6.97846594488189
 21
-4.5955744094488189
 31
0
  0
LINE
  5
B13
330
1B
100
AcDbEntity
  8
F.Silkscreen
  6
CONTINUOUS
100
AcDbLine
 10
6.97846594488189
 20
-4.5955744094488189
 30
0
 11
6.9799227952755905
 21
-4.5970312598425194
 31
0
  0
LINE
  5
B14
330
1B
100
AcDbEntity
  8
F.Silkscreen
  6
CONTINUOUS
100
AcDbLine
 10
6.9799227952755905
 20
-4.5970312598425194
 30
0
 11
6.9834429921259842
 21
-4.5987913385826769
 31
0
  0
LINE
  5
B15
330
1B
100
AcDbEntity
  8
F.Silkscreen
  6
CONTINUOUS
100
AcDbLine
 10
6.9834429921259842
 20
-4.5987913385826769
 30
0
 11
6.9834669685039366
 21
-4.5987913385826769
 31
0
  0
LINE
  5
B16
330
1B
100
AcDbEntity
  8
F.Silkscreen
  6
CONTINUOUS
100
AcDbLine
 10
6.9834669685039366
 20
-4.5987913385826769
 30
0
 11
6.9869871259842515
 21
-4.5970312598425194
 31
0
  0
LINE
  5
B17
330
1B
100
AcDbEntity
  8
F.Silkscreen
  6
CONTINUOUS
100
AcDbLine
 10
6.9869871259842515
 20
-4.5970312598425194
 30
0
 11
6.9884440157480316
 21
-4.5955743700787401
 31
0
  0
LINE
  5
B18
330
1B
100
AcDbEntity
  8
F.Silkscreen
  6
CONTINUOUS
100
AcDbLine
 10
6.9884440157480316
 20
-4.5955743700787401
 30
0
 11
6.9902041338582679
 21
-4.5920541732283464
 31
0
  0
LINE
  5
B19
330
1B
100
AcDbEntity
  8
F.Silkscreen
  6
CONTINUOUS
100
AcDbLine
 10
6.9902041338582679
 20
-4.5920541732283464
 30
0
 11
6.9902041338582679
 21
-4.5835937401574798
 31
0
  0
LINE
  5
B1A
330
1B
100
AcDbEntity
  8
F.Silkscreen
  6
CONTINUOUS
100
AcDbLine
 10
6.9902041338582679
 20
-4.5835937401574798
 30
0
 11
6.9884440157480316
 21
-4.5800735433070869
 31
0
  0
LINE
  5
B1B
330
1B
100
AcDbEntity
  8
F.Silkscreen
  6
CONTINUOUS
100
AcDbLine
 10
6.9884440157480316
 20
-4.5800735433070869
 30
0
 11
6.9869871653543303
 21
-4.5786166929133856
 31
0
  0
LINE
  5
B1C
330
1B
100
AcDbEntity
  8
F.Silkscreen
  6
CONTINUOUS
100
AcDbLine
 10
6.9869871653543303
 20
-4.5786166929133856
 30
0
 11
6.9834669685039366
 21
-4.5768565748031493
 31
0
  0
LINE
  5
B1D
330
1B
100
AcDbEntity
  8
F.Silkscreen
  6
CONTINUOUS
100
AcDbLine
 10
6.9834669685039366
 20
-4.5768565748031493
 30
0
 11
6.9834429921259842
 21
-4.5768565748031493
 31
0
  0
LINE
  5
B1E
330
1B
100
AcDbEntity
  8
F.Silkscreen
  6
CONTINUOUS
100
AcDbLine
 10
6.9834429921259842
 20
-4.5768565748031493
 30
0
 11
6.9799227952755905
 21
-4.5786166535433068
 31
0
  0
LINE
  5
B1F
330
1B
100
AcDbEntity
  8
F.Silkscreen
  6
CONTINUOUS
100
AcDbLine
 10
7.0052321259842518
 20
-4.5786166535433068
 30
0
 11
7.0037752755905514
 21
-4.5800735039370082
 31
0
  0
LINE
  5
B20
330
1B
100
AcDbEntity
  8
F.Silkscreen
  6
CONTINUOUS
100
AcDbLine
 10
7.0037752755905514
 20
-4.5800735039370082
 30
0
 11
7.0020151574803151
 21
-4.5835937795275585
 31
0
  0
LINE
  5
B21
330
1B
100
AcDbEntity
  8
F.Silkscreen
  6
CONTINUOUS
100
AcDbLine
 10
7.0020151574803151
 20
-4.5835937795275585
 30
0
 11
7.0020151574803151
 21
-4.5920541338582677
 31
0
  0
LINE
  5
B22
330
1B
100
AcDbEntity
  8
F.Silkscreen
  6
CONTINUOUS
100
AcDbLine
 10
7.0020151574803151
 20
-4.5920541338582677
 30
0
 11
7.0037752755905514
 21
-4.5955744094488189
 31
0
  0
LINE
  5
B23
330
1B
100
AcDbEntity
  8
F.Silkscreen
  6
CONTINUOUS
100
AcDbLine
 10
7.0037752755905514
 20
-4.5955744094488189
 30
0
 11
7.0052321653543306
 21
-4.5970312598425194
 31
0
  0
LINE
  5
B24
330
1B
100
AcDbEntity
  8
F.Silkscreen
  6
CONTINUOUS
100
AcDbLine
 10
7.0052321653543306
 20
-4.5970312598425194
 30
0
 11
7.0087523228346456
 21
-4.5987913385826769
 31
0
  0
LINE
  5
B25
330
1B
100
AcDbEntity
  8
F.Silkscreen
  6
CONTINUOUS
100
AcDbLine
 10
7.0087523228346456
 20
-4.5987913385826769
 30
0
 11
7.0172127559055113
 21
-4.5987913385826769
 31
0
  0
LINE
  5
B26
330
1B
100
AcDbEntity
  8
F.Silkscreen
  6
CONTINUOUS
100
AcDbLine
 10
7.0172127559055113
 20
-4.5987913385826769
 30
0
 11
7.0207329133858263
 21
-4.5970312598425194
 31
0
  0
LINE
  5
B27
330
1B
100
AcDbEntity
  8
F.Silkscreen
  6
CONTINUOUS
100
AcDbLine
 10
7.0207329133858263
 20
-4.5970312598425194
 30
0
 11
7.0221898031496064
 21
-4.5955743700787401
 31
0
  0
LINE
  5
B28
330
1B
100
AcDbEntity
  8
F.Silkscreen
  6
CONTINUOUS
100
AcDbLine
 10
7.0221898031496064
 20
-4.5955743700787401
 30
0
 11
7.0239499212598426
 21
-4.5920541732283464
 31
0
  0
LINE
  5
B29
330
1B
100
AcDbEntity
  8
F.Silkscreen
  6
CONTINUOUS
100
AcDbLine
 10
7.0239499212598426
 20
-4.5920541732283464
 30
0
 11
7.0239499212598426
 21
-4.5835937401574798
 31
0
  0
LINE
  5
B2A
330
1B
100
AcDbEntity
  8
F.Silkscreen
  6
CONTINUOUS
100
AcDbLine
 10
7.0239499212598426
 20
-4.5835937401574798
 30
0
 11
7.0221898031496064
 21
-4.5800735433070869
 31
0
  0
LINE
  5
B2B
330
1B
100
AcDbEntity
  8
F.Silkscreen
  6
CONTINUOUS
100
AcDbLine
 10
7.0221898031496064
 20
-4.5800735433070869
 30
0
 11
7.020732952755905
 21
-4.5786166929133856
 31
0
  0
LINE
  5
B2C
330
1B
100
AcDbEntity
  8
F.Silkscreen
  6
CONTINUOUS
100
AcDbLine
 10
7.020732952755905
 20
-4.5786166929133856
 30
0
 11
7.0172127559055113
 21
-4.5768565748031493
 31
0
  0
LINE
  5
B2D
330
1B
100
AcDbEntity
  8
F.Silkscreen
  6
CONTINUOUS
100
AcDbLine
 10
7.0172127559055113
 20
-4.5768565748031493
 30
0
 11
7.0087523622047243
 21
-4.5768565748031493
 31
0
  0
LINE
  5
B2E
330
1B
100
AcDbEntity
  8
F.Silkscreen
  6
CONTINUOUS
100
AcDbLine
 10
7.0087523622047243
 20
-4.5768565748031493
 30
0
 11
7.0052321259842518
 21
-4.5786166535433068
 31
0
  0
LINE
  5
B2F
330
1B
100
AcDbEntity
  8
F.Silkscreen
  6
CONTINUOUS
100
AcDbLine
 10
5.5901651181102361
 20
-4.561652755905512
 30
0
 11
5.5914435433070864
 21
-4.5629311811023623
 31
0
  0
LINE
  5
B30
330
1B
100
AcDbEntity
  8
F.Silkscreen
  6
CONTINUOUS
100
AcDbLine
 10
5.5914435433070864
 20
-4.5629311811023623
 30
0
 11
5.5914435433070864
 21
-4.5647391338582679
 31
0
  0
LINE
  5
B31
330
1B
100
AcDbEntity
  8
F.Silkscreen
  6
CONTINUOUS
100
AcDbLine
 10
5.5914435433070864
 20
-4.5647391338582679
 30
0
 11
5.5901651181102361
 21
-4.5660175590551182
 31
0
  0
LINE
  5
B32
330
1B
100
AcDbEntity
  8
F.Silkscreen
  6
CONTINUOUS
100
AcDbLine
 10
5.5901651181102361
 20
-4.5660175590551182
 30
0
 11
5.5892611417322833
 21
-4.5661973622047247
 31
0
  0
LINE
  5
B33
330
1B
100
AcDbEntity
  8
F.Silkscreen
  6
CONTINUOUS
100
AcDbLine
 10
5.5892611417322833
 20
-4.5661973622047247
 30
0
 11
5.4829619291338583
 21
-4.5661973622047247
 31
0
  0
LINE
  5
B34
330
1B
100
AcDbEntity
  8
F.Silkscreen
  6
CONTINUOUS
100
AcDbLine
 10
5.4829619291338583
 20
-4.5661973622047247
 30
0
 11
5.4829619291338583
 21
-4.5862761023622047
 31
0
  0
LINE
  5
B35
330
1B
100
AcDbEntity
  8
F.Silkscreen
  6
CONTINUOUS
100
AcDbLine
 10
5.4829619291338583
 20
-4.5862761023622047
 30
0
 11
5.4827821259842517
 21
-4.5871800787401575
 31
0
  0
LINE
  5
B36
330
1B
100
AcDbEntity
  8
F.Silkscreen
  6
CONTINUOUS
100
AcDbLine
 10
5.4827821259842517
 20
-4.5871800787401575
 30
0
 11
5.4815037007874015
 21
-4.5884585039370078
 31
0
  0
LINE
  5
B37
330
1B
100
AcDbEntity
  8
F.Silkscreen
  6
CONTINUOUS
100
AcDbLine
 10
5.4815037007874015
 20
-4.5884585039370078
 30
0
 11
5.4805997244094486
 21
-4.5886383070866144
 31
0
  0
LINE
  5
B38
330
1B
100
AcDbEntity
  8
F.Silkscreen
  6
CONTINUOUS
100
AcDbLine
 10
5.4805997244094486
 20
-4.5886383070866144
 30
0
 11
5.4227257086614173
 21
-4.5886383070866144
 31
0
  0
LINE
  5
B39
330
1B
100
AcDbEntity
  8
F.Silkscreen
  6
CONTINUOUS
100
AcDbLine
 10
5.4227257086614173
 20
-4.5886383070866144
 30
0
 11
5.4218217322834645
 21
-4.5884585039370078
 31
0
  0
LINE
  5
B3A
330
1B
100
AcDbEntity
  8
F.Silkscreen
  6
CONTINUOUS
100
AcDbLine
 10
5.4218217322834645
 20
-4.5884585039370078
 30
0
 11
5.4205433070866142
 21
-4.5871800787401575
 31
0
  0
LINE
  5
B3B
330
1B
100
AcDbEntity
  8
F.Silkscreen
  6
CONTINUOUS
100
AcDbLine
 10
5.4205433070866142
 20
-4.5871800787401575
 30
0
 11
5.4205433070866142
 21
-4.5853721259842519
 31
0
  0
LINE
  5
B3C
330
1B
100
AcDbEntity
  8
F.Silkscreen
  6
CONTINUOUS
100
AcDbLine
 10
5.4205433070866142
 20
-4.5853721259842519
 30
0
 11
5.4218217322834645
 21
-4.5840937007874016
 31
0
  0
LINE
  5
B3D
330
1B
100
AcDbEntity
  8
F.Silkscreen
  6
CONTINUOUS
100
AcDbLine
 10
5.4218217322834645
 20
-4.5840937007874016
 30
0
 11
5.4227257086614173
 21
-4.5839138976377951
 31
0
  0
LINE
  5
B3E
330
1B
100
AcDbEntity
  8
F.Silkscreen
  6
CONTINUOUS
100
AcDbLine
 10
5.4227257086614173
 20
-4.5839138976377951
 30
0
 11
5.478237519685039
 21
-4.5839138976377951
 31
0
  0
LINE
  5
B3F
330
1B
100
AcDbEntity
  8
F.Silkscreen
  6
CONTINUOUS
100
AcDbLine
 10
5.478237519685039
 20
-4.5839138976377951
 30
0
 11
5.478237519685039
 21
-4.5638351574803151
 31
0
  0
LINE
  5
B40
330
1B
100
AcDbEntity
  8
F.Silkscreen
  6
CONTINUOUS
100
AcDbLine
 10
5.478237519685039
 20
-4.5638351574803151
 30
0
 11
5.4784173228346456
 21
-4.5629311811023623
 31
0
  0
LINE
  5
B41
330
1B
100
AcDbEntity
  8
F.Silkscreen
  6
CONTINUOUS
100
AcDbLine
 10
5.4784173228346456
 20
-4.5629311811023623
 30
0
 11
5.4796957480314958
 21
-4.561652755905512
 31
0
  0
LINE
  5
B42
330
1B
100
AcDbEntity
  8
F.Silkscreen
  6
CONTINUOUS
100
AcDbLine
 10
5.4796957480314958
 20
-4.561652755905512
 30
0
 11
5.4805997244094486
 21
-4.5614729527559055
 31
0
  0
LINE
  5
B43
330
1B
100
AcDbEntity
  8
F.Silkscreen
  6
CONTINUOUS
100
AcDbLine
 10
5.4805997244094486
 20
-4.5614729527559055
 30
0
 11
5.5892611417322833
 21
-4.5614729527559055
 31
0
  0
LINE
  5
B44
330
1B
100
AcDbEntity
  8
F.Silkscreen
  6
CONTINUOUS
100
AcDbLine
 10
5.5892611417322833
 20
-4.5614729527559055
 30
0
 11
5.5901651181102361
 21
-4.561652755905512
 31
0
  0
LINE
  5
B45
330
1B
100
AcDbEntity
  8
F.Silkscreen
  6
CONTINUOUS
100
AcDbLine
 10
6.1982359842519683
 20
-4.561652755905512
 30
0
 11
6.1995144094488186
 21
-4.5629311811023623
 31
0
  0
LINE
  5
B46
330
1B
100
AcDbEntity
  8
F.Silkscreen
  6
CONTINUOUS
100
AcDbLine
 10
6.1995144094488186
 20
-4.5629311811023623
 30
0
 11
6.1995144094488186
 21
-4.5647391338582679
 31
0
  0
LINE
  5
B47
330
1B
100
AcDbEntity
  8
F.Silkscreen
  6
CONTINUOUS
100
AcDbLine
 10
6.1995144094488186
 20
-4.5647391338582679
 30
0
 11
6.1982359842519683
 21
-4.5660175590551182
 31
0
  0
LINE
  5
B48
330
1B
100
AcDbEntity
  8
F.Silkscreen
  6
CONTINUOUS
100
AcDbLine
 10
6.1982359842519683
 20
-4.5660175590551182
 30
0
 11
6.1973320078740155
 21
-4.5661973622047247
 31
0
  0
LINE
  5
B49
330
1B
100
AcDbEntity
  8
F.Silkscreen
  6
CONTINUOUS
100
AcDbLine
 10
6.1973320078740155
 20
-4.5661973622047247
 30
0
 11
6.0910327952755905
 21
-4.5661973622047247
 31
0
  0
LINE
  5
B4A
330
1B
100
AcDbEntity
  8
F.Silkscreen
  6
CONTINUOUS
100
AcDbLine
 10
6.0910327952755905
 20
-4.5661973622047247
 30
0
 11
6.0910327952755905
 21
-4.5862761023622047
 31
0
  0
LINE
  5
B4B
330
1B
100
AcDbEntity
  8
F.Silkscreen
  6
CONTINUOUS
100
AcDbLine
 10
6.0910327952755905
 20
-4.5862761023622047
 30
0
 11
6.090852992125984
 21
-4.5871800787401575
 31
0
  0
LINE
  5
B4C
330
1B
100
AcDbEntity
  8
F.Silkscreen
  6
CONTINUOUS
100
AcDbLine
 10
6.090852992125984
 20
-4.5871800787401575
 30
0
 11
6.0895745669291337
 21
-4.5884585039370078
 31
0
  0
LINE
  5
B4D
330
1B
100
AcDbEntity
  8
F.Silkscreen
  6
CONTINUOUS
100
AcDbLine
 10
6.0895745669291337
 20
-4.5884585039370078
 30
0
 11
6.0886705905511809
 21
-4.5886383070866144
 31
0
  0
LINE
  5
B4E
330
1B
100
AcDbEntity
  8
F.Silkscreen
  6
CONTINUOUS
100
AcDbLine
 10
6.0886705905511809
 20
-4.5886383070866144
 30
0
 11
6.0307965748031496
 21
-4.5886383070866144
 31
0
  0
LINE
  5
B4F
330
1B
100
AcDbEntity
  8
F.Silkscreen
  6
CONTINUOUS
100
AcDbLine
 10
6.0307965748031496
 20
-4.5886383070866144
 30
0
 11
6.0298925984251968
 21
-4.5884585039370078
 31
0
  0
LINE
  5
B50
330
1B
100
AcDbEntity
  8
F.Silkscreen
  6
CONTINUOUS
100
AcDbLine
 10
6.0298925984251968
 20
-4.5884585039370078
 30
0
 11
6.0286141732283465
 21
-4.5871800787401575
 31
0
  0
LINE
  5
B51
330
1B
100
AcDbEntity
  8
F.Silkscreen
  6
CONTINUOUS
100
AcDbLine
 10
6.0286141732283465
 20
-4.5871800787401575
 30
0
 11
6.0286141732283465
 21
-4.5853721259842519
 31
0
  0
LINE
  5
B52
330
1B
100
AcDbEntity
  8
F.Silkscreen
  6
CONTINUOUS
100
AcDbLine
 10
6.0286141732283465
 20
-4.5853721259842519
 30
0
 11
6.0298925984251968
 21
-4.5840937007874016
 31
0
  0
LINE
  5
B53
330
1B
100
AcDbEntity
  8
F.Silkscreen
  6
CONTINUOUS
100
AcDbLine
 10
6.0298925984251968
 20
-4.5840937007874016
 30
0
 11
6.0307965748031496
 21
-4.5839138976377951
 31
0
  0
LINE
  5
B54
330
1B
100
AcDbEntity
  8
F.Silkscreen
  6
CONTINUOUS
100
AcDbLine
 10
6.0307965748031496
 20
-4.5839138976377951
 30
0
 11
6.0863083858267713
 21
-4.5839138976377951
 31
0
  0
LINE
  5
B55
330
1B
100
AcDbEntity
  8
F.Silkscreen
  6
CONTINUOUS
100
AcDbLine
 10
6.0863083858267713
 20
-4.5839138976377951
 30
0
 11
6.0863083858267713
 21
-4.5638351574803151
 31
0
  0
LINE
  5
B56
330
1B
100
AcDbEntity
  8
F.Silkscreen
  6
CONTINUOUS
100
AcDbLine
 10
6.0863083858267713
 20
-4.5638351574803151
 30
0
 11
6.0864881889763778
 21
-4.5629311811023623
 31
0
  0
LINE
  5
B57
330
1B
100
AcDbEntity
  8
F.Silkscreen
  6
CONTINUOUS
100
AcDbLine
 10
6.0864881889763778
 20
-4.5629311811023623
 30
0
 11
6.0877666141732281
 21
-4.561652755905512
 31
0
  0
LINE
  5
B58
330
1B
100
AcDbEntity
  8
F.Silkscreen
  6
CONTINUOUS
100
AcDbLine
 10
6.0877666141732281
 20
-4.561652755905512
 30
0
 11
6.0886705905511809
 21
-4.5614729527559055
 31
0
  0
LINE
  5
B59
330
1B
100
AcDbEntity
  8
F.Silkscreen
  6
CONTINUOUS
100
AcDbLine
 10
6.0886705905511809
 20
-4.5614729527559055
 30
0
 11
6.1973320078740155
 21
-4.5614729527559055
 31
0
  0
LINE
  5
B5A
330
1B
100
AcDbEntity
  8
F.Silkscreen
  6
CONTINUOUS
100
AcDbLine
 10
6.1973320078740155
 20
-4.5614729527559055
 30
0
 11
6.1982359842519683
 21
-4.561652755905512
 31
0
  0
LINE
  5
B5B
330
1B
100
AcDbEntity
  8
F.Silkscreen
  6
CONTINUOUS
100
AcDbLine
 10
6.6159525196850391
 20
-4.4933456692913385
 30
0
 11
6.6172309448818893
 21
-4.4946240944881888
 31
0
  0
LINE
  5
B5C
330
1B
100
AcDbEntity
  8
F.Silkscreen
  6
CONTINUOUS
100
AcDbLine
 10
6.6172309448818893
 20
-4.4946240944881888
 30
0
 11
6.6174107480314959
 21
-4.4955280708661416
 31
0
  0
LINE
  5
B5D
330
1B
100
AcDbEntity
  8
F.Silkscreen
  6
CONTINUOUS
100
AcDbLine
 10
6.6174107480314959
 20
-4.4955280708661416
 30
0
 11
6.6174107480314959
 21
-4.5854887007874012
 31
0
  0
LINE
  5
B5E
330
1B
100
AcDbEntity
  8
F.Silkscreen
  6
CONTINUOUS
100
AcDbLine
 10
6.6174107480314959
 20
-4.5854887007874012
 30
0
 11
6.6172309448818893
 21
-4.586392677165354
 31
0
  0
LINE
  5
B5F
330
1B
100
AcDbEntity
  8
F.Silkscreen
  6
CONTINUOUS
100
AcDbLine
 10
6.6172309448818893
 20
-4.586392677165354
 30
0
 11
6.6159525196850391
 21
-4.5876711023622043
 31
0
  0
LINE
  5
B60
330
1B
100
AcDbEntity
  8
F.Silkscreen
  6
CONTINUOUS
100
AcDbLine
 10
6.6159525196850391
 20
-4.5876711023622043
 30
0
 11
6.6141445669291334
 21
-4.5876711023622043
 31
0
  0
LINE
  5
B61
330
1B
100
AcDbEntity
  8
F.Silkscreen
  6
CONTINUOUS
100
AcDbLine
 10
6.6141445669291334
 20
-4.5876711023622043
 30
0
 11
6.6128661417322832
 21
-4.586392677165354
 31
0
  0
LINE
  5
B62
330
1B
100
AcDbEntity
  8
F.Silkscreen
  6
CONTINUOUS
100
AcDbLine
 10
6.6128661417322832
 20
-4.586392677165354
 30
0
 11
6.6126863385826766
 21
-4.5854887007874012
 31
0
  0
LINE
  5
B63
330
1B
100
AcDbEntity
  8
F.Silkscreen
  6
CONTINUOUS
100
AcDbLine
 10
6.6126863385826766
 20
-4.5854887007874012
 30
0
 11
6.6126863385826766
 21
-4.4978902755905512
 31
0
  0
LINE
  5
B64
330
1B
100
AcDbEntity
  8
F.Silkscreen
  6
CONTINUOUS
100
AcDbLine
 10
6.6126863385826766
 20
-4.4978902755905512
 30
0
 11
6.5595367322834646
 21
-4.4978902755905512
 31
0
  0
LINE
  5
B65
330
1B
100
AcDbEntity
  8
F.Silkscreen
  6
CONTINUOUS
100
AcDbLine
 10
6.5595367322834646
 20
-4.4978902755905512
 30
0
 11
6.5595367322834646
 21
-4.5854887007874012
 31
0
  0
LINE
  5
B66
330
1B
100
AcDbEntity
  8
F.Silkscreen
  6
CONTINUOUS
100
AcDbLine
 10
6.5595367322834646
 20
-4.5854887007874012
 30
0
 11
6.559356929133858
 21
-4.586392677165354
 31
0
  0
LINE
  5
B67
330
1B
100
AcDbEntity
  8
F.Silkscreen
  6
CONTINUOUS
100
AcDbLine
 10
6.559356929133858
 20
-4.586392677165354
 30
0
 11
6.5580785039370078
 21
-4.5876711023622043
 31
0
  0
LINE
  5
B68
330
1B
100
AcDbEntity
  8
F.Silkscreen
  6
CONTINUOUS
100
AcDbLine
 10
6.5580785039370078
 20
-4.5876711023622043
 30
0
 11
6.5562705511811021
 21
-4.5876711023622043
 31
0
  0
LINE
  5
B69
330
1B
100
AcDbEntity
  8
F.Silkscreen
  6
CONTINUOUS
100
AcDbLine
 10
6.5562705511811021
 20
-4.5876711023622043
 30
0
 11
6.5549921259842518
 21
-4.586392677165354
 31
0
  0
LINE
  5
B6A
330
1B
100
AcDbEntity
  8
F.Silkscreen
  6
CONTINUOUS
100
AcDbLine
 10
6.5549921259842518
 20
-4.586392677165354
 30
0
 11
6.5548123228346453
 21
-4.5854887007874012
 31
0
  0
LINE
  5
B6B
330
1B
100
AcDbEntity
  8
F.Silkscreen
  6
CONTINUOUS
100
AcDbLine
 10
6.5548123228346453
 20
-4.5854887007874012
 30
0
 11
6.5548123228346453
 21
-4.4955280708661416
 31
0
  0
LINE
  5
B6C
330
1B
100
AcDbEntity
  8
F.Silkscreen
  6
CONTINUOUS
100
AcDbLine
 10
6.5548123228346453
 20
-4.4955280708661416
 30
0
 11
6.5549921259842518
 21
-4.4946240944881888
 31
0
  0
LINE
  5
B6D
330
1B
100
AcDbEntity
  8
F.Silkscreen
  6
CONTINUOUS
100
AcDbLine
 10
6.5549921259842518
 20
-4.4946240944881888
 30
0
 11
6.5562705511811021
 21
-4.4933456692913385
 31
0
  0
LINE
  5
B6E
330
1B
100
AcDbEntity
  8
F.Silkscreen
  6
CONTINUOUS
100
AcDbLine
 10
6.5562705511811021
 20
-4.4933456692913385
 30
0
 11
6.5571745275590549
 21
-4.493165866141732
 31
0
  0
LINE
  5
B6F
330
1B
100
AcDbEntity
  8
F.Silkscreen
  6
CONTINUOUS
100
AcDbLine
 10
6.5571745275590549
 20
-4.493165866141732
 30
0
 11
6.6150485433070862
 21
-4.493165866141732
 31
0
  0
LINE
  5
B70
330
1B
100
AcDbEntity
  8
F.Silkscreen
  6
CONTINUOUS
100
AcDbLine
 10
6.6150485433070862
 20
-4.493165866141732
 30
0
 11
6.6159525196850391
 21
-4.4933456692913385
 31
0
  0
LINE
  5
B71
330
1B
100
AcDbEntity
  8
F.Silkscreen
  6
CONTINUOUS
100
AcDbLine
 10
5.890088858267716
 20
-4.5185481496062989
 30
0
 11
5.8905406692913385
 21
-4.5199375196850395
 31
0
  0
LINE
  5
B72
330
1B
100
AcDbEntity
  8
F.Silkscreen
  6
CONTINUOUS
100
AcDbLine
 10
5.8905406692913385
 20
-4.5199375196850395
 30
0
 11
5.8905406692913385
 21
-4.5388351574803147
 31
0
  0
LINE
  5
B73
330
1B
100
AcDbEntity
  8
F.Silkscreen
  6
CONTINUOUS
100
AcDbLine
 10
5.8905406692913385
 20
-4.5388351574803147
 30
0
 11
5.8898487795275587
 21
-4.5405054724409446
 31
0
  0
LINE
  5
B74
330
1B
100
AcDbEntity
  8
F.Silkscreen
  6
CONTINUOUS
100
AcDbLine
 10
5.8898487795275587
 20
-4.5405054724409446
 30
0
 11
5.8881784645669288
 21
-4.5411973622047244
 31
0
  0
LINE
  5
B75
330
1B
100
AcDbEntity
  8
F.Silkscreen
  6
CONTINUOUS
100
AcDbLine
 10
5.8881784645669288
 20
-4.5411973622047244
 30
0
 11
5.8867890944881891
 21
-4.5407455511811019
 31
0
  0
LINE
  5
B76
330
1B
100
AcDbEntity
  8
F.Silkscreen
  6
CONTINUOUS
100
AcDbLine
 10
5.8867890944881891
 20
-4.5407455511811019
 30
0
 11
5.8737969685039371
 21
-4.5312967322834643
 31
0
  0
LINE
  5
B77
330
1B
100
AcDbEntity
  8
F.Silkscreen
  6
CONTINUOUS
100
AcDbLine
 10
5.8737969685039371
 20
-4.5312967322834643
 30
0
 11
5.8728530314960627
 21
-4.5297547637795272
 31
0
  0
LINE
  5
B78
330
1B
100
AcDbEntity
  8
F.Silkscreen
  6
CONTINUOUS
100
AcDbLine
 10
5.8728530314960627
 20
-4.5297547637795272
 30
0
 11
5.8732759448818896
 21
-4.5279969685039365
 31
0
  0
LINE
  5
B79
330
1B
100
AcDbEntity
  8
F.Silkscreen
  6
CONTINUOUS
100
AcDbLine
 10
5.8732759448818896
 20
-4.5279969685039365
 30
0
 11
5.8737969685039371
 21
-4.52747594488189
 31
0
  0
LINE
  5
B7A
330
1B
100
AcDbEntity
  8
F.Silkscreen
  6
CONTINUOUS
100
AcDbLine
 10
5.8737969685039371
 20
-4.52747594488189
 30
0
 11
5.8867890944881891
 21
-4.5180271259842515
 31
0
  0
LINE
  5
B7B
330
1B
100
AcDbEntity
  8
F.Silkscreen
  6
CONTINUOUS
100
AcDbLine
 10
5.8867890944881891
 20
-4.5180271259842515
 30
0
 11
5.8885468897637798
 21
-4.5176042125984255
 31
0
  0
LINE
  5
B7C
330
1B
100
AcDbEntity
  8
F.Silkscreen
  6
CONTINUOUS
100
AcDbLine
 10
5.8885468897637798
 20
-4.5176042125984255
 30
0
 11
5.890088858267716
 21
-4.5185481496062989
 31
0
  0
LINE
  5
B7D
330
1B
100
AcDbEntity
  8
F.Silkscreen
  6
CONTINUOUS
100
AcDbLine
 10
6.4992424015748034
 20
-4.5185481496062989
 30
0
 11
6.4996942125984249
 21
-4.5199375196850395
 31
0
  0
LINE
  5
B7E
330
1B
100
AcDbEntity
  8
F.Silkscreen
  6
CONTINUOUS
100
AcDbLine
 10
6.4996942125984249
 20
-4.5199375196850395
 30
0
 11
6.4996942125984249
 21
-4.5388351574803147
 31
0
  0
LINE
  5
B7F
330
1B
100
AcDbEntity
  8
F.Silkscreen
  6
CONTINUOUS
100
AcDbLine
 10
6.4996942125984249
 20
-4.5388351574803147
 30
0
 11
6.4990023228346452
 21
-4.5405054724409446
 31
0
  0
LINE
  5
B80
330
1B
100
AcDbEntity
  8
F.Silkscreen
  6
CONTINUOUS
100
AcDbLine
 10
6.4990023228346452
 20
-4.5405054724409446
 30
0
 11
6.4973320078740153
 21
-4.5411973622047244
 31
0
  0
LINE
  5
B81
330
1B
100
AcDbEntity
  8
F.Silkscreen
  6
CONTINUOUS
100
AcDbLine
 10
6.4973320078740153
 20
-4.5411973622047244
 30
0
 11
6.4959426377952756
 21
-4.5407455511811019
 31
0
  0
LINE
  5
B82
330
1B
100
AcDbEntity
  8
F.Silkscreen
  6
CONTINUOUS
100
AcDbLine
 10
6.4959426377952756
 20
-4.5407455511811019
 30
0
 11
6.4829505118110236
 21
-4.5312967322834643
 31
0
  0
LINE
  5
B83
330
1B
100
AcDbEntity
  8
F.Silkscreen
  6
CONTINUOUS
100
AcDbLine
 10
6.4829505118110236
 20
-4.5312967322834643
 30
0
 11
6.4820065748031492
 21
-4.5297547637795272
 31
0
  0
LINE
  5
B84
330
1B
100
AcDbEntity
  8
F.Silkscreen
  6
CONTINUOUS
100
AcDbLine
 10
6.4820065748031492
 20
-4.5297547637795272
 30
0
 11
6.4824294881889761
 21
-4.5279969685039365
 31
0
  0
LINE
  5
B85
330
1B
100
AcDbEntity
  8
F.Silkscreen
  6
CONTINUOUS
100
AcDbLine
 10
6.4824294881889761
 20
-4.5279969685039365
 30
0
 11
6.4829505118110236
 21
-4.52747594488189
 31
0
  0
LINE
  5
B86
330
1B
100
AcDbEntity
  8
F.Silkscreen
  6
CONTINUOUS
100
AcDbLine
 10
6.4829505118110236
 20
-4.52747594488189
 30
0
 11
6.4959426377952756
 21
-4.5180271259842515
 31
0
  0
LINE
  5
B87
330
1B
100
AcDbEntity
  8
F.Silkscreen
  6
CONTINUOUS
100
AcDbLine
 10
6.4959426377952756
 20
-4.5180271259842515
 30
0
 11
6.4977004330708663
 21
-4.5176042125984255
 31
0
  0
LINE
  5
B88
330
1B
100
AcDbEntity
  8
F.Silkscreen
  6
CONTINUOUS
100
AcDbLine
 10
6.4977004330708663
 20
-4.5176042125984255
 30
0
 11
6.4992424015748034
 21
-4.5185481496062989
 31
0
  0
LINE
  5
B89
330
1B
100
AcDbEntity
  8
F.Silkscreen
  6
CONTINUOUS
100
AcDbLine
 10
7.0310075590551175
 20
-4.4442366535433067
 30
0
 11
7.033136377952756
 21
-4.4451184645669288
 31
0
  0
LINE
  5
B8A
330
1B
100
AcDbEntity
  8
F.Silkscreen
  6
CONTINUOUS
100
AcDbLine
 10
7.033136377952756
 20
-4.4451184645669288
 30
0
 11
7.0347656692913381
 21
-4.4467477559055117
 31
0
  0
LINE
  5
B8B
330
1B
100
AcDbEntity
  8
F.Silkscreen
  6
CONTINUOUS
100
AcDbLine
 10
7.0347656692913381
 20
-4.4467477559055117
 30
0
 11
7.0356474803149602
 21
-4.4488765748031494
 31
0
  0
LINE
  5
B8C
330
1B
100
AcDbEntity
  8
F.Silkscreen
  6
CONTINUOUS
100
AcDbLine
 10
7.0356474803149602
 20
-4.4488765748031494
 30
0
 11
7.0356474803149602
 21
-4.4511808267716537
 31
0
  0
LINE
  5
B8D
330
1B
100
AcDbEntity
  8
F.Silkscreen
  6
CONTINUOUS
100
AcDbLine
 10
7.0356474803149602
 20
-4.4511808267716537
 30
0
 11
7.0347656692913381
 21
-4.4533096456692913
 31
0
  0
LINE
  5
B8E
330
1B
100
AcDbEntity
  8
F.Silkscreen
  6
CONTINUOUS
100
AcDbLine
 10
7.0347656692913381
 20
-4.4533096456692913
 30
0
 11
7.033136377952756
 21
-4.4549389370078742
 31
0
  0
LINE
  5
B8F
330
1B
100
AcDbEntity
  8
F.Silkscreen
  6
CONTINUOUS
100
AcDbLine
 10
7.033136377952756
 20
-4.4549389370078742
 30
0
 11
7.0310075590551175
 21
-4.4558207480314955
 31
0
  0
LINE
  5
B90
330
1B
100
AcDbEntity
  8
F.Silkscreen
  6
CONTINUOUS
100
AcDbLine
 10
7.0310075590551175
 20
-4.4558207480314955
 30
0
 11
7.0298554330708658
 21
-4.4559342125984251
 31
0
  0
LINE
  5
B91
330
1B
100
AcDbEntity
  8
F.Silkscreen
  6
CONTINUOUS
100
AcDbLine
 10
7.0298554330708658
 20
-4.4559342125984251
 30
0
 11
7.0003159055118109
 21
-4.4559342125984251
 31
0
  0
LINE
  5
B92
330
1B
100
AcDbEntity
  8
F.Silkscreen
  6
CONTINUOUS
100
AcDbLine
 10
7.0003159055118109
 20
-4.4559342125984251
 30
0
 11
6.997699212598425
 21
-4.4572425196850389
 31
0
  0
LINE
  5
B93
330
1B
100
AcDbEntity
  8
F.Silkscreen
  6
CONTINUOUS
100
AcDbLine
 10
6.997699212598425
 20
-4.4572425196850389
 30
0
 11
6.9963908661417324
 21
-4.4598592519685036
 31
0
  0
LINE
  5
B94
330
1B
100
AcDbEntity
  8
F.Silkscreen
  6
CONTINUOUS
100
AcDbLine
 10
6.9963908661417324
 20
-4.4598592519685036
 30
0
 11
6.9963908661417324
 21
-4.4655074803149608
 31
0
  0
LINE
  5
B95
330
1B
100
AcDbEntity
  8
F.Silkscreen
  6
CONTINUOUS
100
AcDbLine
 10
6.9963908661417324
 20
-4.4655074803149608
 30
0
 11
6.997699212598425
 21
-4.4681242125984255
 31
0
  0
LINE
  5
B96
330
1B
100
AcDbEntity
  8
F.Silkscreen
  6
CONTINUOUS
100
AcDbLine
 10
6.997699212598425
 20
-4.4681242125984255
 30
0
 11
7.0003159055118109
 21
-4.469432559055118
 31
0
  0
LINE
  5
B97
330
1B
100
AcDbEntity
  8
F.Silkscreen
  6
CONTINUOUS
100
AcDbLine
 10
7.0003159055118109
 20
-4.469432559055118
 30
0
 11
7.0298554330708658
 21
-4.469432559055118
 31
0
  0
LINE
  5
B98
330
1B
100
AcDbEntity
  8
F.Silkscreen
  6
CONTINUOUS
100
AcDbLine
 10
7.0298554330708658
 20
-4.469432559055118
 30
0
 11
7.0310075590551175
 21
-4.4695460236220468
 31
0
  0
LINE
  5
B99
330
1B
100
AcDbEntity
  8
F.Silkscreen
  6
CONTINUOUS
100
AcDbLine
 10
7.0310075590551175
 20
-4.4695460236220468
 30
0
 11
7.033136377952756
 21
-4.470427834645669
 31
0
  0
LINE
  5
B9A
330
1B
100
AcDbEntity
  8
F.Silkscreen
  6
CONTINUOUS
100
AcDbLine
 10
7.033136377952756
 20
-4.470427834645669
 30
0
 11
7.0347656692913381
 21
-4.4720571259842519
 31
0
  0
LINE
  5
B9B
330
1B
100
AcDbEntity
  8
F.Silkscreen
  6
CONTINUOUS
100
AcDbLine
 10
7.0347656692913381
 20
-4.4720571259842519
 30
0
 11
7.0356474803149602
 21
-4.4741859448818895
 31
0
  0
LINE
  5
B9C
330
1B
100
AcDbEntity
  8
F.Silkscreen
  6
CONTINUOUS
100
AcDbLine
 10
7.0356474803149602
 20
-4.4741859448818895
 30
0
 11
7.0356474803149602
 21
-4.4764901968503938
 31
0
  0
LINE
  5
B9D
330
1B
100
AcDbEntity
  8
F.Silkscreen
  6
CONTINUOUS
100
AcDbLine
 10
7.0356474803149602
 20
-4.4764901968503938
 30
0
 11
7.0347656692913381
 21
-4.4786190157480315
 31
0
  0
LINE
  5
B9E
330
1B
100
AcDbEntity
  8
F.Silkscreen
  6
CONTINUOUS
100
AcDbLine
 10
7.0347656692913381
 20
-4.4786190157480315
 30
0
 11
7.033136377952756
 21
-4.4802483070866144
 31
0
  0
LINE
  5
B9F
330
1B
100
AcDbEntity
  8
F.Silkscreen
  6
CONTINUOUS
100
AcDbLine
 10
7.033136377952756
 20
-4.4802483070866144
 30
0
 11
7.0310075590551175
 21
-4.4811301181102365
 31
0
  0
LINE
  5
BA0
330
1B
100
AcDbEntity
  8
F.Silkscreen
  6
CONTINUOUS
100
AcDbLine
 10
7.0310075590551175
 20
-4.4811301181102365
 30
0
 11
7.0298554330708658
 21
-4.4812435826771653
 31
0
  0
LINE
  5
BA1
330
1B
100
AcDbEntity
  8
F.Silkscreen
  6
CONTINUOUS
100
AcDbLine
 10
7.0298554330708658
 20
-4.4812435826771653
 30
0
 11
7.0003159055118109
 21
-4.4812435826771653
 31
0
  0
LINE
  5
BA2
330
1B
100
AcDbEntity
  8
F.Silkscreen
  6
CONTINUOUS
100
AcDbLine
 10
7.0003159055118109
 20
-4.4812435826771653
 30
0
 11
6.997699212598425
 21
-4.4825518897637791
 31
0
  0
LINE
  5
BA3
330
1B
100
AcDbEntity
  8
F.Silkscreen
  6
CONTINUOUS
100
AcDbLine
 10
6.997699212598425
 20
-4.4825518897637791
 30
0
 11
6.9963908661417324
 21
-4.485168582677165
 31
0
  0
LINE
  5
BA4
330
1B
100
AcDbEntity
  8
F.Silkscreen
  6
CONTINUOUS
100
AcDbLine
 10
6.9963908661417324
 20
-4.485168582677165
 30
0
 11
6.9963908661417324
 21
-4.4908168110236222
 31
0
  0
LINE
  5
BA5
330
1B
100
AcDbEntity
  8
F.Silkscreen
  6
CONTINUOUS
100
AcDbLine
 10
6.9963908661417324
 20
-4.4908168110236222
 30
0
 11
6.9981509842519687
 21
-4.4943370866141734
 31
0
  0
LINE
  5
BA6
330
1B
100
AcDbEntity
  8
F.Silkscreen
  6
CONTINUOUS
100
AcDbLine
 10
6.9981509842519687
 20
-4.4943370866141734
 30
0
 11
6.9985558267716534
 21
-4.4947418897637794
 31
0
  0
LINE
  5
BA7
330
1B
100
AcDbEntity
  8
F.Silkscreen
  6
CONTINUOUS
100
AcDbLine
 10
6.9985558267716534
 20
-4.4947418897637794
 30
0
 11
7.0298554330708658
 21
-4.4947418897637794
 31
0
  0
LINE
  5
BA8
330
1B
100
AcDbEntity
  8
F.Silkscreen
  6
CONTINUOUS
100
AcDbLine
 10
7.0298554330708658
 20
-4.4947418897637794
 30
0
 11
7.0310075590551175
 21
-4.4948553543307082
 31
0
  0
LINE
  5
BA9
330
1B
100
AcDbEntity
  8
F.Silkscreen
  6
CONTINUOUS
100
AcDbLine
 10
7.0310075590551175
 20
-4.4948553543307082
 30
0
 11
7.033136377952756
 21
-4.4957371653543303
 31
0
  0
LINE
  5
BAA
330
1B
100
AcDbEntity
  8
F.Silkscreen
  6
CONTINUOUS
100
AcDbLine
 10
7.033136377952756
 20
-4.4957371653543303
 30
0
 11
7.0347656692913381
 21
-4.4973664566929132
 31
0
  0
LINE
  5
BAB
330
1B
100
AcDbEntity
  8
F.Silkscreen
  6
CONTINUOUS
100
AcDbLine
 10
7.0347656692913381
 20
-4.4973664566929132
 30
0
 11
7.0356474803149602
 21
-4.4994952755905508
 31
0
  0
LINE
  5
BAC
330
1B
100
AcDbEntity
  8
F.Silkscreen
  6
CONTINUOUS
100
AcDbLine
 10
7.0356474803149602
 20
-4.4994952755905508
 30
0
 11
7.0356474803149602
 21
-4.5017995275590552
 31
0
  0
LINE
  5
BAD
330
1B
100
AcDbEntity
  8
F.Silkscreen
  6
CONTINUOUS
100
AcDbLine
 10
7.0356474803149602
 20
-4.5017995275590552
 30
0
 11
7.0347656692913381
 21
-4.5039283464566928
 31
0
  0
LINE
  5
BAE
330
1B
100
AcDbEntity
  8
F.Silkscreen
  6
CONTINUOUS
100
AcDbLine
 10
7.0347656692913381
 20
-4.5039283464566928
 30
0
 11
7.033136377952756
 21
-4.5055576377952757
 31
0
  0
LINE
  5
BAF
330
1B
100
AcDbEntity
  8
F.Silkscreen
  6
CONTINUOUS
100
AcDbLine
 10
7.033136377952756
 20
-4.5055576377952757
 30
0
 11
7.0310075590551175
 21
-4.5064394488188979
 31
0
  0
LINE
  5
BB0
330
1B
100
AcDbEntity
  8
F.Silkscreen
  6
CONTINUOUS
100
AcDbLine
 10
7.0310075590551175
 20
-4.5064394488188979
 30
0
 11
7.0298554330708658
 21
-4.5065529133858266
 31
0
  0
LINE
  5
BB1
330
1B
100
AcDbEntity
  8
F.Silkscreen
  6
CONTINUOUS
100
AcDbLine
 10
7.0298554330708658
 20
-4.5065529133858266
 30
0
 11
6.9904853543307084
 21
-4.5065529133858266
 31
0
  0
LINE
  5
BB2
330
1B
100
AcDbEntity
  8
F.Silkscreen
  6
CONTINUOUS
100
AcDbLine
 10
6.9904853543307084
 20
-4.5065529133858266
 30
0
 11
6.9893332283464567
 21
-4.5064394488188979
 31
0
  0
LINE
  5
BB3
330
1B
100
AcDbEntity
  8
F.Silkscreen
  6
CONTINUOUS
100
AcDbLine
 10
6.9893332283464567
 20
-4.5064394488188979
 30
0
 11
6.987204409448819
 21
-4.5055576377952757
 31
0
  0
LINE
  5
BB4
330
1B
100
AcDbEntity
  8
F.Silkscreen
  6
CONTINUOUS
100
AcDbLine
 10
6.987204409448819
 20
-4.5055576377952757
 30
0
 11
6.9855751181102361
 21
-4.5039283464566928
 31
0
  0
LINE
  5
BB5
330
1B
100
AcDbEntity
  8
F.Silkscreen
  6
CONTINUOUS
100
AcDbLine
 10
6.9855751181102361
 20
-4.5039283464566928
 30
0
 11
6.984693307086614
 21
-4.5017995275590552
 31
0
  0
LINE
  5
BB6
330
1B
100
AcDbEntity
  8
F.Silkscreen
  6
CONTINUOUS
100
AcDbLine
 10
6.984693307086614
 20
-4.5017995275590552
 30
0
 11
6.984693307086614
 21
-4.4994952755905508
 31
0
  0
LINE
  5
BB7
330
1B
100
AcDbEntity
  8
F.Silkscreen
  6
CONTINUOUS
100
AcDbLine
 10
6.984693307086614
 20
-4.4994952755905508
 30
0
 11
6.9855751181102361
 21
-4.4973664566929132
 31
0
  0
LINE
  5
BB8
330
1B
100
AcDbEntity
  8
F.Silkscreen
  6
CONTINUOUS
100
AcDbLine
 10
6.9855751181102361
 20
-4.4973664566929132
 30
0
 11
6.9861653937007873
 21
-4.4967761417322833
 31
0
  0
LINE
  5
BB9
330
1B
100
AcDbEntity
  8
F.Silkscreen
  6
CONTINUOUS
100
AcDbLine
 10
6.9861653937007873
 20
-4.4967761417322833
 30
0
 11
6.9852033070866142
 21
-4.4948519685039372
 31
0
  0
LINE
  5
BBA
330
1B
100
AcDbEntity
  8
F.Silkscreen
  6
CONTINUOUS
100
AcDbLine
 10
6.9852033070866142
 20
-4.4948519685039372
 30
0
 11
6.984789566929134
 21
-4.4937707480314959
 31
0
  0
LINE
  5
BBB
330
1B
100
AcDbEntity
  8
F.Silkscreen
  6
CONTINUOUS
100
AcDbLine
 10
6.984789566929134
 20
-4.4937707480314959
 30
0
 11
6.9847745275590549
 21
-4.4935591338582679
 31
0
  0
LINE
  5
BBC
330
1B
100
AcDbEntity
  8
F.Silkscreen
  6
CONTINUOUS
100
AcDbLine
 10
6.9847745275590549
 20
-4.4935591338582679
 30
0
 11
6.984693307086614
 21
-4.4933630708661418
 31
0
  0
LINE
  5
BBD
330
1B
100
AcDbEntity
  8
F.Silkscreen
  6
CONTINUOUS
100
AcDbLine
 10
6.984693307086614
 20
-4.4933630708661418
 30
0
 11
6.9845798425196852
 21
-4.4922109448818901
 31
0
  0
LINE
  5
BBE
330
1B
100
AcDbEntity
  8
F.Silkscreen
  6
CONTINUOUS
100
AcDbLine
 10
6.9845798425196852
 20
-4.4922109448818901
 30
0
 11
6.9845798425196852
 21
-4.4837744881889758
 31
0
  0
LINE
  5
BBF
330
1B
100
AcDbEntity
  8
F.Silkscreen
  6
CONTINUOUS
100
AcDbLine
 10
6.9845798425196852
 20
-4.4837744881889758
 30
0
 11
6.984693307086614
 21
-4.4826223622047241
 31
0
  0
LINE
  5
BC0
330
1B
100
AcDbEntity
  8
F.Silkscreen
  6
CONTINUOUS
100
AcDbLine
 10
6.984693307086614
 20
-4.4826223622047241
 30
0
 11
6.9847745275590549
 21
-4.4824262598425193
 31
0
  0
LINE
  5
BC1
330
1B
100
AcDbEntity
  8
F.Silkscreen
  6
CONTINUOUS
100
AcDbLine
 10
6.9847745275590549
 20
-4.4824262598425193
 30
0
 11
6.984789566929134
 21
-4.48221468503937
 31
0
  0
LINE
  5
BC2
330
1B
100
AcDbEntity
  8
F.Silkscreen
  6
CONTINUOUS
100
AcDbLine
 10
6.984789566929134
 20
-4.48221468503937
 30
0
 11
6.9852033070866142
 21
-4.4811334645669287
 31
0
  0
LINE
  5
BC3
330
1B
100
AcDbEntity
  8
F.Silkscreen
  6
CONTINUOUS
100
AcDbLine
 10
6.9852033070866142
 20
-4.4811334645669287
 30
0
 11
6.9880154724409449
 21
-4.4755091732283461
 31
0
  0
LINE
  5
BC4
330
1B
100
AcDbEntity
  8
F.Silkscreen
  6
CONTINUOUS
100
AcDbLine
 10
6.9880154724409449
 20
-4.4755091732283461
 30
0
 11
6.9881231496062988
 21
-4.4753380314960625
 31
0
  0
LINE
  5
BC5
330
1B
100
AcDbEntity
  8
F.Silkscreen
  6
CONTINUOUS
100
AcDbLine
 10
6.9881231496062988
 20
-4.4753380314960625
 30
0
 11
6.9880154724409449
 21
-4.4751669291338585
 31
0
  0
LINE
  5
BC6
330
1B
100
AcDbEntity
  8
F.Silkscreen
  6
CONTINUOUS
100
AcDbLine
 10
6.9880154724409449
 20
-4.4751669291338585
 30
0
 11
6.9852033070866142
 21
-4.4695426377952758
 31
0
  0
LINE
  5
BC7
330
1B
100
AcDbEntity
  8
F.Silkscreen
  6
CONTINUOUS
100
AcDbLine
 10
6.9852033070866142
 20
-4.4695426377952758
 30
0
 11
6.984789566929134
 21
-4.4684614173228345
 31
0
  0
LINE
  5
BC8
330
1B
100
AcDbEntity
  8
F.Silkscreen
  6
CONTINUOUS
100
AcDbLine
 10
6.984789566929134
 20
-4.4684614173228345
 30
0
 11
6.9847745275590549
 21
-4.4682498031496065
 31
0
  0
LINE
  5
BC9
330
1B
100
AcDbEntity
  8
F.Silkscreen
  6
CONTINUOUS
100
AcDbLine
 10
6.9847745275590549
 20
-4.4682498031496065
 30
0
 11
6.984693307086614
 21
-4.4680537401574805
 31
0
  0
LINE
  5
BCA
330
1B
100
AcDbEntity
  8
F.Silkscreen
  6
CONTINUOUS
100
AcDbLine
 10
6.984693307086614
 20
-4.4680537401574805
 30
0
 11
6.9845798425196852
 21
-4.4669016141732278
 31
0
  0
LINE
  5
BCB
330
1B
100
AcDbEntity
  8
F.Silkscreen
  6
CONTINUOUS
100
AcDbLine
 10
6.9845798425196852
 20
-4.4669016141732278
 30
0
 11
6.9845798425196852
 21
-4.4584651574803145
 31
0
  0
LINE
  5
BCC
330
1B
100
AcDbEntity
  8
F.Silkscreen
  6
CONTINUOUS
100
AcDbLine
 10
6.9845798425196852
 20
-4.4584651574803145
 30
0
 11
6.984693307086614
 21
-4.4573130314960627
 31
0
  0
LINE
  5
BCD
330
1B
100
AcDbEntity
  8
F.Silkscreen
  6
CONTINUOUS
100
AcDbLine
 10
6.984693307086614
 20
-4.4573130314960627
 30
0
 11
6.9847745275590549
 21
-4.4571169291338579
 31
0
  0
LINE
  5
BCE
330
1B
100
AcDbEntity
  8
F.Silkscreen
  6
CONTINUOUS
100
AcDbLine
 10
6.9847745275590549
 20
-4.4571169291338579
 30
0
 11
6.984789566929134
 21
-4.4569053543307087
 31
0
  0
LINE
  5
BCF
330
1B
100
AcDbEntity
  8
F.Silkscreen
  6
CONTINUOUS
100
AcDbLine
 10
6.984789566929134
 20
-4.4569053543307087
 30
0
 11
6.9852033070866142
 21
-4.4558241338582674
 31
0
  0
LINE
  5
BD0
330
1B
100
AcDbEntity
  8
F.Silkscreen
  6
CONTINUOUS
100
AcDbLine
 10
6.9852033070866142
 20
-4.4558241338582674
 30
0
 11
6.9880154724409449
 21
-4.4501998425196847
 31
0
  0
LINE
  5
BD1
330
1B
100
AcDbEntity
  8
F.Silkscreen
  6
CONTINUOUS
100
AcDbLine
 10
6.9880154724409449
 20
-4.4501998425196847
 30
0
 11
6.9881366535433065
 21
-4.4500072834645668
 31
0
  0
LINE
  5
BD2
330
1B
100
AcDbEntity
  8
F.Silkscreen
  6
CONTINUOUS
100
AcDbLine
 10
6.9881366535433065
 20
-4.4500072834645668
 30
0
 11
6.9881670078740159
 21
-4.4499162992125987
 31
0
  0
LINE
  5
BD3
330
1B
100
AcDbEntity
  8
F.Silkscreen
  6
CONTINUOUS
100
AcDbLine
 10
6.9881670078740159
 20
-4.4499162992125987
 30
0
 11
6.9882652755905514
 21
-4.4498029527559053
 31
0
  0
LINE
  5
BD4
330
1B
100
AcDbEntity
  8
F.Silkscreen
  6
CONTINUOUS
100
AcDbLine
 10
6.9882652755905514
 20
-4.4498029527559053
 30
0
 11
6.9886322047244089
 21
-4.449220078740157
 31
0
  0
LINE
  5
BD5
330
1B
100
AcDbEntity
  8
F.Silkscreen
  6
CONTINUOUS
100
AcDbLine
 10
6.9886322047244089
 20
-4.449220078740157
 30
0
 11
6.9891915354330711
 21
-4.4487349606299214
 31
0
  0
LINE
  5
BD6
330
1B
100
AcDbEntity
  8
F.Silkscreen
  6
CONTINUOUS
100
AcDbLine
 10
6.9891915354330711
 20
-4.4487349606299214
 30
0
 11
6.9896767322834643
 21
-4.4481755511811025
 31
0
  0
LINE
  5
BD7
330
1B
100
AcDbEntity
  8
F.Silkscreen
  6
CONTINUOUS
100
AcDbLine
 10
6.9896767322834643
 20
-4.4481755511811025
 30
0
 11
6.9902597637795276
 21
-4.4478085039370079
 31
0
  0
LINE
  5
BD8
330
1B
100
AcDbEntity
  8
F.Silkscreen
  6
CONTINUOUS
100
AcDbLine
 10
6.9902597637795276
 20
-4.4478085039370079
 30
0
 11
6.9903729527559051
 21
-4.4477103937007874
 31
0
  0
LINE
  5
BD9
330
1B
100
AcDbEntity
  8
F.Silkscreen
  6
CONTINUOUS
100
AcDbLine
 10
6.9903729527559051
 20
-4.4477103937007874
 30
0
 11
6.990463779527559
 21
-4.4476800787401576
 31
0
  0
LINE
  5
BDA
330
1B
100
AcDbEntity
  8
F.Silkscreen
  6
CONTINUOUS
100
AcDbLine
 10
6.990463779527559
 20
-4.4476800787401576
 30
0
 11
6.990656496062992
 21
-4.4475588188976376
 31
0
  0
LINE
  5
BDB
330
1B
100
AcDbEntity
  8
F.Silkscreen
  6
CONTINUOUS
100
AcDbLine
 10
6.990656496062992
 20
-4.4475588188976376
 30
0
 11
6.9962807480314959
 21
-4.4447466535433069
 31
0
  0
LINE
  5
BDC
330
1B
100
AcDbEntity
  8
F.Silkscreen
  6
CONTINUOUS
100
AcDbLine
 10
6.9962807480314959
 20
-4.4447466535433069
 30
0
 11
6.997362007874016
 21
-4.4443329133858267
 31
0
  0
LINE
  5
BDD
330
1B
100
AcDbEntity
  8
F.Silkscreen
  6
CONTINUOUS
100
AcDbLine
 10
6.997362007874016
 20
-4.4443329133858267
 30
0
 11
6.9975735826771652
 21
-4.4443178740157476
 31
0
  0
LINE
  5
BDE
330
1B
100
AcDbEntity
  8
F.Silkscreen
  6
CONTINUOUS
100
AcDbLine
 10
6.9975735826771652
 20
-4.4443178740157476
 30
0
 11
6.99776968503937
 21
-4.4442366535433067
 31
0
  0
LINE
  5
BDF
330
1B
100
AcDbEntity
  8
F.Silkscreen
  6
CONTINUOUS
100
AcDbLine
 10
6.99776968503937
 20
-4.4442366535433067
 30
0
 11
6.9989218110236218
 21
-4.4441231889763779
 31
0
  0
LINE
  5
BE0
330
1B
100
AcDbEntity
  8
F.Silkscreen
  6
CONTINUOUS
100
AcDbLine
 10
6.9989218110236218
 20
-4.4441231889763779
 30
0
 11
7.0298554330708658
 21
-4.4441231889763779
 31
0
  0
LINE
  5
BE1
330
1B
100
AcDbEntity
  8
F.Silkscreen
  6
CONTINUOUS
100
AcDbLine
 10
7.0298554330708658
 20
-4.4441231889763779
 30
0
 11
7.0310075590551175
 21
-4.4442366535433067
 31
0
  0
LINE
  5
BE2
330
1B
100
AcDbEntity
  8
F.Silkscreen
  6
CONTINUOUS
100
AcDbLine
 10
6.2994159842519686
 20
-4.4375909842519681
 30
0
 11
6.2995957874015742
 21
-4.4384949606299209
 31
0
  0
LINE
  5
BE3
330
1B
100
AcDbEntity
  8
F.Silkscreen
  6
CONTINUOUS
100
AcDbLine
 10
6.2995957874015742
 20
-4.4384949606299209
 30
0
 11
6.2995957874015742
 21
-4.4505926771653543
 31
0
  0
LINE
  5
BE4
330
1B
100
AcDbEntity
  8
F.Silkscreen
  6
CONTINUOUS
100
AcDbLine
 10
6.2995957874015742
 20
-4.4505926771653543
 30
0
 11
6.2994159842519686
 21
-4.4514966535433071
 31
0
  0
LINE
  5
BE5
330
1B
100
AcDbEntity
  8
F.Silkscreen
  6
CONTINUOUS
100
AcDbLine
 10
6.2994159842519686
 20
-4.4514966535433071
 30
0
 11
6.2981375590551183
 21
-4.4527750787401574
 31
0
  0
LINE
  5
BE6
330
1B
100
AcDbEntity
  8
F.Silkscreen
  6
CONTINUOUS
100
AcDbLine
 10
6.2981375590551183
 20
-4.4527750787401574
 30
0
 11
6.2963296062992127
 21
-4.4527750787401574
 31
0
  0
LINE
  5
BE7
330
1B
100
AcDbEntity
  8
F.Silkscreen
  6
CONTINUOUS
100
AcDbLine
 10
6.2963296062992127
 20
-4.4527750787401574
 30
0
 11
6.2950511811023624
 21
-4.4514966535433071
 31
0
  0
LINE
  5
BE8
330
1B
100
AcDbEntity
  8
F.Silkscreen
  6
CONTINUOUS
100
AcDbLine
 10
6.2950511811023624
 20
-4.4514966535433071
 30
0
 11
6.2948713779527559
 21
-4.4505926771653543
 31
0
  0
LINE
  5
BE9
330
1B
100
AcDbEntity
  8
F.Silkscreen
  6
CONTINUOUS
100
AcDbLine
 10
6.2948713779527559
 20
-4.4505926771653543
 30
0
 11
6.2948713779527559
 21
-4.4384949606299209
 31
0
  0
LINE
  5
BEA
330
1B
100
AcDbEntity
  8
F.Silkscreen
  6
CONTINUOUS
100
AcDbLine
 10
6.2948713779527559
 20
-4.4384949606299209
 30
0
 11
6.2950511811023624
 21
-4.4375909842519681
 31
0
  0
LINE
  5
BEB
330
1B
100
AcDbEntity
  8
F.Silkscreen
  6
CONTINUOUS
100
AcDbLine
 10
6.2950511811023624
 20
-4.4375909842519681
 30
0
 11
6.2963296062992127
 21
-4.4363125590551178
 31
0
  0
LINE
  5
BEC
330
1B
100
AcDbEntity
  8
F.Silkscreen
  6
CONTINUOUS
100
AcDbLine
 10
6.2963296062992127
 20
-4.4363125590551178
 30
0
 11
6.2981375590551183
 21
-4.4363125590551178
 31
0
  0
LINE
  5
BED
330
1B
100
AcDbEntity
  8
F.Silkscreen
  6
CONTINUOUS
100
AcDbLine
 10
6.2981375590551183
 20
-4.4363125590551178
 30
0
 11
6.2994159842519686
 21
-4.4375909842519681
 31
0
  0
LINE
  5
BEE
330
1B
100
AcDbEntity
  8
F.Silkscreen
  6
CONTINUOUS
100
AcDbLine
 10
6.3293372440944884
 20
-4.4375909842519681
 30
0
 11
6.329517047244094
 21
-4.4384949606299209
 31
0
  0
LINE
  5
BEF
330
1B
100
AcDbEntity
  8
F.Silkscreen
  6
CONTINUOUS
100
AcDbLine
 10
6.329517047244094
 20
-4.4384949606299209
 30
0
 11
6.329517047244094
 21
-4.4505926771653543
 31
0
  0
LINE
  5
BF0
330
1B
100
AcDbEntity
  8
F.Silkscreen
  6
CONTINUOUS
100
AcDbLine
 10
6.329517047244094
 20
-4.4505926771653543
 30
0
 11
6.3293372440944884
 21
-4.4514966535433071
 31
0
  0
LINE
  5
BF1
330
1B
100
AcDbEntity
  8
F.Silkscreen
  6
CONTINUOUS
100
AcDbLine
 10
6.3293372440944884
 20
-4.4514966535433071
 30
0
 11
6.3280588188976372
 21
-4.4527750787401574
 31
0
  0
LINE
  5
BF2
330
1B
100
AcDbEntity
  8
F.Silkscreen
  6
CONTINUOUS
100
AcDbLine
 10
6.3280588188976372
 20
-4.4527750787401574
 30
0
 11
6.3262508661417325
 21
-4.4527750787401574
 31
0
  0
LINE
  5
BF3
330
1B
100
AcDbEntity
  8
F.Silkscreen
  6
CONTINUOUS
100
AcDbLine
 10
6.3262508661417325
 20
-4.4527750787401574
 30
0
 11
6.3249724409448813
 21
-4.4514966535433071
 31
0
  0
LINE
  5
BF4
330
1B
100
AcDbEntity
  8
F.Silkscreen
  6
CONTINUOUS
100
AcDbLine
 10
6.3249724409448813
 20
-4.4514966535433071
 30
0
 11
6.3247926377952757
 21
-4.4505926771653543
 31
0
  0
LINE
  5
BF5
330
1B
100
AcDbEntity
  8
F.Silkscreen
  6
CONTINUOUS
100
AcDbLine
 10
6.3247926377952757
 20
-4.4505926771653543
 30
0
 11
6.3247926377952757
 21
-4.4384949606299209
 31
0
  0
LINE
  5
BF6
330
1B
100
AcDbEntity
  8
F.Silkscreen
  6
CONTINUOUS
100
AcDbLine
 10
6.3247926377952757
 20
-4.4384949606299209
 30
0
 11
6.3249724409448813
 21
-4.4375909842519681
 31
0
  0
LINE
  5
BF7
330
1B
100
AcDbEntity
  8
F.Silkscreen
  6
CONTINUOUS
100
AcDbLine
 10
6.3249724409448813
 20
-4.4375909842519681
 30
0
 11
6.3262508661417325
 21
-4.4363125590551178
 31
0
  0
LINE
  5
BF8
330
1B
100
AcDbEntity
  8
F.Silkscreen
  6
CONTINUOUS
100
AcDbLine
 10
6.3262508661417325
 20
-4.4363125590551178
 30
0
 11
6.3280588188976372
 21
-4.4363125590551178
 31
0
  0
LINE
  5
BF9
330
1B
100
AcDbEntity
  8
F.Silkscreen
  6
CONTINUOUS
100
AcDbLine
 10
6.3280588188976372
 20
-4.4363125590551178
 30
0
 11
6.3293372440944884
 21
-4.4375909842519681
 31
0
  0
LINE
  5
BFA
330
1B
100
AcDbEntity
  8
F.Silkscreen
  6
CONTINUOUS
100
AcDbLine
 10
6.3490222834645671
 20
-4.4375909842519681
 30
0
 11
6.3492020866141727
 21
-4.4384949606299209
 31
0
  0
LINE
  5
BFB
330
1B
100
AcDbEntity
  8
F.Silkscreen
  6
CONTINUOUS
100
AcDbLine
 10
6.3492020866141727
 20
-4.4384949606299209
 30
0
 11
6.3492020866141727
 21
-4.4505926771653543
 31
0
  0
LINE
  5
BFC
330
1B
100
AcDbEntity
  8
F.Silkscreen
  6
CONTINUOUS
100
AcDbLine
 10
6.3492020866141727
 20
-4.4505926771653543
 30
0
 11
6.3490222834645671
 21
-4.4514966535433071
 31
0
  0
LINE
  5
BFD
330
1B
100
AcDbEntity
  8
F.Silkscreen
  6
CONTINUOUS
100
AcDbLine
 10
6.3490222834645671
 20
-4.4514966535433071
 30
0
 11
6.3477438582677168
 21
-4.4527750787401574
 31
0
  0
LINE
  5
BFE
330
1B
100
AcDbEntity
  8
F.Silkscreen
  6
CONTINUOUS
100
AcDbLine
 10
6.3477438582677168
 20
-4.4527750787401574
 30
0
 11
6.3459359055118112
 21
-4.4527750787401574
 31
0
  0
LINE
  5
BFF
330
1B
100
AcDbEntity
  8
F.Silkscreen
  6
CONTINUOUS
100
AcDbLine
 10
6.3459359055118112
 20
-4.4527750787401574
 30
0
 11
6.3446574803149609
 21
-4.4514966535433071
 31
0
  0
LINE
  5
C00
330
1B
100
AcDbEntity
  8
F.Silkscreen
  6
CONTINUOUS
100
AcDbLine
 10
6.3446574803149609
 20
-4.4514966535433071
 30
0
 11
6.3444776771653544
 21
-4.4505926771653543
 31
0
  0
LINE
  5
C01
330
1B
100
AcDbEntity
  8
F.Silkscreen
  6
CONTINUOUS
100
AcDbLine
 10
6.3444776771653544
 20
-4.4505926771653543
 30
0
 11
6.3444776771653544
 21
-4.4384949606299209
 31
0
  0
LINE
  5
C02
330
1B
100
AcDbEntity
  8
F.Silkscreen
  6
CONTINUOUS
100
AcDbLine
 10
6.3444776771653544
 20
-4.4384949606299209
 30
0
 11
6.3446574803149609
 21
-4.4375909842519681
 31
0
  0
LINE
  5
C03
330
1B
100
AcDbEntity
  8
F.Silkscreen
  6
CONTINUOUS
100
AcDbLine
 10
6.3446574803149609
 20
-4.4375909842519681
 30
0
 11
6.3459359055118112
 21
-4.4363125590551178
 31
0
  0
LINE
  5
C04
330
1B
100
AcDbEntity
  8
F.Silkscreen
  6
CONTINUOUS
100
AcDbLine
 10
6.3459359055118112
 20
-4.4363125590551178
 30
0
 11
6.3477438582677168
 21
-4.4363125590551178
 31
0
  0
LINE
  5
C05
330
1B
100
AcDbEntity
  8
F.Silkscreen
  6
CONTINUOUS
100
AcDbLine
 10
6.3477438582677168
 20
-4.4363125590551178
 30
0
 11
6.3490222834645671
 21
-4.4375909842519681
 31
0
  0
LINE
  5
C06
330
1B
100
AcDbEntity
  8
F.Silkscreen
  6
CONTINUOUS
100
AcDbLine
 10
6.3789435433070869
 20
-4.4375909842519681
 30
0
 11
6.3791233464566925
 21
-4.4384949606299209
 31
0
  0
LINE
  5
C07
330
1B
100
AcDbEntity
  8
F.Silkscreen
  6
CONTINUOUS
100
AcDbLine
 10
6.3791233464566925
 20
-4.4384949606299209
 30
0
 11
6.3791233464566925
 21
-4.4505926771653543
 31
0
  0
LINE
  5
C08
330
1B
100
AcDbEntity
  8
F.Silkscreen
  6
CONTINUOUS
100
AcDbLine
 10
6.3791233464566925
 20
-4.4505926771653543
 30
0
 11
6.3789435433070869
 21
-4.4514966535433071
 31
0
  0
LINE
  5
C09
330
1B
100
AcDbEntity
  8
F.Silkscreen
  6
CONTINUOUS
100
AcDbLine
 10
6.3789435433070869
 20
-4.4514966535433071
 30
0
 11
6.3776651181102357
 21
-4.4527750787401574
 31
0
  0
LINE
  5
C0A
330
1B
100
AcDbEntity
  8
F.Silkscreen
  6
CONTINUOUS
100
AcDbLine
 10
6.3776651181102357
 20
-4.4527750787401574
 30
0
 11
6.375857165354331
 21
-4.4527750787401574
 31
0
  0
LINE
  5
C0B
330
1B
100
AcDbEntity
  8
F.Silkscreen
  6
CONTINUOUS
100
AcDbLine
 10
6.375857165354331
 20
-4.4527750787401574
 30
0
 11
6.3745787401574798
 21
-4.4514966535433071
 31
0
  0
LINE
  5
C0C
330
1B
100
AcDbEntity
  8
F.Silkscreen
  6
CONTINUOUS
100
AcDbLine
 10
6.3745787401574798
 20
-4.4514966535433071
 30
0
 11
6.3743989370078742
 21
-4.4505926771653543
 31
0
  0
LINE
  5
C0D
330
1B
100
AcDbEntity
  8
F.Silkscreen
  6
CONTINUOUS
100
AcDbLine
 10
6.3743989370078742
 20
-4.4505926771653543
 30
0
 11
6.3743989370078742
 21
-4.4384949606299209
 31
0
  0
LINE
  5
C0E
330
1B
100
AcDbEntity
  8
F.Silkscreen
  6
CONTINUOUS
100
AcDbLine
 10
6.3743989370078742
 20
-4.4384949606299209
 30
0
 11
6.3745787401574798
 21
-4.4375909842519681
 31
0
  0
LINE
  5
C0F
330
1B
100
AcDbEntity
  8
F.Silkscreen
  6
CONTINUOUS
100
AcDbLine
 10
6.3745787401574798
 20
-4.4375909842519681
 30
0
 11
6.375857165354331
 21
-4.4363125590551178
 31
0
  0
LINE
  5
C10
330
1B
100
AcDbEntity
  8
F.Silkscreen
  6
CONTINUOUS
100
AcDbLine
 10
6.375857165354331
 20
-4.4363125590551178
 30
0
 11
6.3776651181102357
 21
-4.4363125590551178
 31
0
  0
LINE
  5
C11
330
1B
100
AcDbEntity
  8
F.Silkscreen
  6
CONTINUOUS
100
AcDbLine
 10
6.3776651181102357
 20
-4.4363125590551178
 30
0
 11
6.3789435433070869
 21
-4.4375909842519681
 31
0
  0
LINE
  5
C12
330
1B
100
AcDbEntity
  8
F.Silkscreen
  6
CONTINUOUS
100
AcDbLine
 10
6.4509907874015751
 20
-4.4375909842519681
 30
0
 11
6.4511705905511807
 21
-4.4384949606299209
 31
0
  0
LINE
  5
C13
330
1B
100
AcDbEntity
  8
F.Silkscreen
  6
CONTINUOUS
100
AcDbLine
 10
6.4511705905511807
 20
-4.4384949606299209
 30
0
 11
6.4511705905511807
 21
-4.4505926771653543
 31
0
  0
LINE
  5
C14
330
1B
100
AcDbEntity
  8
F.Silkscreen
  6
CONTINUOUS
100
AcDbLine
 10
6.4511705905511807
 20
-4.4505926771653543
 30
0
 11
6.4509907874015751
 21
-4.4514966535433071
 31
0
  0
LINE
  5
C15
330
1B
100
AcDbEntity
  8
F.Silkscreen
  6
CONTINUOUS
100
AcDbLine
 10
6.4509907874015751
 20
-4.4514966535433071
 30
0
 11
6.4497123622047239
 21
-4.4527750787401574
 31
0
  0
LINE
  5
C16
330
1B
100
AcDbEntity
  8
F.Silkscreen
  6
CONTINUOUS
100
AcDbLine
 10
6.4497123622047239
 20
-4.4527750787401574
 30
0
 11
6.4479044094488192
 21
-4.4527750787401574
 31
0
  0
LINE
  5
C17
330
1B
100
AcDbEntity
  8
F.Silkscreen
  6
CONTINUOUS
100
AcDbLine
 10
6.4479044094488192
 20
-4.4527750787401574
 30
0
 11
6.446625984251968
 21
-4.4514966535433071
 31
0
  0
LINE
  5
C18
330
1B
100
AcDbEntity
  8
F.Silkscreen
  6
CONTINUOUS
100
AcDbLine
 10
6.446625984251968
 20
-4.4514966535433071
 30
0
 11
6.4464461811023623
 21
-4.4505926771653543
 31
0
  0
LINE
  5
C19
330
1B
100
AcDbEntity
  8
F.Silkscreen
  6
CONTINUOUS
100
AcDbLine
 10
6.4464461811023623
 20
-4.4505926771653543
 30
0
 11
6.4464461811023623
 21
-4.4384949606299209
 31
0
  0
LINE
  5
C1A
330
1B
100
AcDbEntity
  8
F.Silkscreen
  6
CONTINUOUS
100
AcDbLine
 10
6.4464461811023623
 20
-4.4384949606299209
 30
0
 11
6.446625984251968
 21
-4.4375909842519681
 31
0
  0
LINE
  5
C1B
330
1B
100
AcDbEntity
  8
F.Silkscreen
  6
CONTINUOUS
100
AcDbLine
 10
6.446625984251968
 20
-4.4375909842519681
 30
0
 11
6.4479044094488192
 21
-4.4363125590551178
 31
0
  0
LINE
  5
C1C
330
1B
100
AcDbEntity
  8
F.Silkscreen
  6
CONTINUOUS
100
AcDbLine
 10
6.4479044094488192
 20
-4.4363125590551178
 30
0
 11
6.4497123622047239
 21
-4.4363125590551178
 31
0
  0
LINE
  5
C1D
330
1B
100
AcDbEntity
  8
F.Silkscreen
  6
CONTINUOUS
100
AcDbLine
 10
6.4497123622047239
 20
-4.4363125590551178
 30
0
 11
6.4509907874015751
 21
-4.4375909842519681
 31
0
  0
LINE
  5
C1E
330
1B
100
AcDbEntity
  8
F.Silkscreen
  6
CONTINUOUS
100
AcDbLine
 10
6.480912047244094
 20
-4.4375909842519681
 30
0
 11
6.4810918503937005
 21
-4.4384949606299209
 31
0
  0
LINE
  5
C1F
330
1B
100
AcDbEntity
  8
F.Silkscreen
  6
CONTINUOUS
100
AcDbLine
 10
6.4810918503937005
 20
-4.4384949606299209
 30
0
 11
6.4810918503937005
 21
-4.4505926771653543
 31
0
  0
LINE
  5
C20
330
1B
100
AcDbEntity
  8
F.Silkscreen
  6
CONTINUOUS
100
AcDbLine
 10
6.4810918503937005
 20
-4.4505926771653543
 30
0
 11
6.480912047244094
 21
-4.4514966535433071
 31
0
  0
LINE
  5
C21
330
1B
100
AcDbEntity
  8
F.Silkscreen
  6
CONTINUOUS
100
AcDbLine
 10
6.480912047244094
 20
-4.4514966535433071
 30
0
 11
6.4796336220472437
 21
-4.4527750787401574
 31
0
  0
LINE
  5
C22
330
1B
100
AcDbEntity
  8
F.Silkscreen
  6
CONTINUOUS
100
AcDbLine
 10
6.4796336220472437
 20
-4.4527750787401574
 30
0
 11
6.4778256692913381
 21
-4.4527750787401574
 31
0
  0
LINE
  5
C23
330
1B
100
AcDbEntity
  8
F.Silkscreen
  6
CONTINUOUS
100
AcDbLine
 10
6.4778256692913381
 20
-4.4527750787401574
 30
0
 11
6.4765472440944878
 21
-4.4514966535433071
 31
0
  0
LINE
  5
C24
330
1B
100
AcDbEntity
  8
F.Silkscreen
  6
CONTINUOUS
100
AcDbLine
 10
6.4765472440944878
 20
-4.4514966535433071
 30
0
 11
6.4763674409448821
 21
-4.4505926771653543
 31
0
  0
LINE
  5
C25
330
1B
100
AcDbEntity
  8
F.Silkscreen
  6
CONTINUOUS
100
AcDbLine
 10
6.4763674409448821
 20
-4.4505926771653543
 30
0
 11
6.4763674409448821
 21
-4.4384949606299209
 31
0
  0
LINE
  5
C26
330
1B
100
AcDbEntity
  8
F.Silkscreen
  6
CONTINUOUS
100
AcDbLine
 10
6.4763674409448821
 20
-4.4384949606299209
 30
0
 11
6.4765472440944878
 21
-4.4375909842519681
 31
0
  0
LINE
  5
C27
330
1B
100
AcDbEntity
  8
F.Silkscreen
  6
CONTINUOUS
100
AcDbLine
 10
6.4765472440944878
 20
-4.4375909842519681
 30
0
 11
6.4778256692913381
 21
-4.4363125590551178
 31
0
  0
LINE
  5
C28
330
1B
100
AcDbEntity
  8
F.Silkscreen
  6
CONTINUOUS
100
AcDbLine
 10
6.4778256692913381
 20
-4.4363125590551178
 30
0
 11
6.4796336220472437
 21
-4.4363125590551178
 31
0
  0
LINE
  5
C29
330
1B
100
AcDbEntity
  8
F.Silkscreen
  6
CONTINUOUS
100
AcDbLine
 10
6.4796336220472437
 20
-4.4363125590551178
 30
0
 11
6.480912047244094
 21
-4.4375909842519681
 31
0
  0
LINE
  5
C2A
330
1B
100
AcDbEntity
  8
F.Silkscreen
  6
CONTINUOUS
100
AcDbLine
 10
5.6905577165354329
 20
-4.4334571259842521
 30
0
 11
5.6907375196850394
 21
-4.4343611023622049
 31
0
  0
LINE
  5
C2B
330
1B
100
AcDbEntity
  8
F.Silkscreen
  6
CONTINUOUS
100
AcDbLine
 10
5.6907375196850394
 20
-4.4343611023622049
 30
0
 11
5.6907375196850394
 21
-4.4464588188976375
 31
0
  0
LINE
  5
C2C
330
1B
100
AcDbEntity
  8
F.Silkscreen
  6
CONTINUOUS
100
AcDbLine
 10
5.6907375196850394
 20
-4.4464588188976375
 30
0
 11
5.6905577165354329
 21
-4.4473627952755903
 31
0
  0
LINE
  5
C2D
330
1B
100
AcDbEntity
  8
F.Silkscreen
  6
CONTINUOUS
100
AcDbLine
 10
5.6905577165354329
 20
-4.4473627952755903
 30
0
 11
5.6892792913385826
 21
-4.4486412204724406
 31
0
  0
LINE
  5
C2E
330
1B
100
AcDbEntity
  8
F.Silkscreen
  6
CONTINUOUS
100
AcDbLine
 10
5.6892792913385826
 20
-4.4486412204724406
 30
0
 11
5.6874713385826769
 21
-4.4486412204724406
 31
0
  0
LINE
  5
C2F
330
1B
100
AcDbEntity
  8
F.Silkscreen
  6
CONTINUOUS
100
AcDbLine
 10
5.6874713385826769
 20
-4.4486412204724406
 30
0
 11
5.6861929133858267
 21
-4.4473627952755903
 31
0
  0
LINE
  5
C30
330
1B
100
AcDbEntity
  8
F.Silkscreen
  6
CONTINUOUS
100
AcDbLine
 10
5.6861929133858267
 20
-4.4473627952755903
 30
0
 11
5.6860131102362201
 21
-4.4464588188976375
 31
0
  0
LINE
  5
C31
330
1B
100
AcDbEntity
  8
F.Silkscreen
  6
CONTINUOUS
100
AcDbLine
 10
5.6860131102362201
 20
-4.4464588188976375
 30
0
 11
5.6860131102362201
 21
-4.4343611023622049
 31
0
  0
LINE
  5
C32
330
1B
100
AcDbEntity
  8
F.Silkscreen
  6
CONTINUOUS
100
AcDbLine
 10
5.6860131102362201
 20
-4.4343611023622049
 30
0
 11
5.6861929133858267
 21
-4.4334571259842521
 31
0
  0
LINE
  5
C33
330
1B
100
AcDbEntity
  8
F.Silkscreen
  6
CONTINUOUS
100
AcDbLine
 10
5.6861929133858267
 20
-4.4334571259842521
 30
0
 11
5.6874713385826769
 21
-4.4321787007874018
 31
0
  0
LINE
  5
C34
330
1B
100
AcDbEntity
  8
F.Silkscreen
  6
CONTINUOUS
100
AcDbLine
 10
5.6874713385826769
 20
-4.4321787007874018
 30
0
 11
5.6892792913385826
 21
-4.4321787007874018
 31
0
  0
LINE
  5
C35
330
1B
100
AcDbEntity
  8
F.Silkscreen
  6
CONTINUOUS
100
AcDbLine
 10
5.6892792913385826
 20
-4.4321787007874018
 30
0
 11
5.6905577165354329
 21
-4.4334571259842521
 31
0
  0
LINE
  5
C36
330
1B
100
AcDbEntity
  8
F.Silkscreen
  6
CONTINUOUS
100
AcDbLine
 10
5.7204789763779527
 20
-4.4334571259842521
 30
0
 11
5.7206587795275592
 21
-4.4343611023622049
 31
0
  0
LINE
  5
C37
330
1B
100
AcDbEntity
  8
F.Silkscreen
  6
CONTINUOUS
100
AcDbLine
 10
5.7206587795275592
 20
-4.4343611023622049
 30
0
 11
5.7206587795275592
 21
-4.4464588188976375
 31
0
  0
LINE
  5
C38
330
1B
100
AcDbEntity
  8
F.Silkscreen
  6
CONTINUOUS
100
AcDbLine
 10
5.7206587795275592
 20
-4.4464588188976375
 30
0
 11
5.7204789763779527
 21
-4.4473627952755903
 31
0
  0
LINE
  5
C39
330
1B
100
AcDbEntity
  8
F.Silkscreen
  6
CONTINUOUS
100
AcDbLine
 10
5.7204789763779527
 20
-4.4473627952755903
 30
0
 11
5.7192005511811024
 21
-4.4486412204724406
 31
0
  0
LINE
  5
C3A
330
1B
100
AcDbEntity
  8
F.Silkscreen
  6
CONTINUOUS
100
AcDbLine
 10
5.7192005511811024
 20
-4.4486412204724406
 30
0
 11
5.7173925984251968
 21
-4.4486412204724406
 31
0
  0
LINE
  5
C3B
330
1B
100
AcDbEntity
  8
F.Silkscreen
  6
CONTINUOUS
100
AcDbLine
 10
5.7173925984251968
 20
-4.4486412204724406
 30
0
 11
5.7161141732283465
 21
-4.4473627952755903
 31
0
  0
LINE
  5
C3C
330
1B
100
AcDbEntity
  8
F.Silkscreen
  6
CONTINUOUS
100
AcDbLine
 10
5.7161141732283465
 20
-4.4473627952755903
 30
0
 11
5.7159343700787399
 21
-4.4464588188976375
 31
0
  0
LINE
  5
C3D
330
1B
100
AcDbEntity
  8
F.Silkscreen
  6
CONTINUOUS
100
AcDbLine
 10
5.7159343700787399
 20
-4.4464588188976375
 30
0
 11
5.7159343700787399
 21
-4.4343611023622049
 31
0
  0
LINE
  5
C3E
330
1B
100
AcDbEntity
  8
F.Silkscreen
  6
CONTINUOUS
100
AcDbLine
 10
5.7159343700787399
 20
-4.4343611023622049
 30
0
 11
5.7161141732283465
 21
-4.4334571259842521
 31
0
  0
LINE
  5
C3F
330
1B
100
AcDbEntity
  8
F.Silkscreen
  6
CONTINUOUS
100
AcDbLine
 10
5.7161141732283465
 20
-4.4334571259842521
 30
0
 11
5.7173925984251968
 21
-4.4321787007874018
 31
0
  0
LINE
  5
C40
330
1B
100
AcDbEntity
  8
F.Silkscreen
  6
CONTINUOUS
100
AcDbLine
 10
5.7173925984251968
 20
-4.4321787007874018
 30
0
 11
5.7192005511811024
 21
-4.4321787007874018
 31
0
  0
LINE
  5
C41
330
1B
100
AcDbEntity
  8
F.Silkscreen
  6
CONTINUOUS
100
AcDbLine
 10
5.7192005511811024
 20
-4.4321787007874018
 30
0
 11
5.7204789763779527
 21
-4.4334571259842521
 31
0
  0
LINE
  5
C42
330
1B
100
AcDbEntity
  8
F.Silkscreen
  6
CONTINUOUS
100
AcDbLine
 10
5.7389829133858266
 20
-4.4334571259842521
 30
0
 11
5.7391627165354331
 21
-4.4343611023622049
 31
0
  0
LINE
  5
C43
330
1B
100
AcDbEntity
  8
F.Silkscreen
  6
CONTINUOUS
100
AcDbLine
 10
5.7391627165354331
 20
-4.4343611023622049
 30
0
 11
5.7391627165354331
 21
-4.4464588188976375
 31
0
  0
LINE
  5
C44
330
1B
100
AcDbEntity
  8
F.Silkscreen
  6
CONTINUOUS
100
AcDbLine
 10
5.7391627165354331
 20
-4.4464588188976375
 30
0
 11
5.7389829133858266
 21
-4.4473627952755903
 31
0
  0
LINE
  5
C45
330
1B
100
AcDbEntity
  8
F.Silkscreen
  6
CONTINUOUS
100
AcDbLine
 10
5.7389829133858266
 20
-4.4473627952755903
 30
0
 11
5.7377044881889763
 21
-4.4486412204724406
 31
0
  0
LINE
  5
C46
330
1B
100
AcDbEntity
  8
F.Silkscreen
  6
CONTINUOUS
100
AcDbLine
 10
5.7377044881889763
 20
-4.4486412204724406
 30
0
 11
5.7358965354330707
 21
-4.4486412204724406
 31
0
  0
LINE
  5
C47
330
1B
100
AcDbEntity
  8
F.Silkscreen
  6
CONTINUOUS
100
AcDbLine
 10
5.7358965354330707
 20
-4.4486412204724406
 30
0
 11
5.7346181102362204
 21
-4.4473627952755903
 31
0
  0
LINE
  5
C48
330
1B
100
AcDbEntity
  8
F.Silkscreen
  6
CONTINUOUS
100
AcDbLine
 10
5.7346181102362204
 20
-4.4473627952755903
 30
0
 11
5.7344383070866138
 21
-4.4464588188976375
 31
0
  0
LINE
  5
C49
330
1B
100
AcDbEntity
  8
F.Silkscreen
  6
CONTINUOUS
100
AcDbLine
 10
5.7344383070866138
 20
-4.4464588188976375
 30
0
 11
5.7344383070866138
 21
-4.4343611023622049
 31
0
  0
LINE
  5
C4A
330
1B
100
AcDbEntity
  8
F.Silkscreen
  6
CONTINUOUS
100
AcDbLine
 10
5.7344383070866138
 20
-4.4343611023622049
 30
0
 11
5.7346181102362204
 21
-4.4334571259842521
 31
0
  0
LINE
  5
C4B
330
1B
100
AcDbEntity
  8
F.Silkscreen
  6
CONTINUOUS
100
AcDbLine
 10
5.7346181102362204
 20
-4.4334571259842521
 30
0
 11
5.7358965354330707
 21
-4.4321787007874018
 31
0
  0
LINE
  5
C4C
330
1B
100
AcDbEntity
  8
F.Silkscreen
  6
CONTINUOUS
100
AcDbLine
 10
5.7358965354330707
 20
-4.4321787007874018
 30
0
 11
5.7377044881889763
 21
-4.4321787007874018
 31
0
  0
LINE
  5
C4D
330
1B
100
AcDbEntity
  8
F.Silkscreen
  6
CONTINUOUS
100
AcDbLine
 10
5.7377044881889763
 20
-4.4321787007874018
 30
0
 11
5.7389829133858266
 21
-4.4334571259842521
 31
0
  0
LINE
  5
C4E
330
1B
100
AcDbEntity
  8
F.Silkscreen
  6
CONTINUOUS
100
AcDbLine
 10
5.7689041732283464
 20
-4.4334571259842521
 30
0
 11
5.7690839763779529
 21
-4.4343611023622049
 31
0
  0
LINE
  5
C4F
330
1B
100
AcDbEntity
  8
F.Silkscreen
  6
CONTINUOUS
100
AcDbLine
 10
5.7690839763779529
 20
-4.4343611023622049
 30
0
 11
5.7690839763779529
 21
-4.4464588188976375
 31
0
  0
LINE
  5
C50
330
1B
100
AcDbEntity
  8
F.Silkscreen
  6
CONTINUOUS
100
AcDbLine
 10
5.7690839763779529
 20
-4.4464588188976375
 30
0
 11
5.7689041732283464
 21
-4.4473627952755903
 31
0
  0
LINE
  5
C51
330
1B
100
AcDbEntity
  8
F.Silkscreen
  6
CONTINUOUS
100
AcDbLine
 10
5.7689041732283464
 20
-4.4473627952755903
 30
0
 11
5.7676257480314961
 21
-4.4486412204724406
 31
0
  0
LINE
  5
C52
330
1B
100
AcDbEntity
  8
F.Silkscreen
  6
CONTINUOUS
100
AcDbLine
 10
5.7676257480314961
 20
-4.4486412204724406
 30
0
 11
5.7658177952755905
 21
-4.4486412204724406
 31
0
  0
LINE
  5
C53
330
1B
100
AcDbEntity
  8
F.Silkscreen
  6
CONTINUOUS
100
AcDbLine
 10
5.7658177952755905
 20
-4.4486412204724406
 30
0
 11
5.7645393700787402
 21
-4.4473627952755903
 31
0
  0
LINE
  5
C54
330
1B
100
AcDbEntity
  8
F.Silkscreen
  6
CONTINUOUS
100
AcDbLine
 10
5.7645393700787402
 20
-4.4473627952755903
 30
0
 11
5.7643595669291336
 21
-4.4464588188976375
 31
0
  0
LINE
  5
C55
330
1B
100
AcDbEntity
  8
F.Silkscreen
  6
CONTINUOUS
100
AcDbLine
 10
5.7643595669291336
 20
-4.4464588188976375
 30
0
 11
5.7643595669291336
 21
-4.4343611023622049
 31
0
  0
LINE
  5
C56
330
1B
100
AcDbEntity
  8
F.Silkscreen
  6
CONTINUOUS
100
AcDbLine
 10
5.7643595669291336
 20
-4.4343611023622049
 30
0
 11
5.7645393700787402
 21
-4.4334571259842521
 31
0
  0
LINE
  5
C57
330
1B
100
AcDbEntity
  8
F.Silkscreen
  6
CONTINUOUS
100
AcDbLine
 10
5.7645393700787402
 20
-4.4334571259842521
 30
0
 11
5.7658177952755905
 21
-4.4321787007874018
 31
0
  0
LINE
  5
C58
330
1B
100
AcDbEntity
  8
F.Silkscreen
  6
CONTINUOUS
100
AcDbLine
 10
5.7658177952755905
 20
-4.4321787007874018
 30
0
 11
5.7676257480314961
 21
-4.4321787007874018
 31
0
  0
LINE
  5
C59
330
1B
100
AcDbEntity
  8
F.Silkscreen
  6
CONTINUOUS
100
AcDbLine
 10
5.7676257480314961
 20
-4.4321787007874018
 30
0
 11
5.7689041732283464
 21
-4.4334571259842521
 31
0
  0
LINE
  5
C5A
330
1B
100
AcDbEntity
  8
F.Silkscreen
  6
CONTINUOUS
100
AcDbLine
 10
5.8366207086614175
 20
-4.4334571259842521
 30
0
 11
5.8368005118110231
 21
-4.4343611023622049
 31
0
  0
LINE
  5
C5B
330
1B
100
AcDbEntity
  8
F.Silkscreen
  6
CONTINUOUS
100
AcDbLine
 10
5.8368005118110231
 20
-4.4343611023622049
 30
0
 11
5.8368005118110231
 21
-4.4464588188976375
 31
0
  0
LINE
  5
C5C
330
1B
100
AcDbEntity
  8
F.Silkscreen
  6
CONTINUOUS
100
AcDbLine
 10
5.8368005118110231
 20
-4.4464588188976375
 30
0
 11
5.8366207086614175
 21
-4.4473627952755903
 31
0
  0
LINE
  5
C5D
330
1B
100
AcDbEntity
  8
F.Silkscreen
  6
CONTINUOUS
100
AcDbLine
 10
5.8366207086614175
 20
-4.4473627952755903
 30
0
 11
5.8353422834645672
 21
-4.4486412204724406
 31
0
  0
LINE
  5
C5E
330
1B
100
AcDbEntity
  8
F.Silkscreen
  6
CONTINUOUS
100
AcDbLine
 10
5.8353422834645672
 20
-4.4486412204724406
 30
0
 11
5.8335343307086616
 21
-4.4486412204724406
 31
0
  0
LINE
  5
C5F
330
1B
100
AcDbEntity
  8
F.Silkscreen
  6
CONTINUOUS
100
AcDbLine
 10
5.8335343307086616
 20
-4.4486412204724406
 30
0
 11
5.8322559055118113
 21
-4.4473627952755903
 31
0
  0
LINE
  5
C60
330
1B
100
AcDbEntity
  8
F.Silkscreen
  6
CONTINUOUS
100
AcDbLine
 10
5.8322559055118113
 20
-4.4473627952755903
 30
0
 11
5.8320761023622048
 21
-4.4464588188976375
 31
0
  0
LINE
  5
C61
330
1B
100
AcDbEntity
  8
F.Silkscreen
  6
CONTINUOUS
100
AcDbLine
 10
5.8320761023622048
 20
-4.4464588188976375
 30
0
 11
5.8320761023622048
 21
-4.4343611023622049
 31
0
  0
LINE
  5
C62
330
1B
100
AcDbEntity
  8
F.Silkscreen
  6
CONTINUOUS
100
AcDbLine
 10
5.8320761023622048
 20
-4.4343611023622049
 30
0
 11
5.8322559055118113
 21
-4.4334571259842521
 31
0
  0
LINE
  5
C63
330
1B
100
AcDbEntity
  8
F.Silkscreen
  6
CONTINUOUS
100
AcDbLine
 10
5.8322559055118113
 20
-4.4334571259842521
 30
0
 11
5.8335343307086616
 21
-4.4321787007874018
 31
0
  0
LINE
  5
C64
330
1B
100
AcDbEntity
  8
F.Silkscreen
  6
CONTINUOUS
100
AcDbLine
 10
5.8335343307086616
 20
-4.4321787007874018
 30
0
 11
5.8353422834645672
 21
-4.4321787007874018
 31
0
  0
LINE
  5
C65
330
1B
100
AcDbEntity
  8
F.Silkscreen
  6
CONTINUOUS
100
AcDbLine
 10
5.8353422834645672
 20
-4.4321787007874018
 30
0
 11
5.8366207086614175
 21
-4.4334571259842521
 31
0
  0
LINE
  5
C66
330
1B
100
AcDbEntity
  8
F.Silkscreen
  6
CONTINUOUS
100
AcDbLine
 10
5.8665419685039373
 20
-4.4334571259842521
 30
0
 11
5.8667217716535429
 21
-4.4343611023622049
 31
0
  0
LINE
  5
C67
330
1B
100
AcDbEntity
  8
F.Silkscreen
  6
CONTINUOUS
100
AcDbLine
 10
5.8667217716535429
 20
-4.4343611023622049
 30
0
 11
5.8667217716535429
 21
-4.4464588188976375
 31
0
  0
LINE
  5
C68
330
1B
100
AcDbEntity
  8
F.Silkscreen
  6
CONTINUOUS
100
AcDbLine
 10
5.8667217716535429
 20
-4.4464588188976375
 30
0
 11
5.8665419685039373
 21
-4.4473627952755903
 31
0
  0
LINE
  5
C69
330
1B
100
AcDbEntity
  8
F.Silkscreen
  6
CONTINUOUS
100
AcDbLine
 10
5.8665419685039373
 20
-4.4473627952755903
 30
0
 11
5.8652635433070861
 21
-4.4486412204724406
 31
0
  0
LINE
  5
C6A
330
1B
100
AcDbEntity
  8
F.Silkscreen
  6
CONTINUOUS
100
AcDbLine
 10
5.8652635433070861
 20
-4.4486412204724406
 30
0
 11
5.8634555905511814
 21
-4.4486412204724406
 31
0
  0
LINE
  5
C6B
330
1B
100
AcDbEntity
  8
F.Silkscreen
  6
CONTINUOUS
100
AcDbLine
 10
5.8634555905511814
 20
-4.4486412204724406
 30
0
 11
5.8621771653543302
 21
-4.4473627952755903
 31
0
  0
LINE
  5
C6C
330
1B
100
AcDbEntity
  8
F.Silkscreen
  6
CONTINUOUS
100
AcDbLine
 10
5.8621771653543302
 20
-4.4473627952755903
 30
0
 11
5.8619973622047246
 21
-4.4464588188976375
 31
0
  0
LINE
  5
C6D
330
1B
100
AcDbEntity
  8
F.Silkscreen
  6
CONTINUOUS
100
AcDbLine
 10
5.8619973622047246
 20
-4.4464588188976375
 30
0
 11
5.8619973622047246
 21
-4.4343611023622049
 31
0
  0
LINE
  5
C6E
330
1B
100
AcDbEntity
  8
F.Silkscreen
  6
CONTINUOUS
100
AcDbLine
 10
5.8619973622047246
 20
-4.4343611023622049
 30
0
 11
5.8621771653543302
 21
-4.4334571259842521
 31
0
  0
LINE
  5
C6F
330
1B
100
AcDbEntity
  8
F.Silkscreen
  6
CONTINUOUS
100
AcDbLine
 10
5.8621771653543302
 20
-4.4334571259842521
 30
0
 11
5.8634555905511814
 21
-4.4321787007874018
 31
0
  0
LINE
  5
C70
330
1B
100
AcDbEntity
  8
F.Silkscreen
  6
CONTINUOUS
100
AcDbLine
 10
5.8634555905511814
 20
-4.4321787007874018
 30
0
 11
5.8652635433070861
 21
-4.4321787007874018
 31
0
  0
LINE
  5
C71
330
1B
100
AcDbEntity
  8
F.Silkscreen
  6
CONTINUOUS
100
AcDbLine
 10
5.8652635433070861
 20
-4.4321787007874018
 30
0
 11
5.8665419685039373
 21
-4.4334571259842521
 31
0
  0
LINE
  5
C72
330
1B
100
AcDbEntity
  8
F.Silkscreen
  6
CONTINUOUS
100
AcDbLine
 10
7.0310075590551175
 20
-4.3654964960629918
 30
0
 11
7.033136377952756
 21
-4.366378307086614
 31
0
  0
LINE
  5
C73
330
1B
100
AcDbEntity
  8
F.Silkscreen
  6
CONTINUOUS
100
AcDbLine
 10
7.033136377952756
 20
-4.366378307086614
 30
0
 11
7.0347656692913381
 21
-4.3680075984251969
 31
0
  0
LINE
  5
C74
330
1B
100
AcDbEntity
  8
F.Silkscreen
  6
CONTINUOUS
100
AcDbLine
 10
7.0347656692913381
 20
-4.3680075984251969
 30
0
 11
7.0356474803149602
 21
-4.3701364173228345
 31
0
  0
LINE
  5
C75
330
1B
100
AcDbEntity
  8
F.Silkscreen
  6
CONTINUOUS
100
AcDbLine
 10
7.0356474803149602
 20
-4.3701364173228345
 30
0
 11
7.0356474803149602
 21
-4.3724406692913389
 31
0
  0
LINE
  5
C76
330
1B
100
AcDbEntity
  8
F.Silkscreen
  6
CONTINUOUS
100
AcDbLine
 10
7.0356474803149602
 20
-4.3724406692913389
 30
0
 11
7.0347656692913381
 21
-4.3745694881889765
 31
0
  0
LINE
  5
C77
330
1B
100
AcDbEntity
  8
F.Silkscreen
  6
CONTINUOUS
100
AcDbLine
 10
7.0347656692913381
 20
-4.3745694881889765
 30
0
 11
7.033136377952756
 21
-4.3761987795275585
 31
0
  0
LINE
  5
C78
330
1B
100
AcDbEntity
  8
F.Silkscreen
  6
CONTINUOUS
100
AcDbLine
 10
7.033136377952756
 20
-4.3761987795275585
 30
0
 11
7.0310075590551175
 21
-4.3770805905511807
 31
0
  0
LINE
  5
C79
330
1B
100
AcDbEntity
  8
F.Silkscreen
  6
CONTINUOUS
100
AcDbLine
 10
7.0310075590551175
 20
-4.3770805905511807
 30
0
 11
7.0298554330708658
 21
-4.3771940551181103
 31
0
  0
LINE
  5
C7A
330
1B
100
AcDbEntity
  8
F.Silkscreen
  6
CONTINUOUS
100
AcDbLine
 10
7.0298554330708658
 20
-4.3771940551181103
 30
0
 11
7.0003159055118109
 21
-4.3771940551181103
 31
0
  0
LINE
  5
C7B
330
1B
100
AcDbEntity
  8
F.Silkscreen
  6
CONTINUOUS
100
AcDbLine
 10
7.0003159055118109
 20
-4.3771940551181103
 30
0
 11
6.997699212598425
 21
-4.3785023622047241
 31
0
  0
LINE
  5
C7C
330
1B
100
AcDbEntity
  8
F.Silkscreen
  6
CONTINUOUS
100
AcDbLine
 10
6.997699212598425
 20
-4.3785023622047241
 30
0
 11
6.9963908661417324
 21
-4.3811190944881888
 31
0
  0
LINE
  5
C7D
330
1B
100
AcDbEntity
  8
F.Silkscreen
  6
CONTINUOUS
100
AcDbLine
 10
6.9963908661417324
 20
-4.3811190944881888
 30
0
 11
6.9963908661417324
 21
-4.386767322834646
 31
0
  0
LINE
  5
C7E
330
1B
100
AcDbEntity
  8
F.Silkscreen
  6
CONTINUOUS
100
AcDbLine
 10
6.9963908661417324
 20
-4.386767322834646
 30
0
 11
6.997699212598425
 21
-4.3893840551181098
 31
0
  0
LINE
  5
C7F
330
1B
100
AcDbEntity
  8
F.Silkscreen
  6
CONTINUOUS
100
AcDbLine
 10
6.997699212598425
 20
-4.3893840551181098
 30
0
 11
7.0003159055118109
 21
-4.3906924015748032
 31
0
  0
LINE
  5
C80
330
1B
100
AcDbEntity
  8
F.Silkscreen
  6
CONTINUOUS
100
AcDbLine
 10
7.0003159055118109
 20
-4.3906924015748032
 30
0
 11
7.0298554330708658
 21
-4.3906924015748032
 31
0
  0
LINE
  5
C81
330
1B
100
AcDbEntity
  8
F.Silkscreen
  6
CONTINUOUS
100
AcDbLine
 10
7.0298554330708658
 20
-4.3906924015748032
 30
0
 11
7.0310075590551175
 21
-4.390805866141732
 31
0
  0
LINE
  5
C82
330
1B
100
AcDbEntity
  8
F.Silkscreen
  6
CONTINUOUS
100
AcDbLine
 10
7.0310075590551175
 20
-4.390805866141732
 30
0
 11
7.033136377952756
 21
-4.3916876771653541
 31
0
  0
LINE
  5
C83
330
1B
100
AcDbEntity
  8
F.Silkscreen
  6
CONTINUOUS
100
AcDbLine
 10
7.033136377952756
 20
-4.3916876771653541
 30
0
 11
7.0347656692913381
 21
-4.393316968503937
 31
0
  0
LINE
  5
C84
330
1B
100
AcDbEntity
  8
F.Silkscreen
  6
CONTINUOUS
100
AcDbLine
 10
7.0347656692913381
 20
-4.393316968503937
 30
0
 11
7.0356474803149602
 21
-4.3954457874015747
 31
0
  0
LINE
  5
C85
330
1B
100
AcDbEntity
  8
F.Silkscreen
  6
CONTINUOUS
100
AcDbLine
 10
7.0356474803149602
 20
-4.3954457874015747
 30
0
 11
7.0356474803149602
 21
-4.397750039370079
 31
0
  0
LINE
  5
C86
330
1B
100
AcDbEntity
  8
F.Silkscreen
  6
CONTINUOUS
100
AcDbLine
 10
7.0356474803149602
 20
-4.397750039370079
 30
0
 11
7.0347656692913381
 21
-4.3998788582677166
 31
0
  0
LINE
  5
C87
330
1B
100
AcDbEntity
  8
F.Silkscreen
  6
CONTINUOUS
100
AcDbLine
 10
7.0347656692913381
 20
-4.3998788582677166
 30
0
 11
7.033136377952756
 21
-4.4015081496062995
 31
0
  0
LINE
  5
C88
330
1B
100
AcDbEntity
  8
F.Silkscreen
  6
CONTINUOUS
100
AcDbLine
 10
7.033136377952756
 20
-4.4015081496062995
 30
0
 11
7.0310075590551175
 21
-4.4023899606299208
 31
0
  0
LINE
  5
C89
330
1B
100
AcDbEntity
  8
F.Silkscreen
  6
CONTINUOUS
100
AcDbLine
 10
7.0310075590551175
 20
-4.4023899606299208
 30
0
 11
7.0298554330708658
 21
-4.4025034251968505
 31
0
  0
LINE
  5
C8A
330
1B
100
AcDbEntity
  8
F.Silkscreen
  6
CONTINUOUS
100
AcDbLine
 10
7.0298554330708658
 20
-4.4025034251968505
 30
0
 11
7.0003159055118109
 21
-4.4025034251968505
 31
0
  0
LINE
  5
C8B
330
1B
100
AcDbEntity
  8
F.Silkscreen
  6
CONTINUOUS
100
AcDbLine
 10
7.0003159055118109
 20
-4.4025034251968505
 30
0
 11
6.997699212598425
 21
-4.4038117322834642
 31
0
  0
LINE
  5
C8C
330
1B
100
AcDbEntity
  8
F.Silkscreen
  6
CONTINUOUS
100
AcDbLine
 10
6.997699212598425
 20
-4.4038117322834642
 30
0
 11
6.9963908661417324
 21
-4.4064284251968502
 31
0
  0
LINE
  5
C8D
330
1B
100
AcDbEntity
  8
F.Silkscreen
  6
CONTINUOUS
100
AcDbLine
 10
6.9963908661417324
 20
-4.4064284251968502
 30
0
 11
6.9963908661417324
 21
-4.4120766535433074
 31
0
  0
LINE
  5
C8E
330
1B
100
AcDbEntity
  8
F.Silkscreen
  6
CONTINUOUS
100
AcDbLine
 10
6.9963908661417324
 20
-4.4120766535433074
 30
0
 11
6.9981509842519687
 21
-4.4155969291338586
 31
0
  0
LINE
  5
C8F
330
1B
100
AcDbEntity
  8
F.Silkscreen
  6
CONTINUOUS
100
AcDbLine
 10
6.9981509842519687
 20
-4.4155969291338586
 30
0
 11
6.9985558267716534
 21
-4.4160017322834646
 31
0
  0
LINE
  5
C90
330
1B
100
AcDbEntity
  8
F.Silkscreen
  6
CONTINUOUS
100
AcDbLine
 10
6.9985558267716534
 20
-4.4160017322834646
 30
0
 11
7.0298554330708658
 21
-4.4160017322834646
 31
0
  0
LINE
  5
C91
330
1B
100
AcDbEntity
  8
F.Silkscreen
  6
CONTINUOUS
100
AcDbLine
 10
7.0298554330708658
 20
-4.4160017322834646
 30
0
 11
7.0310075590551175
 21
-4.4161151968503933
 31
0
  0
LINE
  5
C92
330
1B
100
AcDbEntity
  8
F.Silkscreen
  6
CONTINUOUS
100
AcDbLine
 10
7.0310075590551175
 20
-4.4161151968503933
 30
0
 11
7.033136377952756
 21
-4.4169970078740155
 31
0
  0
LINE
  5
C93
330
1B
100
AcDbEntity
  8
F.Silkscreen
  6
CONTINUOUS
100
AcDbLine
 10
7.033136377952756
 20
-4.4169970078740155
 30
0
 11
7.0347656692913381
 21
-4.4186262992125984
 31
0
  0
LINE
  5
C94
330
1B
100
AcDbEntity
  8
F.Silkscreen
  6
CONTINUOUS
100
AcDbLine
 10
7.0347656692913381
 20
-4.4186262992125984
 30
0
 11
7.0356474803149602
 21
-4.420755118110236
 31
0
  0
LINE
  5
C95
330
1B
100
AcDbEntity
  8
F.Silkscreen
  6
CONTINUOUS
100
AcDbLine
 10
7.0356474803149602
 20
-4.420755118110236
 30
0
 11
7.0356474803149602
 21
-4.4230593700787404
 31
0
  0
LINE
  5
C96
330
1B
100
AcDbEntity
  8
F.Silkscreen
  6
CONTINUOUS
100
AcDbLine
 10
7.0356474803149602
 20
-4.4230593700787404
 30
0
 11
7.0347656692913381
 21
-4.425188188976378
 31
0
  0
LINE
  5
C97
330
1B
100
AcDbEntity
  8
F.Silkscreen
  6
CONTINUOUS
100
AcDbLine
 10
7.0347656692913381
 20
-4.425188188976378
 30
0
 11
7.033136377952756
 21
-4.4268174803149609
 31
0
  0
LINE
  5
C98
330
1B
100
AcDbEntity
  8
F.Silkscreen
  6
CONTINUOUS
100
AcDbLine
 10
7.033136377952756
 20
-4.4268174803149609
 30
0
 11
7.0310075590551175
 21
-4.4276992913385822
 31
0
  0
LINE
  5
C99
330
1B
100
AcDbEntity
  8
F.Silkscreen
  6
CONTINUOUS
100
AcDbLine
 10
7.0310075590551175
 20
-4.4276992913385822
 30
0
 11
7.0298554330708658
 21
-4.4278127559055118
 31
0
  0
LINE
  5
C9A
330
1B
100
AcDbEntity
  8
F.Silkscreen
  6
CONTINUOUS
100
AcDbLine
 10
7.0298554330708658
 20
-4.4278127559055118
 30
0
 11
6.9904853543307084
 21
-4.4278127559055118
 31
0
  0
LINE
  5
C9B
330
1B
100
AcDbEntity
  8
F.Silkscreen
  6
CONTINUOUS
100
AcDbLine
 10
6.9904853543307084
 20
-4.4278127559055118
 30
0
 11
6.9893332283464567
 21
-4.4276992913385822
 31
0
  0
LINE
  5
C9C
330
1B
100
AcDbEntity
  8
F.Silkscreen
  6
CONTINUOUS
100
AcDbLine
 10
6.9893332283464567
 20
-4.4276992913385822
 30
0
 11
6.987204409448819
 21
-4.4268174803149609
 31
0
  0
LINE
  5
C9D
330
1B
100
AcDbEntity
  8
F.Silkscreen
  6
CONTINUOUS
100
AcDbLine
 10
6.987204409448819
 20
-4.4268174803149609
 30
0
 11
6.9855751181102361
 21
-4.425188188976378
 31
0
  0
LINE
  5
C9E
330
1B
100
AcDbEntity
  8
F.Silkscreen
  6
CONTINUOUS
100
AcDbLine
 10
6.9855751181102361
 20
-4.425188188976378
 30
0
 11
6.984693307086614
 21
-4.4230593700787404
 31
0
  0
LINE
  5
C9F
330
1B
100
AcDbEntity
  8
F.Silkscreen
  6
CONTINUOUS
100
AcDbLine
 10
6.984693307086614
 20
-4.4230593700787404
 30
0
 11
6.984693307086614
 21
-4.420755118110236
 31
0
  0
LINE
  5
CA0
330
1B
100
AcDbEntity
  8
F.Silkscreen
  6
CONTINUOUS
100
AcDbLine
 10
6.984693307086614
 20
-4.420755118110236
 30
0
 11
6.9855751181102361
 21
-4.4186262992125984
 31
0
  0
LINE
  5
CA1
330
1B
100
AcDbEntity
  8
F.Silkscreen
  6
CONTINUOUS
100
AcDbLine
 10
6.9855751181102361
 20
-4.4186262992125984
 30
0
 11
6.9861653937007873
 21
-4.4180359842519685
 31
0
  0
LINE
  5
CA2
330
1B
100
AcDbEntity
  8
F.Silkscreen
  6
CONTINUOUS
100
AcDbLine
 10
6.9861653937007873
 20
-4.4180359842519685
 30
0
 11
6.9852033070866142
 21
-4.4161118110236224
 31
0
  0
LINE
  5
CA3
330
1B
100
AcDbEntity
  8
F.Silkscreen
  6
CONTINUOUS
100
AcDbLine
 10
6.9852033070866142
 20
-4.4161118110236224
 30
0
 11
6.984789566929134
 21
-4.4150305905511811
 31
0
  0
LINE
  5
CA4
330
1B
100
AcDbEntity
  8
F.Silkscreen
  6
CONTINUOUS
100
AcDbLine
 10
6.984789566929134
 20
-4.4150305905511811
 30
0
 11
6.9847745275590549
 21
-4.4148189763779531
 31
0
  0
LINE
  5
CA5
330
1B
100
AcDbEntity
  8
F.Silkscreen
  6
CONTINUOUS
100
AcDbLine
 10
6.9847745275590549
 20
-4.4148189763779531
 30
0
 11
6.984693307086614
 21
-4.414622913385827
 31
0
  0
LINE
  5
CA6
330
1B
100
AcDbEntity
  8
F.Silkscreen
  6
CONTINUOUS
100
AcDbLine
 10
6.984693307086614
 20
-4.414622913385827
 30
0
 11
6.9845798425196852
 21
-4.4134707874015744
 31
0
  0
LINE
  5
CA7
330
1B
100
AcDbEntity
  8
F.Silkscreen
  6
CONTINUOUS
100
AcDbLine
 10
6.9845798425196852
 20
-4.4134707874015744
 30
0
 11
6.9845798425196852
 21
-4.405034330708661
 31
0
  0
LINE
  5
CA8
330
1B
100
AcDbEntity
  8
F.Silkscreen
  6
CONTINUOUS
100
AcDbLine
 10
6.9845798425196852
 20
-4.405034330708661
 30
0
 11
6.984693307086614
 21
-4.4038822047244093
 31
0
  0
LINE
  5
CA9
330
1B
100
AcDbEntity
  8
F.Silkscreen
  6
CONTINUOUS
100
AcDbLine
 10
6.984693307086614
 20
-4.4038822047244093
 30
0
 11
6.9847745275590549
 21
-4.4036861023622045
 31
0
  0
LINE
  5
CAA
330
1B
100
AcDbEntity
  8
F.Silkscreen
  6
CONTINUOUS
100
AcDbLine
 10
6.9847745275590549
 20
-4.4036861023622045
 30
0
 11
6.984789566929134
 21
-4.4034745275590552
 31
0
  0
LINE
  5
CAB
330
1B
100
AcDbEntity
  8
F.Silkscreen
  6
CONTINUOUS
100
AcDbLine
 10
6.984789566929134
 20
-4.4034745275590552
 30
0
 11
6.9852033070866142
 21
-4.4023933070866139
 31
0
  0
LINE
  5
CAC
330
1B
100
AcDbEntity
  8
F.Silkscreen
  6
CONTINUOUS
100
AcDbLine
 10
6.9852033070866142
 20
-4.4023933070866139
 30
0
 11
6.9880154724409449
 21
-4.3967690157480313
 31
0
  0
LINE
  5
CAD
330
1B
100
AcDbEntity
  8
F.Silkscreen
  6
CONTINUOUS
100
AcDbLine
 10
6.9880154724409449
 20
-4.3967690157480313
 30
0
 11
6.9881231496062988
 21
-4.3965978740157476
 31
0
  0
LINE
  5
CAE
330
1B
100
AcDbEntity
  8
F.Silkscreen
  6
CONTINUOUS
100
AcDbLine
 10
6.9881231496062988
 20
-4.3965978740157476
 30
0
 11
6.9880154724409449
 21
-4.3964267716535428
 31
0
  0
LINE
  5
CAF
330
1B
100
AcDbEntity
  8
F.Silkscreen
  6
CONTINUOUS
100
AcDbLine
 10
6.9880154724409449
 20
-4.3964267716535428
 30
0
 11
6.9852033070866142
 21
-4.3908024803149601
 31
0
  0
LINE
  5
CB0
330
1B
100
AcDbEntity
  8
F.Silkscreen
  6
CONTINUOUS
100
AcDbLine
 10
6.9852033070866142
 20
-4.3908024803149601
 30
0
 11
6.984789566929134
 21
-4.3897212598425197
 31
0
  0
LINE
  5
CB1
330
1B
100
AcDbEntity
  8
F.Silkscreen
  6
CONTINUOUS
100
AcDbLine
 10
6.984789566929134
 20
-4.3897212598425197
 30
0
 11
6.9847745275590549
 21
-4.3895096456692908
 31
0
  0
LINE
  5
CB2
330
1B
100
AcDbEntity
  8
F.Silkscreen
  6
CONTINUOUS
100
AcDbLine
 10
6.9847745275590549
 20
-4.3895096456692908
 30
0
 11
6.984693307086614
 21
-4.3893135826771656
 31
0
  0
LINE
  5
CB3
330
1B
100
AcDbEntity
  8
F.Silkscreen
  6
CONTINUOUS
100
AcDbLine
 10
6.984693307086614
 20
-4.3893135826771656
 30
0
 11
6.9845798425196852
 21
-4.388161456692913
 31
0
  0
LINE
  5
CB4
330
1B
100
AcDbEntity
  8
F.Silkscreen
  6
CONTINUOUS
100
AcDbLine
 10
6.9845798425196852
 20
-4.388161456692913
 30
0
 11
6.9845798425196852
 21
-4.3797249999999996
 31
0
  0
LINE
  5
CB5
330
1B
100
AcDbEntity
  8
F.Silkscreen
  6
CONTINUOUS
100
AcDbLine
 10
6.9845798425196852
 20
-4.3797249999999996
 30
0
 11
6.984693307086614
 21
-4.3785728740157479
 31
0
  0
LINE
  5
CB6
330
1B
100
AcDbEntity
  8
F.Silkscreen
  6
CONTINUOUS
100
AcDbLine
 10
6.984693307086614
 20
-4.3785728740157479
 30
0
 11
6.9847745275590549
 21
-4.3783767716535431
 31
0
  0
LINE
  5
CB7
330
1B
100
AcDbEntity
  8
F.Silkscreen
  6
CONTINUOUS
100
AcDbLine
 10
6.9847745275590549
 20
-4.3783767716535431
 30
0
 11
6.984789566929134
 21
-4.3781651968503938
 31
0
  0
LINE
  5
CB8
330
1B
100
AcDbEntity
  8
F.Silkscreen
  6
CONTINUOUS
100
AcDbLine
 10
6.984789566929134
 20
-4.3781651968503938
 30
0
 11
6.9852033070866142
 21
-4.3770839763779525
 31
0
  0
LINE
  5
CB9
330
1B
100
AcDbEntity
  8
F.Silkscreen
  6
CONTINUOUS
100
AcDbLine
 10
6.9852033070866142
 20
-4.3770839763779525
 30
0
 11
6.9880154724409449
 21
-4.3714596850393699
 31
0
  0
LINE
  5
CBA
330
1B
100
AcDbEntity
  8
F.Silkscreen
  6
CONTINUOUS
100
AcDbLine
 10
6.9880154724409449
 20
-4.3714596850393699
 30
0
 11
6.9881366535433065
 21
-4.3712671259842519
 31
0
  0
LINE
  5
CBB
330
1B
100
AcDbEntity
  8
F.Silkscreen
  6
CONTINUOUS
100
AcDbLine
 10
6.9881366535433065
 20
-4.3712671259842519
 30
0
 11
6.9881670078740159
 21
-4.371176141732283
 31
0
  0
LINE
  5
CBC
330
1B
100
AcDbEntity
  8
F.Silkscreen
  6
CONTINUOUS
100
AcDbLine
 10
6.9881670078740159
 20
-4.371176141732283
 30
0
 11
6.9882652755905514
 21
-4.3710627952755905
 31
0
  0
LINE
  5
CBD
330
1B
100
AcDbEntity
  8
F.Silkscreen
  6
CONTINUOUS
100
AcDbLine
 10
6.9882652755905514
 20
-4.3710627952755905
 30
0
 11
6.9886322047244089
 21
-4.3704799212598422
 31
0
  0
LINE
  5
CBE
330
1B
100
AcDbEntity
  8
F.Silkscreen
  6
CONTINUOUS
100
AcDbLine
 10
6.9886322047244089
 20
-4.3704799212598422
 30
0
 11
6.9891915354330711
 21
-4.3699948031496065
 31
0
  0
LINE
  5
CBF
330
1B
100
AcDbEntity
  8
F.Silkscreen
  6
CONTINUOUS
100
AcDbLine
 10
6.9891915354330711
 20
-4.3699948031496065
 30
0
 11
6.9896767322834643
 21
-4.3694353937007877
 31
0
  0
LINE
  5
CC0
330
1B
100
AcDbEntity
  8
F.Silkscreen
  6
CONTINUOUS
100
AcDbLine
 10
6.9896767322834643
 20
-4.3694353937007877
 30
0
 11
6.9902597637795276
 21
-4.3690683464566931
 31
0
  0
LINE
  5
CC1
330
1B
100
AcDbEntity
  8
F.Silkscreen
  6
CONTINUOUS
100
AcDbLine
 10
6.9902597637795276
 20
-4.3690683464566931
 30
0
 11
6.9903729527559051
 21
-4.3689702362204725
 31
0
  0
LINE
  5
CC2
330
1B
100
AcDbEntity
  8
F.Silkscreen
  6
CONTINUOUS
100
AcDbLine
 10
6.9903729527559051
 20
-4.3689702362204725
 30
0
 11
6.990463779527559
 21
-4.3689399212598428
 31
0
  0
LINE
  5
CC3
330
1B
100
AcDbEntity
  8
F.Silkscreen
  6
CONTINUOUS
100
AcDbLine
 10
6.990463779527559
 20
-4.3689399212598428
 30
0
 11
6.990656496062992
 21
-4.3688186614173228
 31
0
  0
LINE
  5
CC4
330
1B
100
AcDbEntity
  8
F.Silkscreen
  6
CONTINUOUS
100
AcDbLine
 10
6.990656496062992
 20
-4.3688186614173228
 30
0
 11
6.9962807480314959
 21
-4.3660064960629921
 31
0
  0
LINE
  5
CC5
330
1B
100
AcDbEntity
  8
F.Silkscreen
  6
CONTINUOUS
100
AcDbLine
 10
6.9962807480314959
 20
-4.3660064960629921
 30
0
 11
6.997362007874016
 21
-4.3655927559055119
 31
0
  0
LINE
  5
CC6
330
1B
100
AcDbEntity
  8
F.Silkscreen
  6
CONTINUOUS
100
AcDbLine
 10
6.997362007874016
 20
-4.3655927559055119
 30
0
 11
6.9975735826771652
 21
-4.3655777165354328
 31
0
  0
LINE
  5
CC7
330
1B
100
AcDbEntity
  8
F.Silkscreen
  6
CONTINUOUS
100
AcDbLine
 10
6.9975735826771652
 20
-4.3655777165354328
 30
0
 11
6.99776968503937
 21
-4.3654964960629918
 31
0
  0
LINE
  5
CC8
330
1B
100
AcDbEntity
  8
F.Silkscreen
  6
CONTINUOUS
100
AcDbLine
 10
6.99776968503937
 20
-4.3654964960629918
 30
0
 11
6.9989218110236218
 21
-4.3653830314960631
 31
0
  0
LINE
  5
CC9
330
1B
100
AcDbEntity
  8
F.Silkscreen
  6
CONTINUOUS
100
AcDbLine
 10
6.9989218110236218
 20
-4.3653830314960631
 30
0
 11
7.0298554330708658
 21
-4.3653830314960631
 31
0
  0
LINE
  5
CCA
330
1B
100
AcDbEntity
  8
F.Silkscreen
  6
CONTINUOUS
100
AcDbLine
 10
7.0298554330708658
 20
-4.3653830314960631
 30
0
 11
7.0310075590551175
 21
-4.3654964960629918
 31
0
  0
LINE
  5
CCB
330
1B
100
AcDbEntity
  8
F.Silkscreen
  6
CONTINUOUS
100
AcDbLine
 10
5.5031572440944885
 20
-4.0752354330708664
 30
0
 11
5.5044356692913388
 21
-4.0765138582677167
 31
0
  0
LINE
  5
CCC
330
1B
100
AcDbEntity
  8
F.Silkscreen
  6
CONTINUOUS
100
AcDbLine
 10
5.5044356692913388
 20
-4.0765138582677167
 30
0
 11
5.5044356692913388
 21
-4.0783218110236223
 31
0
  0
LINE
  5
CCD
330
1B
100
AcDbEntity
  8
F.Silkscreen
  6
CONTINUOUS
100
AcDbLine
 10
5.5044356692913388
 20
-4.0783218110236223
 30
0
 11
5.5031572440944885
 21
-4.0796002362204726
 31
0
  0
LINE
  5
CCE
330
1B
100
AcDbEntity
  8
F.Silkscreen
  6
CONTINUOUS
100
AcDbLine
 10
5.5031572440944885
 20
-4.0796002362204726
 30
0
 11
5.5022532677165357
 21
-4.0797800393700783
 31
0
  0
LINE
  5
CCF
330
1B
100
AcDbEntity
  8
F.Silkscreen
  6
CONTINUOUS
100
AcDbLine
 10
5.5022532677165357
 20
-4.0797800393700783
 30
0
 11
5.4821745275590548
 21
-4.0797800393700783
 31
0
  0
LINE
  5
CD0
330
1B
100
AcDbEntity
  8
F.Silkscreen
  6
CONTINUOUS
100
AcDbLine
 10
5.4821745275590548
 20
-4.0797800393700783
 30
0
 11
5.4821745275590548
 21
-4.2837170472440942
 31
0
  0
LINE
  5
CD1
330
1B
100
AcDbEntity
  8
F.Silkscreen
  6
CONTINUOUS
100
AcDbLine
 10
5.4821745275590548
 20
-4.2837170472440942
 30
0
 11
5.5022532677165357
 21
-4.2837170472440942
 31
0
  0
LINE
  5
CD2
330
1B
100
AcDbEntity
  8
F.Silkscreen
  6
CONTINUOUS
100
AcDbLine
 10
5.5022532677165357
 20
-4.2837170472440942
 30
0
 11
5.5031572440944885
 21
-4.2838968503937007
 31
0
  0
LINE
  5
CD3
330
1B
100
AcDbEntity
  8
F.Silkscreen
  6
CONTINUOUS
100
AcDbLine
 10
5.5031572440944885
 20
-4.2838968503937007
 30
0
 11
5.5044356692913388
 21
-4.285175275590551
 31
0
  0
LINE
  5
CD4
330
1B
100
AcDbEntity
  8
F.Silkscreen
  6
CONTINUOUS
100
AcDbLine
 10
5.5044356692913388
 20
-4.285175275590551
 30
0
 11
5.5046154724409444
 21
-4.2860792519685038
 31
0
  0
LINE
  5
CD5
330
1B
100
AcDbEntity
  8
F.Silkscreen
  6
CONTINUOUS
100
AcDbLine
 10
5.5046154724409444
 20
-4.2860792519685038
 30
0
 11
5.5046154724409444
 21
-4.3408036614173229
 31
0
  0
LINE
  5
CD6
330
1B
100
AcDbEntity
  8
F.Silkscreen
  6
CONTINUOUS
100
AcDbLine
 10
5.5046154724409444
 20
-4.3408036614173229
 30
0
 11
5.5044356692913388
 21
-4.3417076377952757
 31
0
  0
LINE
  5
CD7
330
1B
100
AcDbEntity
  8
F.Silkscreen
  6
CONTINUOUS
100
AcDbLine
 10
5.5044356692913388
 20
-4.3417076377952757
 30
0
 11
5.5031572440944885
 21
-4.342986062992126
 31
0
  0
LINE
  5
CD8
330
1B
100
AcDbEntity
  8
F.Silkscreen
  6
CONTINUOUS
100
AcDbLine
 10
5.5031572440944885
 20
-4.342986062992126
 30
0
 11
5.5013492913385829
 21
-4.342986062992126
 31
0
  0
LINE
  5
CD9
330
1B
100
AcDbEntity
  8
F.Silkscreen
  6
CONTINUOUS
100
AcDbLine
 10
5.5013492913385829
 20
-4.342986062992126
 30
0
 11
5.5000708661417326
 21
-4.3417076377952757
 31
0
  0
LINE
  5
CDA
330
1B
100
AcDbEntity
  8
F.Silkscreen
  6
CONTINUOUS
100
AcDbLine
 10
5.5000708661417326
 20
-4.3417076377952757
 30
0
 11
5.499891062992126
 21
-4.3408036614173229
 31
0
  0
LINE
  5
CDB
330
1B
100
AcDbEntity
  8
F.Silkscreen
  6
CONTINUOUS
100
AcDbLine
 10
5.499891062992126
 20
-4.3408036614173229
 30
0
 11
5.499891062992126
 21
-4.2884414566929134
 31
0
  0
LINE
  5
CDC
330
1B
100
AcDbEntity
  8
F.Silkscreen
  6
CONTINUOUS
100
AcDbLine
 10
5.499891062992126
 20
-4.2884414566929134
 30
0
 11
5.4798123228346451
 21
-4.2884414566929134
 31
0
  0
LINE
  5
CDD
330
1B
100
AcDbEntity
  8
F.Silkscreen
  6
CONTINUOUS
100
AcDbLine
 10
5.4798123228346451
 20
-4.2884414566929134
 30
0
 11
5.4789083464566932
 21
-4.2882616535433069
 31
0
  0
LINE
  5
CDE
330
1B
100
AcDbEntity
  8
F.Silkscreen
  6
CONTINUOUS
100
AcDbLine
 10
5.4789083464566932
 20
-4.2882616535433069
 30
0
 11
5.477629921259842
 21
-4.2869832283464566
 31
0
  0
LINE
  5
CDF
330
1B
100
AcDbEntity
  8
F.Silkscreen
  6
CONTINUOUS
100
AcDbLine
 10
5.477629921259842
 20
-4.2869832283464566
 30
0
 11
5.4774501181102364
 21
-4.2860792519685038
 31
0
  0
LINE
  5
CE0
330
1B
100
AcDbEntity
  8
F.Silkscreen
  6
CONTINUOUS
100
AcDbLine
 10
5.4774501181102364
 20
-4.2860792519685038
 30
0
 11
5.4774501181102364
 21
-4.0774178346456695
 31
0
  0
LINE
  5
CE1
330
1B
100
AcDbEntity
  8
F.Silkscreen
  6
CONTINUOUS
100
AcDbLine
 10
5.4774501181102364
 20
-4.0774178346456695
 30
0
 11
5.477629921259842
 21
-4.0765138582677167
 31
0
  0
LINE
  5
CE2
330
1B
100
AcDbEntity
  8
F.Silkscreen
  6
CONTINUOUS
100
AcDbLine
 10
5.477629921259842
 20
-4.0765138582677167
 30
0
 11
5.4789083464566932
 21
-4.0752354330708664
 31
0
  0
LINE
  5
CE3
330
1B
100
AcDbEntity
  8
F.Silkscreen
  6
CONTINUOUS
100
AcDbLine
 10
5.4789083464566932
 20
-4.0752354330708664
 30
0
 11
5.4798123228346451
 21
-4.0750556299212599
 31
0
  0
LINE
  5
CE4
330
1B
100
AcDbEntity
  8
F.Silkscreen
  6
CONTINUOUS
100
AcDbLine
 10
5.4798123228346451
 20
-4.0750556299212599
 30
0
 11
5.5022532677165357
 21
-4.0750556299212599
 31
0
  0
LINE
  5
CE5
330
1B
100
AcDbEntity
  8
F.Silkscreen
  6
CONTINUOUS
100
AcDbLine
 10
5.5022532677165357
 20
-4.0750556299212599
 30
0
 11
5.5031572440944885
 21
-4.0752354330708664
 31
0
  0
LINE
  5
CE6
330
1B
100
AcDbEntity
  8
F.Silkscreen
  6
CONTINUOUS
100
AcDbLine
 10
5.6031572440944881
 20
-4.2838968503937007
 30
0
 11
5.6044356692913384
 21
-4.285175275590551
 31
0
  0
LINE
  5
CE7
330
1B
100
AcDbEntity
  8
F.Silkscreen
  6
CONTINUOUS
100
AcDbLine
 10
5.6044356692913384
 20
-4.285175275590551
 30
0
 11
5.6044356692913384
 21
-4.2869832283464566
 31
0
  0
LINE
  5
CE8
330
1B
100
AcDbEntity
  8
F.Silkscreen
  6
CONTINUOUS
100
AcDbLine
 10
5.6044356692913384
 20
-4.2869832283464566
 30
0
 11
5.6031572440944881
 21
-4.2882616535433069
 31
0
  0
LINE
  5
CE9
330
1B
100
AcDbEntity
  8
F.Silkscreen
  6
CONTINUOUS
100
AcDbLine
 10
5.6031572440944881
 20
-4.2882616535433069
 30
0
 11
5.6022532677165353
 21
-4.2884414566929134
 31
0
  0
LINE
  5
CEA
330
1B
100
AcDbEntity
  8
F.Silkscreen
  6
CONTINUOUS
100
AcDbLine
 10
5.6022532677165353
 20
-4.2884414566929134
 30
0
 11
5.5660327952755901
 21
-4.2884414566929134
 31
0
  0
LINE
  5
CEB
330
1B
100
AcDbEntity
  8
F.Silkscreen
  6
CONTINUOUS
100
AcDbLine
 10
5.5660327952755901
 20
-4.2884414566929134
 30
0
 11
5.5651288188976373
 21
-4.2882616535433069
 31
0
  0
LINE
  5
CEC
330
1B
100
AcDbEntity
  8
F.Silkscreen
  6
CONTINUOUS
100
AcDbLine
 10
5.5651288188976373
 20
-4.2882616535433069
 30
0
 11
5.563850393700787
 21
-4.2869832283464566
 31
0
  0
LINE
  5
CED
330
1B
100
AcDbEntity
  8
F.Silkscreen
  6
CONTINUOUS
100
AcDbLine
 10
5.563850393700787
 20
-4.2869832283464566
 30
0
 11
5.563850393700787
 21
-4.285175275590551
 31
0
  0
LINE
  5
CEE
330
1B
100
AcDbEntity
  8
F.Silkscreen
  6
CONTINUOUS
100
AcDbLine
 10
5.563850393700787
 20
-4.285175275590551
 30
0
 11
5.5651288188976373
 21
-4.2838968503937007
 31
0
  0
LINE
  5
CEF
330
1B
100
AcDbEntity
  8
F.Silkscreen
  6
CONTINUOUS
100
AcDbLine
 10
5.5651288188976373
 20
-4.2838968503937007
 30
0
 11
5.5660327952755901
 21
-4.2837170472440942
 31
0
  0
LINE
  5
CF0
330
1B
100
AcDbEntity
  8
F.Silkscreen
  6
CONTINUOUS
100
AcDbLine
 10
5.5660327952755901
 20
-4.2837170472440942
 30
0
 11
5.6022532677165353
 21
-4.2837170472440942
 31
0
  0
LINE
  5
CF1
330
1B
100
AcDbEntity
  8
F.Silkscreen
  6
CONTINUOUS
100
AcDbLine
 10
5.6022532677165353
 20
-4.2837170472440942
 30
0
 11
5.6031572440944881
 21
-4.2838968503937007
 31
0
  0
LINE
  5
CF2
330
1B
100
AcDbEntity
  8
F.Silkscreen
  6
CONTINUOUS
100
AcDbLine
 10
5.7031572440944878
 20
-4.2838968503937007
 30
0
 11
5.7044356692913381
 21
-4.285175275590551
 31
0
  0
LINE
  5
CF3
330
1B
100
AcDbEntity
  8
F.Silkscreen
  6
CONTINUOUS
100
AcDbLine
 10
5.7044356692913381
 20
-4.285175275590551
 30
0
 11
5.7044356692913381
 21
-4.2869832283464566
 31
0
  0
LINE
  5
CF4
330
1B
100
AcDbEntity
  8
F.Silkscreen
  6
CONTINUOUS
100
AcDbLine
 10
5.7044356692913381
 20
-4.2869832283464566
 30
0
 11
5.7031572440944878
 21
-4.2882616535433069
 31
0
  0
LINE
  5
CF5
330
1B
100
AcDbEntity
  8
F.Silkscreen
  6
CONTINUOUS
100
AcDbLine
 10
5.7031572440944878
 20
-4.2882616535433069
 30
0
 11
5.702253267716535
 21
-4.2884414566929134
 31
0
  0
LINE
  5
CF6
330
1B
100
AcDbEntity
  8
F.Silkscreen
  6
CONTINUOUS
100
AcDbLine
 10
5.702253267716535
 20
-4.2884414566929134
 30
0
 11
5.6660327952755907
 21
-4.2884414566929134
 31
0
  0
LINE
  5
CF7
330
1B
100
AcDbEntity
  8
F.Silkscreen
  6
CONTINUOUS
100
AcDbLine
 10
5.6660327952755907
 20
-4.2884414566929134
 30
0
 11
5.6651288188976379
 21
-4.2882616535433069
 31
0
  0
LINE
  5
CF8
330
1B
100
AcDbEntity
  8
F.Silkscreen
  6
CONTINUOUS
100
AcDbLine
 10
5.6651288188976379
 20
-4.2882616535433069
 30
0
 11
5.6638503937007876
 21
-4.2869832283464566
 31
0
  0
LINE
  5
CF9
330
1B
100
AcDbEntity
  8
F.Silkscreen
  6
CONTINUOUS
100
AcDbLine
 10
5.6638503937007876
 20
-4.2869832283464566
 30
0
 11
5.6638503937007876
 21
-4.285175275590551
 31
0
  0
LINE
  5
CFA
330
1B
100
AcDbEntity
  8
F.Silkscreen
  6
CONTINUOUS
100
AcDbLine
 10
5.6638503937007876
 20
-4.285175275590551
 30
0
 11
5.6651288188976379
 21
-4.2838968503937007
 31
0
  0
LINE
  5
CFB
330
1B
100
AcDbEntity
  8
F.Silkscreen
  6
CONTINUOUS
100
AcDbLine
 10
5.6651288188976379
 20
-4.2838968503937007
 30
0
 11
5.6660327952755907
 21
-4.2837170472440942
 31
0
  0
LINE
  5
CFC
330
1B
100
AcDbEntity
  8
F.Silkscreen
  6
CONTINUOUS
100
AcDbLine
 10
5.6660327952755907
 20
-4.2837170472440942
 30
0
 11
5.702253267716535
 21
-4.2837170472440942
 31
0
  0
LINE
  5
CFD
330
1B
100
AcDbEntity
  8
F.Silkscreen
  6
CONTINUOUS
100
AcDbLine
 10
5.702253267716535
 20
-4.2837170472440942
 30
0
 11
5.7031572440944878
 21
-4.2838968503937007
 31
0
  0
LINE
  5
CFE
330
1B
100
AcDbEntity
  8
F.Silkscreen
  6
CONTINUOUS
100
AcDbLine
 10
5.8031572440944883
 20
-4.2838968503937007
 30
0
 11
5.8044356692913386
 21
-4.285175275590551
 31
0
  0
LINE
  5
CFF
330
1B
100
AcDbEntity
  8
F.Silkscreen
  6
CONTINUOUS
100
AcDbLine
 10
5.8044356692913386
 20
-4.285175275590551
 30
0
 11
5.8044356692913386
 21
-4.2869832283464566
 31
0
  0
LINE
  5
D00
330
1B
100
AcDbEntity
  8
F.Silkscreen
  6
CONTINUOUS
100
AcDbLine
 10
5.8044356692913386
 20
-4.2869832283464566
 30
0
 11
5.8031572440944883
 21
-4.2882616535433069
 31
0
  0
LINE
  5
D01
330
1B
100
AcDbEntity
  8
F.Silkscreen
  6
CONTINUOUS
100
AcDbLine
 10
5.8031572440944883
 20
-4.2882616535433069
 30
0
 11
5.8022532677165355
 21
-4.2884414566929134
 31
0
  0
LINE
  5
D02
330
1B
100
AcDbEntity
  8
F.Silkscreen
  6
CONTINUOUS
100
AcDbLine
 10
5.8022532677165355
 20
-4.2884414566929134
 30
0
 11
5.7660327952755903
 21
-4.2884414566929134
 31
0
  0
LINE
  5
D03
330
1B
100
AcDbEntity
  8
F.Silkscreen
  6
CONTINUOUS
100
AcDbLine
 10
5.7660327952755903
 20
-4.2884414566929134
 30
0
 11
5.7651288188976375
 21
-4.2882616535433069
 31
0
  0
LINE
  5
D04
330
1B
100
AcDbEntity
  8
F.Silkscreen
  6
CONTINUOUS
100
AcDbLine
 10
5.7651288188976375
 20
-4.2882616535433069
 30
0
 11
5.7638503937007872
 21
-4.2869832283464566
 31
0
  0
LINE
  5
D05
330
1B
100
AcDbEntity
  8
F.Silkscreen
  6
CONTINUOUS
100
AcDbLine
 10
5.7638503937007872
 20
-4.2869832283464566
 30
0
 11
5.7638503937007872
 21
-4.285175275590551
 31
0
  0
LINE
  5
D06
330
1B
100
AcDbEntity
  8
F.Silkscreen
  6
CONTINUOUS
100
AcDbLine
 10
5.7638503937007872
 20
-4.285175275590551
 30
0
 11
5.7651288188976375
 21
-4.2838968503937007
 31
0
  0
LINE
  5
D07
330
1B
100
AcDbEntity
  8
F.Silkscreen
  6
CONTINUOUS
100
AcDbLine
 10
5.7651288188976375
 20
-4.2838968503937007
 30
0
 11
5.7660327952755903
 21
-4.2837170472440942
 31
0
  0
LINE
  5
D08
330
1B
100
AcDbEntity
  8
F.Silkscreen
  6
CONTINUOUS
100
AcDbLine
 10
5.7660327952755903
 20
-4.2837170472440942
 30
0
 11
5.8022532677165355
 21
-4.2837170472440942
 31
0
  0
LINE
  5
D09
330
1B
100
AcDbEntity
  8
F.Silkscreen
  6
CONTINUOUS
100
AcDbLine
 10
5.8022532677165355
 20
-4.2837170472440942
 30
0
 11
5.8031572440944883
 21
-4.2838968503937007
 31
0
  0
LINE
  5
D0A
330
1B
100
AcDbEntity
  8
F.Silkscreen
  6
CONTINUOUS
100
AcDbLine
 10
5.9031572440944879
 20
-4.2838968503937007
 30
0
 11
5.9044356692913382
 21
-4.285175275590551
 31
0
  0
LINE
  5
D0B
330
1B
100
AcDbEntity
  8
F.Silkscreen
  6
CONTINUOUS
100
AcDbLine
 10
5.9044356692913382
 20
-4.285175275590551
 30
0
 11
5.9044356692913382
 21
-4.2869832283464566
 31
0
  0
LINE
  5
D0C
330
1B
100
AcDbEntity
  8
F.Silkscreen
  6
CONTINUOUS
100
AcDbLine
 10
5.9044356692913382
 20
-4.2869832283464566
 30
0
 11
5.9031572440944879
 21
-4.2882616535433069
 31
0
  0
LINE
  5
D0D
330
1B
100
AcDbEntity
  8
F.Silkscreen
  6
CONTINUOUS
100
AcDbLine
 10
5.9031572440944879
 20
-4.2882616535433069
 30
0
 11
5.9022532677165351
 21
-4.2884414566929134
 31
0
  0
LINE
  5
D0E
330
1B
100
AcDbEntity
  8
F.Silkscreen
  6
CONTINUOUS
100
AcDbLine
 10
5.9022532677165351
 20
-4.2884414566929134
 30
0
 11
5.8660327952755908
 21
-4.2884414566929134
 31
0
  0
LINE
  5
D0F
330
1B
100
AcDbEntity
  8
F.Silkscreen
  6
CONTINUOUS
100
AcDbLine
 10
5.8660327952755908
 20
-4.2884414566929134
 30
0
 11
5.865128818897638
 21
-4.2882616535433069
 31
0
  0
LINE
  5
D10
330
1B
100
AcDbEntity
  8
F.Silkscreen
  6
CONTINUOUS
100
AcDbLine
 10
5.865128818897638
 20
-4.2882616535433069
 30
0
 11
5.8638503937007869
 21
-4.2869832283464566
 31
0
  0
LINE
  5
D11
330
1B
100
AcDbEntity
  8
F.Silkscreen
  6
CONTINUOUS
100
AcDbLine
 10
5.8638503937007869
 20
-4.2869832283464566
 30
0
 11
5.8638503937007869
 21
-4.285175275590551
 31
0
  0
LINE
  5
D12
330
1B
100
AcDbEntity
  8
F.Silkscreen
  6
CONTINUOUS
100
AcDbLine
 10
5.8638503937007869
 20
-4.285175275590551
 30
0
 11
5.865128818897638
 21
-4.2838968503937007
 31
0
  0
LINE
  5
D13
330
1B
100
AcDbEntity
  8
F.Silkscreen
  6
CONTINUOUS
100
AcDbLine
 10
5.865128818897638
 20
-4.2838968503937007
 30
0
 11
5.8660327952755908
 21
-4.2837170472440942
 31
0
  0
LINE
  5
D14
330
1B
100
AcDbEntity
  8
F.Silkscreen
  6
CONTINUOUS
100
AcDbLine
 10
5.8660327952755908
 20
-4.2837170472440942
 30
0
 11
5.9022532677165351
 21
-4.2837170472440942
 31
0
  0
LINE
  5
D15
330
1B
100
AcDbEntity
  8
F.Silkscreen
  6
CONTINUOUS
100
AcDbLine
 10
5.9022532677165351
 20
-4.2837170472440942
 30
0
 11
5.9031572440944879
 21
-4.2838968503937007
 31
0
  0
LINE
  5
D16
330
1B
100
AcDbEntity
  8
F.Silkscreen
  6
CONTINUOUS
100
AcDbLine
 10
6.0031572440944885
 20
-4.2838968503937007
 30
0
 11
6.0044356692913388
 21
-4.285175275590551
 31
0
  0
LINE
  5
D17
330
1B
100
AcDbEntity
  8
F.Silkscreen
  6
CONTINUOUS
100
AcDbLine
 10
6.0044356692913388
 20
-4.285175275590551
 30
0
 11
6.0044356692913388
 21
-4.2869832283464566
 31
0
  0
LINE
  5
D18
330
1B
100
AcDbEntity
  8
F.Silkscreen
  6
CONTINUOUS
100
AcDbLine
 10
6.0044356692913388
 20
-4.2869832283464566
 30
0
 11
6.0031572440944885
 21
-4.2882616535433069
 31
0
  0
LINE
  5
D19
330
1B
100
AcDbEntity
  8
F.Silkscreen
  6
CONTINUOUS
100
AcDbLine
 10
6.0031572440944885
 20
-4.2882616535433069
 30
0
 11
6.0022532677165357
 21
-4.2884414566929134
 31
0
  0
LINE
  5
D1A
330
1B
100
AcDbEntity
  8
F.Silkscreen
  6
CONTINUOUS
100
AcDbLine
 10
6.0022532677165357
 20
-4.2884414566929134
 30
0
 11
5.9660327952755905
 21
-4.2884414566929134
 31
0
  0
LINE
  5
D1B
330
1B
100
AcDbEntity
  8
F.Silkscreen
  6
CONTINUOUS
100
AcDbLine
 10
5.9660327952755905
 20
-4.2884414566929134
 30
0
 11
5.9651288188976377
 21
-4.2882616535433069
 31
0
  0
LINE
  5
D1C
330
1B
100
AcDbEntity
  8
F.Silkscreen
  6
CONTINUOUS
100
AcDbLine
 10
5.9651288188976377
 20
-4.2882616535433069
 30
0
 11
5.9638503937007874
 21
-4.2869832283464566
 31
0
  0
LINE
  5
D1D
330
1B
100
AcDbEntity
  8
F.Silkscreen
  6
CONTINUOUS
100
AcDbLine
 10
5.9638503937007874
 20
-4.2869832283464566
 30
0
 11
5.9638503937007874
 21
-4.285175275590551
 31
0
  0
LINE
  5
D1E
330
1B
100
AcDbEntity
  8
F.Silkscreen
  6
CONTINUOUS
100
AcDbLine
 10
5.9638503937007874
 20
-4.285175275590551
 30
0
 11
5.9651288188976377
 21
-4.2838968503937007
 31
0
  0
LINE
  5
D1F
330
1B
100
AcDbEntity
  8
F.Silkscreen
  6
CONTINUOUS
100
AcDbLine
 10
5.9651288188976377
 20
-4.2838968503937007
 30
0
 11
5.9660327952755905
 21
-4.2837170472440942
 31
0
  0
LINE
  5
D20
330
1B
100
AcDbEntity
  8
F.Silkscreen
  6
CONTINUOUS
100
AcDbLine
 10
5.9660327952755905
 20
-4.2837170472440942
 30
0
 11
6.0022532677165357
 21
-4.2837170472440942
 31
0
  0
LINE
  5
D21
330
1B
100
AcDbEntity
  8
F.Silkscreen
  6
CONTINUOUS
100
AcDbLine
 10
6.0022532677165357
 20
-4.2837170472440942
 30
0
 11
6.0031572440944885
 21
-4.2838968503937007
 31
0
  0
LINE
  5
D22
330
1B
100
AcDbEntity
  8
F.Silkscreen
  6
CONTINUOUS
100
AcDbLine
 10
6.1031572440944881
 20
-4.2838968503937007
 30
0
 11
6.1044356692913384
 21
-4.285175275590551
 31
0
  0
LINE
  5
D23
330
1B
100
AcDbEntity
  8
F.Silkscreen
  6
CONTINUOUS
100
AcDbLine
 10
6.1044356692913384
 20
-4.285175275590551
 30
0
 11
6.1044356692913384
 21
-4.2869832283464566
 31
0
  0
LINE
  5
D24
330
1B
100
AcDbEntity
  8
F.Silkscreen
  6
CONTINUOUS
100
AcDbLine
 10
6.1044356692913384
 20
-4.2869832283464566
 30
0
 11
6.1031572440944881
 21
-4.2882616535433069
 31
0
  0
LINE
  5
D25
330
1B
100
AcDbEntity
  8
F.Silkscreen
  6
CONTINUOUS
100
AcDbLine
 10
6.1031572440944881
 20
-4.2882616535433069
 30
0
 11
6.1022532677165353
 21
-4.2884414566929134
 31
0
  0
LINE
  5
D26
330
1B
100
AcDbEntity
  8
F.Silkscreen
  6
CONTINUOUS
100
AcDbLine
 10
6.1022532677165353
 20
-4.2884414566929134
 30
0
 11
6.0660327952755901
 21
-4.2884414566929134
 31
0
  0
LINE
  5
D27
330
1B
100
AcDbEntity
  8
F.Silkscreen
  6
CONTINUOUS
100
AcDbLine
 10
6.0660327952755901
 20
-4.2884414566929134
 30
0
 11
6.0651288188976373
 21
-4.2882616535433069
 31
0
  0
LINE
  5
D28
330
1B
100
AcDbEntity
  8
F.Silkscreen
  6
CONTINUOUS
100
AcDbLine
 10
6.0651288188976373
 20
-4.2882616535433069
 30
0
 11
6.063850393700787
 21
-4.2869832283464566
 31
0
  0
LINE
  5
D29
330
1B
100
AcDbEntity
  8
F.Silkscreen
  6
CONTINUOUS
100
AcDbLine
 10
6.063850393700787
 20
-4.2869832283464566
 30
0
 11
6.063850393700787
 21
-4.285175275590551
 31
0
  0
LINE
  5
D2A
330
1B
100
AcDbEntity
  8
F.Silkscreen
  6
CONTINUOUS
100
AcDbLine
 10
6.063850393700787
 20
-4.285175275590551
 30
0
 11
6.0651288188976373
 21
-4.2838968503937007
 31
0
  0
LINE
  5
D2B
330
1B
100
AcDbEntity
  8
F.Silkscreen
  6
CONTINUOUS
100
AcDbLine
 10
6.0651288188976373
 20
-4.2838968503937007
 30
0
 11
6.0660327952755901
 21
-4.2837170472440942
 31
0
  0
LINE
  5
D2C
330
1B
100
AcDbEntity
  8
F.Silkscreen
  6
CONTINUOUS
100
AcDbLine
 10
6.0660327952755901
 20
-4.2837170472440942
 30
0
 11
6.1022532677165353
 21
-4.2837170472440942
 31
0
  0
LINE
  5
D2D
330
1B
100
AcDbEntity
  8
F.Silkscreen
  6
CONTINUOUS
100
AcDbLine
 10
6.1022532677165353
 20
-4.2837170472440942
 30
0
 11
6.1031572440944881
 21
-4.2838968503937007
 31
0
  0
LINE
  5
D2E
330
1B
100
AcDbEntity
  8
F.Silkscreen
  6
CONTINUOUS
100
AcDbLine
 10
6.2031572440944878
 20
-4.2838968503937007
 30
0
 11
6.2044356692913381
 21
-4.285175275590551
 31
0
  0
LINE
  5
D2F
330
1B
100
AcDbEntity
  8
F.Silkscreen
  6
CONTINUOUS
100
AcDbLine
 10
6.2044356692913381
 20
-4.285175275590551
 30
0
 11
6.2044356692913381
 21
-4.2869832283464566
 31
0
  0
LINE
  5
D30
330
1B
100
AcDbEntity
  8
F.Silkscreen
  6
CONTINUOUS
100
AcDbLine
 10
6.2044356692913381
 20
-4.2869832283464566
 30
0
 11
6.2031572440944878
 21
-4.2882616535433069
 31
0
  0
LINE
  5
D31
330
1B
100
AcDbEntity
  8
F.Silkscreen
  6
CONTINUOUS
100
AcDbLine
 10
6.2031572440944878
 20
-4.2882616535433069
 30
0
 11
6.202253267716535
 21
-4.2884414566929134
 31
0
  0
LINE
  5
D32
330
1B
100
AcDbEntity
  8
F.Silkscreen
  6
CONTINUOUS
100
AcDbLine
 10
6.202253267716535
 20
-4.2884414566929134
 30
0
 11
6.1660327952755907
 21
-4.2884414566929134
 31
0
  0
LINE
  5
D33
330
1B
100
AcDbEntity
  8
F.Silkscreen
  6
CONTINUOUS
100
AcDbLine
 10
6.1660327952755907
 20
-4.2884414566929134
 30
0
 11
6.1651288188976379
 21
-4.2882616535433069
 31
0
  0
LINE
  5
D34
330
1B
100
AcDbEntity
  8
F.Silkscreen
  6
CONTINUOUS
100
AcDbLine
 10
6.1651288188976379
 20
-4.2882616535433069
 30
0
 11
6.1638503937007876
 21
-4.2869832283464566
 31
0
  0
LINE
  5
D35
330
1B
100
AcDbEntity
  8
F.Silkscreen
  6
CONTINUOUS
100
AcDbLine
 10
6.1638503937007876
 20
-4.2869832283464566
 30
0
 11
6.1638503937007876
 21
-4.285175275590551
 31
0
  0
LINE
  5
D36
330
1B
100
AcDbEntity
  8
F.Silkscreen
  6
CONTINUOUS
100
AcDbLine
 10
6.1638503937007876
 20
-4.285175275590551
 30
0
 11
6.1651288188976379
 21
-4.2838968503937007
 31
0
  0
LINE
  5
D37
330
1B
100
AcDbEntity
  8
F.Silkscreen
  6
CONTINUOUS
100
AcDbLine
 10
6.1651288188976379
 20
-4.2838968503937007
 30
0
 11
6.1660327952755907
 21
-4.2837170472440942
 31
0
  0
LINE
  5
D38
330
1B
100
AcDbEntity
  8
F.Silkscreen
  6
CONTINUOUS
100
AcDbLine
 10
6.1660327952755907
 20
-4.2837170472440942
 30
0
 11
6.202253267716535
 21
-4.2837170472440942
 31
0
  0
LINE
  5
D39
330
1B
100
AcDbEntity
  8
F.Silkscreen
  6
CONTINUOUS
100
AcDbLine
 10
6.202253267716535
 20
-4.2837170472440942
 30
0
 11
6.2031572440944878
 21
-4.2838968503937007
 31
0
  0
LINE
  5
D3A
330
1B
100
AcDbEntity
  8
F.Silkscreen
  6
CONTINUOUS
100
AcDbLine
 10
6.3031572440944883
 20
-4.2838968503937007
 30
0
 11
6.3044356692913386
 21
-4.285175275590551
 31
0
  0
LINE
  5
D3B
330
1B
100
AcDbEntity
  8
F.Silkscreen
  6
CONTINUOUS
100
AcDbLine
 10
6.3044356692913386
 20
-4.285175275590551
 30
0
 11
6.3044356692913386
 21
-4.2869832283464566
 31
0
  0
LINE
  5
D3C
330
1B
100
AcDbEntity
  8
F.Silkscreen
  6
CONTINUOUS
100
AcDbLine
 10
6.3044356692913386
 20
-4.2869832283464566
 30
0
 11
6.3031572440944883
 21
-4.2882616535433069
 31
0
  0
LINE
  5
D3D
330
1B
100
AcDbEntity
  8
F.Silkscreen
  6
CONTINUOUS
100
AcDbLine
 10
6.3031572440944883
 20
-4.2882616535433069
 30
0
 11
6.3022532677165355
 21
-4.2884414566929134
 31
0
  0
LINE
  5
D3E
330
1B
100
AcDbEntity
  8
F.Silkscreen
  6
CONTINUOUS
100
AcDbLine
 10
6.3022532677165355
 20
-4.2884414566929134
 30
0
 11
6.2660327952755903
 21
-4.2884414566929134
 31
0
  0
LINE
  5
D3F
330
1B
100
AcDbEntity
  8
F.Silkscreen
  6
CONTINUOUS
100
AcDbLine
 10
6.2660327952755903
 20
-4.2884414566929134
 30
0
 11
6.2651288188976375
 21
-4.2882616535433069
 31
0
  0
LINE
  5
D40
330
1B
100
AcDbEntity
  8
F.Silkscreen
  6
CONTINUOUS
100
AcDbLine
 10
6.2651288188976375
 20
-4.2882616535433069
 30
0
 11
6.2638503937007872
 21
-4.2869832283464566
 31
0
  0
LINE
  5
D41
330
1B
100
AcDbEntity
  8
F.Silkscreen
  6
CONTINUOUS
100
AcDbLine
 10
6.2638503937007872
 20
-4.2869832283464566
 30
0
 11
6.2638503937007872
 21
-4.285175275590551
 31
0
  0
LINE
  5
D42
330
1B
100
AcDbEntity
  8
F.Silkscreen
  6
CONTINUOUS
100
AcDbLine
 10
6.2638503937007872
 20
-4.285175275590551
 30
0
 11
6.2651288188976375
 21
-4.2838968503937007
 31
0
  0
LINE
  5
D43
330
1B
100
AcDbEntity
  8
F.Silkscreen
  6
CONTINUOUS
100
AcDbLine
 10
6.2651288188976375
 20
-4.2838968503937007
 30
0
 11
6.2660327952755903
 21
-4.2837170472440942
 31
0
  0
LINE
  5
D44
330
1B
100
AcDbEntity
  8
F.Silkscreen
  6
CONTINUOUS
100
AcDbLine
 10
6.2660327952755903
 20
-4.2837170472440942
 30
0
 11
6.3022532677165355
 21
-4.2837170472440942
 31
0
  0
LINE
  5
D45
330
1B
100
AcDbEntity
  8
F.Silkscreen
  6
CONTINUOUS
100
AcDbLine
 10
6.3022532677165355
 20
-4.2837170472440942
 30
0
 11
6.3031572440944883
 21
-4.2838968503937007
 31
0
  0
LINE
  5
D46
330
1B
100
AcDbEntity
  8
F.Silkscreen
  6
CONTINUOUS
100
AcDbLine
 10
6.4031572440944879
 20
-4.2838968503937007
 30
0
 11
6.4044356692913382
 21
-4.285175275590551
 31
0
  0
LINE
  5
D47
330
1B
100
AcDbEntity
  8
F.Silkscreen
  6
CONTINUOUS
100
AcDbLine
 10
6.4044356692913382
 20
-4.285175275590551
 30
0
 11
6.4044356692913382
 21
-4.2869832283464566
 31
0
  0
LINE
  5
D48
330
1B
100
AcDbEntity
  8
F.Silkscreen
  6
CONTINUOUS
100
AcDbLine
 10
6.4044356692913382
 20
-4.2869832283464566
 30
0
 11
6.4031572440944879
 21
-4.2882616535433069
 31
0
  0
LINE
  5
D49
330
1B
100
AcDbEntity
  8
F.Silkscreen
  6
CONTINUOUS
100
AcDbLine
 10
6.4031572440944879
 20
-4.2882616535433069
 30
0
 11
6.4022532677165351
 21
-4.2884414566929134
 31
0
  0
LINE
  5
D4A
330
1B
100
AcDbEntity
  8
F.Silkscreen
  6
CONTINUOUS
100
AcDbLine
 10
6.4022532677165351
 20
-4.2884414566929134
 30
0
 11
6.3660327952755908
 21
-4.2884414566929134
 31
0
  0
LINE
  5
D4B
330
1B
100
AcDbEntity
  8
F.Silkscreen
  6
CONTINUOUS
100
AcDbLine
 10
6.3660327952755908
 20
-4.2884414566929134
 30
0
 11
6.365128818897638
 21
-4.2882616535433069
 31
0
  0
LINE
  5
D4C
330
1B
100
AcDbEntity
  8
F.Silkscreen
  6
CONTINUOUS
100
AcDbLine
 10
6.365128818897638
 20
-4.2882616535433069
 30
0
 11
6.3638503937007869
 21
-4.2869832283464566
 31
0
  0
LINE
  5
D4D
330
1B
100
AcDbEntity
  8
F.Silkscreen
  6
CONTINUOUS
100
AcDbLine
 10
6.3638503937007869
 20
-4.2869832283464566
 30
0
 11
6.3638503937007869
 21
-4.285175275590551
 31
0
  0
LINE
  5
D4E
330
1B
100
AcDbEntity
  8
F.Silkscreen
  6
CONTINUOUS
100
AcDbLine
 10
6.3638503937007869
 20
-4.285175275590551
 30
0
 11
6.365128818897638
 21
-4.2838968503937007
 31
0
  0
LINE
  5
D4F
330
1B
100
AcDbEntity
  8
F.Silkscreen
  6
CONTINUOUS
100
AcDbLine
 10
6.365128818897638
 20
-4.2838968503937007
 30
0
 11
6.3660327952755908
 21
-4.2837170472440942
 31
0
  0
LINE
  5
D50
330
1B
100
AcDbEntity
  8
F.Silkscreen
  6
CONTINUOUS
100
AcDbLine
 10
6.3660327952755908
 20
-4.2837170472440942
 30
0
 11
6.4022532677165351
 21
-4.2837170472440942
 31
0
  0
LINE
  5
D51
330
1B
100
AcDbEntity
  8
F.Silkscreen
  6
CONTINUOUS
100
AcDbLine
 10
6.4022532677165351
 20
-4.2837170472440942
 30
0
 11
6.4031572440944879
 21
-4.2838968503937007
 31
0
  0
LINE
  5
D52
330
1B
100
AcDbEntity
  8
F.Silkscreen
  6
CONTINUOUS
100
AcDbLine
 10
6.5031572440944885
 20
-4.2838968503937007
 30
0
 11
6.5044356692913388
 21
-4.285175275590551
 31
0
  0
LINE
  5
D53
330
1B
100
AcDbEntity
  8
F.Silkscreen
  6
CONTINUOUS
100
AcDbLine
 10
6.5044356692913388
 20
-4.285175275590551
 30
0
 11
6.5044356692913388
 21
-4.2869832283464566
 31
0
  0
LINE
  5
D54
330
1B
100
AcDbEntity
  8
F.Silkscreen
  6
CONTINUOUS
100
AcDbLine
 10
6.5044356692913388
 20
-4.2869832283464566
 30
0
 11
6.5031572440944885
 21
-4.2882616535433069
 31
0
  0
LINE
  5
D55
330
1B
100
AcDbEntity
  8
F.Silkscreen
  6
CONTINUOUS
100
AcDbLine
 10
6.5031572440944885
 20
-4.2882616535433069
 30
0
 11
6.5022532677165357
 21
-4.2884414566929134
 31
0
  0
LINE
  5
D56
330
1B
100
AcDbEntity
  8
F.Silkscreen
  6
CONTINUOUS
100
AcDbLine
 10
6.5022532677165357
 20
-4.2884414566929134
 30
0
 11
6.4660327952755905
 21
-4.2884414566929134
 31
0
  0
LINE
  5
D57
330
1B
100
AcDbEntity
  8
F.Silkscreen
  6
CONTINUOUS
100
AcDbLine
 10
6.4660327952755905
 20
-4.2884414566929134
 30
0
 11
6.4651288188976377
 21
-4.2882616535433069
 31
0
  0
LINE
  5
D58
330
1B
100
AcDbEntity
  8
F.Silkscreen
  6
CONTINUOUS
100
AcDbLine
 10
6.4651288188976377
 20
-4.2882616535433069
 30
0
 11
6.4638503937007874
 21
-4.2869832283464566
 31
0
  0
LINE
  5
D59
330
1B
100
AcDbEntity
  8
F.Silkscreen
  6
CONTINUOUS
100
AcDbLine
 10
6.4638503937007874
 20
-4.2869832283464566
 30
0
 11
6.4638503937007874
 21
-4.285175275590551
 31
0
  0
LINE
  5
D5A
330
1B
100
AcDbEntity
  8
F.Silkscreen
  6
CONTINUOUS
100
AcDbLine
 10
6.4638503937007874
 20
-4.285175275590551
 30
0
 11
6.4651288188976377
 21
-4.2838968503937007
 31
0
  0
LINE
  5
D5B
330
1B
100
AcDbEntity
  8
F.Silkscreen
  6
CONTINUOUS
100
AcDbLine
 10
6.4651288188976377
 20
-4.2838968503937007
 30
0
 11
6.4660327952755905
 21
-4.2837170472440942
 31
0
  0
LINE
  5
D5C
330
1B
100
AcDbEntity
  8
F.Silkscreen
  6
CONTINUOUS
100
AcDbLine
 10
6.4660327952755905
 20
-4.2837170472440942
 30
0
 11
6.5022532677165357
 21
-4.2837170472440942
 31
0
  0
LINE
  5
D5D
330
1B
100
AcDbEntity
  8
F.Silkscreen
  6
CONTINUOUS
100
AcDbLine
 10
6.5022532677165357
 20
-4.2837170472440942
 30
0
 11
6.5031572440944885
 21
-4.2838968503937007
 31
0
  0
LINE
  5
D5E
330
1B
100
AcDbEntity
  8
F.Silkscreen
  6
CONTINUOUS
100
AcDbLine
 10
6.6031572440944881
 20
-4.2838968503937007
 30
0
 11
6.6044356692913384
 21
-4.285175275590551
 31
0
  0
LINE
  5
D5F
330
1B
100
AcDbEntity
  8
F.Silkscreen
  6
CONTINUOUS
100
AcDbLine
 10
6.6044356692913384
 20
-4.285175275590551
 30
0
 11
6.6044356692913384
 21
-4.2869832283464566
 31
0
  0
LINE
  5
D60
330
1B
100
AcDbEntity
  8
F.Silkscreen
  6
CONTINUOUS
100
AcDbLine
 10
6.6044356692913384
 20
-4.2869832283464566
 30
0
 11
6.6031572440944881
 21
-4.2882616535433069
 31
0
  0
LINE
  5
D61
330
1B
100
AcDbEntity
  8
F.Silkscreen
  6
CONTINUOUS
100
AcDbLine
 10
6.6031572440944881
 20
-4.2882616535433069
 30
0
 11
6.6022532677165353
 21
-4.2884414566929134
 31
0
  0
LINE
  5
D62
330
1B
100
AcDbEntity
  8
F.Silkscreen
  6
CONTINUOUS
100
AcDbLine
 10
6.6022532677165353
 20
-4.2884414566929134
 30
0
 11
6.5660327952755901
 21
-4.2884414566929134
 31
0
  0
LINE
  5
D63
330
1B
100
AcDbEntity
  8
F.Silkscreen
  6
CONTINUOUS
100
AcDbLine
 10
6.5660327952755901
 20
-4.2884414566929134
 30
0
 11
6.5651288188976373
 21
-4.2882616535433069
 31
0
  0
LINE
  5
D64
330
1B
100
AcDbEntity
  8
F.Silkscreen
  6
CONTINUOUS
100
AcDbLine
 10
6.5651288188976373
 20
-4.2882616535433069
 30
0
 11
6.563850393700787
 21
-4.2869832283464566
 31
0
  0
LINE
  5
D65
330
1B
100
AcDbEntity
  8
F.Silkscreen
  6
CONTINUOUS
100
AcDbLine
 10
6.563850393700787
 20
-4.2869832283464566
 30
0
 11
6.563850393700787
 21
-4.285175275590551
 31
0
  0
LINE
  5
D66
330
1B
100
AcDbEntity
  8
F.Silkscreen
  6
CONTINUOUS
100
AcDbLine
 10
6.563850393700787
 20
-4.285175275590551
 30
0
 11
6.5651288188976373
 21
-4.2838968503937007
 31
0
  0
LINE
  5
D67
330
1B
100
AcDbEntity
  8
F.Silkscreen
  6
CONTINUOUS
100
AcDbLine
 10
6.5651288188976373
 20
-4.2838968503937007
 30
0
 11
6.5660327952755901
 21
-4.2837170472440942
 31
0
  0
LINE
  5
D68
330
1B
100
AcDbEntity
  8
F.Silkscreen
  6
CONTINUOUS
100
AcDbLine
 10
6.5660327952755901
 20
-4.2837170472440942
 30
0
 11
6.6022532677165353
 21
-4.2837170472440942
 31
0
  0
LINE
  5
D69
330
1B
100
AcDbEntity
  8
F.Silkscreen
  6
CONTINUOUS
100
AcDbLine
 10
6.6022532677165353
 20
-4.2837170472440942
 30
0
 11
6.6031572440944881
 21
-4.2838968503937007
 31
0
  0
LINE
  5
D6A
330
1B
100
AcDbEntity
  8
F.Silkscreen
  6
CONTINUOUS
100
AcDbLine
 10
6.6893777165354331
 20
-4.0752354330708664
 30
0
 11
6.6906561417322834
 21
-4.0765138582677167
 31
0
  0
LINE
  5
D6B
330
1B
100
AcDbEntity
  8
F.Silkscreen
  6
CONTINUOUS
100
AcDbLine
 10
6.6906561417322834
 20
-4.0765138582677167
 30
0
 11
6.6908359448818899
 21
-4.0774178346456695
 31
0
  0
LINE
  5
D6C
330
1B
100
AcDbEntity
  8
F.Silkscreen
  6
CONTINUOUS
100
AcDbLine
 10
6.6908359448818899
 20
-4.0774178346456695
 30
0
 11
6.6908359448818899
 21
-4.2860792519685038
 31
0
  0
LINE
  5
D6D
330
1B
100
AcDbEntity
  8
F.Silkscreen
  6
CONTINUOUS
100
AcDbLine
 10
6.6908359448818899
 20
-4.2860792519685038
 30
0
 11
6.6906561417322834
 21
-4.2869832283464566
 31
0
  0
LINE
  5
D6E
330
1B
100
AcDbEntity
  8
F.Silkscreen
  6
CONTINUOUS
100
AcDbLine
 10
6.6906561417322834
 20
-4.2869832283464566
 30
0
 11
6.6893777165354331
 21
-4.2882616535433069
 31
0
  0
LINE
  5
D6F
330
1B
100
AcDbEntity
  8
F.Silkscreen
  6
CONTINUOUS
100
AcDbLine
 10
6.6893777165354331
 20
-4.2882616535433069
 30
0
 11
6.6884737401574803
 21
-4.2884414566929134
 31
0
  0
LINE
  5
D70
330
1B
100
AcDbEntity
  8
F.Silkscreen
  6
CONTINUOUS
100
AcDbLine
 10
6.6884737401574803
 20
-4.2884414566929134
 30
0
 11
6.6660327952755907
 21
-4.2884414566929134
 31
0
  0
LINE
  5
D71
330
1B
100
AcDbEntity
  8
F.Silkscreen
  6
CONTINUOUS
100
AcDbLine
 10
6.6660327952755907
 20
-4.2884414566929134
 30
0
 11
6.6651288188976379
 21
-4.2882616535433069
 31
0
  0
LINE
  5
D72
330
1B
100
AcDbEntity
  8
F.Silkscreen
  6
CONTINUOUS
100
AcDbLine
 10
6.6651288188976379
 20
-4.2882616535433069
 30
0
 11
6.6638503937007876
 21
-4.2869832283464566
 31
0
  0
LINE
  5
D73
330
1B
100
AcDbEntity
  8
F.Silkscreen
  6
CONTINUOUS
100
AcDbLine
 10
6.6638503937007876
 20
-4.2869832283464566
 30
0
 11
6.6638503937007876
 21
-4.285175275590551
 31
0
  0
LINE
  5
D74
330
1B
100
AcDbEntity
  8
F.Silkscreen
  6
CONTINUOUS
100
AcDbLine
 10
6.6638503937007876
 20
-4.285175275590551
 30
0
 11
6.6651288188976379
 21
-4.2838968503937007
 31
0
  0
LINE
  5
D75
330
1B
100
AcDbEntity
  8
F.Silkscreen
  6
CONTINUOUS
100
AcDbLine
 10
6.6651288188976379
 20
-4.2838968503937007
 30
0
 11
6.6660327952755907
 21
-4.2837170472440942
 31
0
  0
LINE
  5
D76
330
1B
100
AcDbEntity
  8
F.Silkscreen
  6
CONTINUOUS
100
AcDbLine
 10
6.6660327952755907
 20
-4.2837170472440942
 30
0
 11
6.6861115354330707
 21
-4.2837170472440942
 31
0
  0
LINE
  5
D77
330
1B
100
AcDbEntity
  8
F.Silkscreen
  6
CONTINUOUS
100
AcDbLine
 10
6.6861115354330707
 20
-4.2837170472440942
 30
0
 11
6.6861115354330707
 21
-4.0797800393700783
 31
0
  0
LINE
  5
D78
330
1B
100
AcDbEntity
  8
F.Silkscreen
  6
CONTINUOUS
100
AcDbLine
 10
6.6861115354330707
 20
-4.0797800393700783
 30
0
 11
6.6660327952755907
 21
-4.0797800393700783
 31
0
  0
LINE
  5
D79
330
1B
100
AcDbEntity
  8
F.Silkscreen
  6
CONTINUOUS
100
AcDbLine
 10
6.6660327952755907
 20
-4.0797800393700783
 30
0
 11
6.6651288188976379
 21
-4.0796002362204726
 31
0
  0
LINE
  5
D7A
330
1B
100
AcDbEntity
  8
F.Silkscreen
  6
CONTINUOUS
100
AcDbLine
 10
6.6651288188976379
 20
-4.0796002362204726
 30
0
 11
6.6638503937007876
 21
-4.0783218110236223
 31
0
  0
LINE
  5
D7B
330
1B
100
AcDbEntity
  8
F.Silkscreen
  6
CONTINUOUS
100
AcDbLine
 10
6.6638503937007876
 20
-4.0783218110236223
 30
0
 11
6.6638503937007876
 21
-4.0765138582677167
 31
0
  0
LINE
  5
D7C
330
1B
100
AcDbEntity
  8
F.Silkscreen
  6
CONTINUOUS
100
AcDbLine
 10
6.6638503937007876
 20
-4.0765138582677167
 30
0
 11
6.6651288188976379
 21
-4.0752354330708664
 31
0
  0
LINE
  5
D7D
330
1B
100
AcDbEntity
  8
F.Silkscreen
  6
CONTINUOUS
100
AcDbLine
 10
6.6651288188976379
 20
-4.0752354330708664
 30
0
 11
6.6660327952755907
 21
-4.0750556299212599
 31
0
  0
LINE
  5
D7E
330
1B
100
AcDbEntity
  8
F.Silkscreen
  6
CONTINUOUS
100
AcDbLine
 10
6.6660327952755907
 20
-4.0750556299212599
 30
0
 11
6.6884737401574803
 21
-4.0750556299212599
 31
0
  0
LINE
  5
D7F
330
1B
100
AcDbEntity
  8
F.Silkscreen
  6
CONTINUOUS
100
AcDbLine
 10
6.6884737401574803
 20
-4.0750556299212599
 30
0
 11
6.6893777165354331
 21
-4.0752354330708664
 31
0
  0
LINE
  5
D80
330
1B
100
AcDbEntity
  8
F.Silkscreen
  6
CONTINUOUS
100
AcDbLine
 10
5.4583262598425195
 20
-4.2569705118110237
 30
0
 11
5.459140905511811
 21
-4.2577851574803152
 31
0
  0
LINE
  5
D81
330
1B
100
AcDbEntity
  8
F.Silkscreen
  6
CONTINUOUS
100
AcDbLine
 10
5.459140905511811
 20
-4.2577851574803152
 30
0
 11
5.4595818110236216
 21
-4.2588495669291335
 31
0
  0
LINE
  5
D82
330
1B
100
AcDbEntity
  8
F.Silkscreen
  6
CONTINUOUS
100
AcDbLine
 10
5.4595818110236216
 20
-4.2588495669291335
 30
0
 11
5.4596385433070864
 21
-4.2594256299212594
 31
0
  0
LINE
  5
D83
330
1B
100
AcDbEntity
  8
F.Silkscreen
  6
CONTINUOUS
100
AcDbLine
 10
5.4596385433070864
 20
-4.2594256299212594
 30
0
 11
5.4596385433070864
 21
-4.2819227952755901
 31
0
  0
LINE
  5
D84
330
1B
100
AcDbEntity
  8
F.Silkscreen
  6
CONTINUOUS
100
AcDbLine
 10
5.4596385433070864
 20
-4.2819227952755901
 30
0
 11
5.4595818110236216
 21
-4.2824988582677168
 31
0
  0
LINE
  5
D85
330
1B
100
AcDbEntity
  8
F.Silkscreen
  6
CONTINUOUS
100
AcDbLine
 10
5.4595818110236216
 20
-4.2824988582677168
 30
0
 11
5.459140905511811
 21
-4.2835632677165352
 31
0
  0
LINE
  5
D86
330
1B
100
AcDbEntity
  8
F.Silkscreen
  6
CONTINUOUS
100
AcDbLine
 10
5.459140905511811
 20
-4.2835632677165352
 30
0
 11
5.4583262598425195
 21
-4.2843779133858266
 31
0
  0
LINE
  5
D87
330
1B
100
AcDbEntity
  8
F.Silkscreen
  6
CONTINUOUS
100
AcDbLine
 10
5.4583262598425195
 20
-4.2843779133858266
 30
0
 11
5.4572618503937003
 21
-4.2848188188976373
 31
0
  0
LINE
  5
D88
330
1B
100
AcDbEntity
  8
F.Silkscreen
  6
CONTINUOUS
100
AcDbLine
 10
5.4572618503937003
 20
-4.2848188188976373
 30
0
 11
5.4561097244094485
 21
-4.2848188188976373
 31
0
  0
LINE
  5
D89
330
1B
100
AcDbEntity
  8
F.Silkscreen
  6
CONTINUOUS
100
AcDbLine
 10
5.4561097244094485
 20
-4.2848188188976373
 30
0
 11
5.4550453149606302
 21
-4.2843779133858266
 31
0
  0
LINE
  5
D8A
330
1B
100
AcDbEntity
  8
F.Silkscreen
  6
CONTINUOUS
100
AcDbLine
 10
5.4550453149606302
 20
-4.2843779133858266
 30
0
 11
5.4542306692913387
 21
-4.2835632677165352
 31
0
  0
LINE
  5
D8B
330
1B
100
AcDbEntity
  8
F.Silkscreen
  6
CONTINUOUS
100
AcDbLine
 10
5.4542306692913387
 20
-4.2835632677165352
 30
0
 11
5.4537897637795272
 21
-4.2824988582677168
 31
0
  0
LINE
  5
D8C
330
1B
100
AcDbEntity
  8
F.Silkscreen
  6
CONTINUOUS
100
AcDbLine
 10
5.4537897637795272
 20
-4.2824988582677168
 30
0
 11
5.4537330314960633
 21
-4.2819227952755901
 31
0
  0
LINE
  5
D8D
330
1B
100
AcDbEntity
  8
F.Silkscreen
  6
CONTINUOUS
100
AcDbLine
 10
5.4537330314960633
 20
-4.2819227952755901
 30
0
 11
5.4537330314960633
 21
-4.2736269685039368
 31
0
  0
LINE
  5
D8E
330
1B
100
AcDbEntity
  8
F.Silkscreen
  6
CONTINUOUS
100
AcDbLine
 10
5.4537330314960633
 20
-4.2736269685039368
 30
0
 11
5.4263190551181104
 21
-4.2736269685039368
 31
0
  0
LINE
  5
D8F
330
1B
100
AcDbEntity
  8
F.Silkscreen
  6
CONTINUOUS
100
AcDbLine
 10
5.4263190551181104
 20
-4.2736269685039368
 30
0
 11
5.4287774409448817
 21
-4.2760853543307089
 31
0
  0
LINE
  5
D90
330
1B
100
AcDbEntity
  8
F.Silkscreen
  6
CONTINUOUS
100
AcDbLine
 10
5.4287774409448817
 20
-4.2760853543307089
 30
0
 11
5.4289632677165356
 21
-4.2763117322834647
 31
0
  0
LINE
  5
D91
330
1B
100
AcDbEntity
  8
F.Silkscreen
  6
CONTINUOUS
100
AcDbLine
 10
5.4289632677165356
 20
-4.2763117322834647
 30
0
 11
5.4290222047244097
 21
-4.2763628740157476
 31
0
  0
LINE
  5
D92
330
1B
100
AcDbEntity
  8
F.Silkscreen
  6
CONTINUOUS
100
AcDbLine
 10
5.4290222047244097
 20
-4.2763628740157476
 30
0
 11
5.4290780708661419
 21
-4.2764516141732285
 31
0
  0
LINE
  5
D93
330
1B
100
AcDbEntity
  8
F.Silkscreen
  6
CONTINUOUS
100
AcDbLine
 10
5.4290780708661419
 20
-4.2764516141732285
 30
0
 11
5.4291446850393701
 21
-4.2765327952755907
 31
0
  0
LINE
  5
D94
330
1B
100
AcDbEntity
  8
F.Silkscreen
  6
CONTINUOUS
100
AcDbLine
 10
5.4291446850393701
 20
-4.2765327952755907
 30
0
 11
5.4291745275590548
 21
-4.2766049212598425
 31
0
  0
LINE
  5
D95
330
1B
100
AcDbEntity
  8
F.Silkscreen
  6
CONTINUOUS
100
AcDbLine
 10
5.4291745275590548
 20
-4.2766049212598425
 30
0
 11
5.4293305511811019
 21
-4.2768527559055114
 31
0
  0
LINE
  5
D96
330
1B
100
AcDbEntity
  8
F.Silkscreen
  6
CONTINUOUS
100
AcDbLine
 10
5.4293305511811019
 20
-4.2768527559055114
 30
0
 11
5.4312053149606294
 21
-4.2806022834645665
 31
0
  0
LINE
  5
D97
330
1B
100
AcDbEntity
  8
F.Silkscreen
  6
CONTINUOUS
100
AcDbLine
 10
5.4312053149606294
 20
-4.2806022834645665
 30
0
 11
5.4314122047244089
 21
-4.2811428740157478
 31
0
  0
LINE
  5
D98
330
1B
100
AcDbEntity
  8
F.Silkscreen
  6
CONTINUOUS
100
AcDbLine
 10
5.4314122047244089
 20
-4.2811428740157478
 30
0
 11
5.4314938582677161
 21
-4.2822920866141727
 31
0
  0
LINE
  5
D99
330
1B
100
AcDbEntity
  8
F.Silkscreen
  6
CONTINUOUS
100
AcDbLine
 10
5.4314938582677161
 20
-4.2822920866141727
 30
0
 11
5.4311295275590554
 21
-4.2833850787401575
 31
0
  0
LINE
  5
D9A
330
1B
100
AcDbEntity
  8
F.Silkscreen
  6
CONTINUOUS
100
AcDbLine
 10
5.4311295275590554
 20
-4.2833850787401575
 30
0
 11
5.4303746850393697
 21
-4.2842554330708662
 31
0
  0
LINE
  5
D9B
330
1B
100
AcDbEntity
  8
F.Silkscreen
  6
CONTINUOUS
100
AcDbLine
 10
5.4303746850393697
 20
-4.2842554330708662
 30
0
 11
5.4293441732283467
 21
-4.2847707086614175
 31
0
  0
LINE
  5
D9C
330
1B
100
AcDbEntity
  8
F.Silkscreen
  6
CONTINUOUS
100
AcDbLine
 10
5.4293441732283467
 20
-4.2847707086614175
 30
0
 11
5.4281949606299209
 21
-4.2848523622047239
 31
0
  0
LINE
  5
D9D
330
1B
100
AcDbEntity
  8
F.Silkscreen
  6
CONTINUOUS
100
AcDbLine
 10
5.4281949606299209
 20
-4.2848523622047239
 30
0
 11
5.4271020078740158
 21
-4.2844880314960632
 31
0
  0
LINE
  5
D9E
330
1B
100
AcDbEntity
  8
F.Silkscreen
  6
CONTINUOUS
100
AcDbLine
 10
5.4271020078740158
 20
-4.2844880314960632
 30
0
 11
5.4262316141732283
 21
-4.2837331889763774
 31
0
  0
LINE
  5
D9F
330
1B
100
AcDbEntity
  8
F.Silkscreen
  6
CONTINUOUS
100
AcDbLine
 10
5.4262316141732283
 20
-4.2837331889763774
 30
0
 11
5.4259232677165352
 21
-4.2832433070866145
 31
0
  0
LINE
  5
DA0
330
1B
100
AcDbEntity
  8
F.Silkscreen
  6
CONTINUOUS
100
AcDbLine
 10
5.4259232677165352
 20
-4.2832433070866145
 30
0
 11
5.4242627952755909
 21
-4.279922362204724
 31
0
  0
LINE
  5
DA1
330
1B
100
AcDbEntity
  8
F.Silkscreen
  6
CONTINUOUS
100
AcDbLine
 10
5.4242627952755909
 20
-4.279922362204724
 30
0
 11
5.4210588188976381
 21
-4.2767183858267712
 31
0
  0
LINE
  5
DA2
330
1B
100
AcDbEntity
  8
F.Silkscreen
  6
CONTINUOUS
100
AcDbLine
 10
5.4210588188976381
 20
-4.2767183858267712
 30
0
 11
5.4156777952755908
 21
-4.2731310629921255
 31
0
  0
LINE
  5
DA3
330
1B
100
AcDbEntity
  8
F.Silkscreen
  6
CONTINUOUS
100
AcDbLine
 10
5.4156777952755908
 20
-4.2731310629921255
 30
0
 11
5.4156761023622044
 21
-4.2731296850393701
 31
0
  0
LINE
  5
DA4
330
1B
100
AcDbEntity
  8
F.Silkscreen
  6
CONTINUOUS
100
AcDbLine
 10
5.4156761023622044
 20
-4.2731296850393701
 30
0
 11
5.4156752362204728
 21
-4.2731293307086613
 31
0
  0
LINE
  5
DA5
330
1B
100
AcDbEntity
  8
F.Silkscreen
  6
CONTINUOUS
100
AcDbLine
 10
5.4156752362204728
 20
-4.2731293307086613
 30
0
 11
5.4156731889763776
 21
-4.273127283464567
 31
0
  0
LINE
  5
DA6
330
1B
100
AcDbEntity
  8
F.Silkscreen
  6
CONTINUOUS
100
AcDbLine
 10
5.4156731889763776
 20
-4.273127283464567
 30
0
 11
5.4152299606299215
 21
-4.2727642913385822
 31
0
  0
LINE
  5
DA7
330
1B
100
AcDbEntity
  8
F.Silkscreen
  6
CONTINUOUS
100
AcDbLine
 10
5.4152299606299215
 20
-4.2727642913385822
 30
0
 11
5.415067283464567
 21
-4.2725213779527556
 31
0
  0
LINE
  5
DA8
330
1B
100
AcDbEntity
  8
F.Silkscreen
  6
CONTINUOUS
100
AcDbLine
 10
5.415067283464567
 20
-4.2725213779527556
 30
0
 11
5.4148605905511813
 21
-4.2723146850393698
 31
0
  0
LINE
  5
DA9
330
1B
100
AcDbEntity
  8
F.Silkscreen
  6
CONTINUOUS
100
AcDbLine
 10
5.4148605905511813
 20
-4.2723146850393698
 30
0
 11
5.4147498425196847
 21
-4.2720473622047246
 31
0
  0
LINE
  5
DAA
330
1B
100
AcDbEntity
  8
F.Silkscreen
  6
CONTINUOUS
100
AcDbLine
 10
5.4147498425196847
 20
-4.2720473622047246
 30
0
 11
5.4145888976377954
 21
-4.271807007874016
 31
0
  0
LINE
  5
DAB
330
1B
100
AcDbEntity
  8
F.Silkscreen
  6
CONTINUOUS
100
AcDbLine
 10
5.4145888976377954
 20
-4.271807007874016
 30
0
 11
5.4145315354330705
 21
-4.2715203543307085
 31
0
  0
LINE
  5
DAC
330
1B
100
AcDbEntity
  8
F.Silkscreen
  6
CONTINUOUS
100
AcDbLine
 10
5.4145315354330705
 20
-4.2715203543307085
 30
0
 11
5.4144196850393698
 21
-4.2712502755905515
 31
0
  0
LINE
  5
DAD
330
1B
100
AcDbEntity
  8
F.Silkscreen
  6
CONTINUOUS
100
AcDbLine
 10
5.4144196850393698
 20
-4.2712502755905515
 30
0
 11
5.4144196850393698
 21
-4.2709609448818897
 31
0
  0
LINE
  5
DAE
330
1B
100
AcDbEntity
  8
F.Silkscreen
  6
CONTINUOUS
100
AcDbLine
 10
5.4144196850393698
 20
-4.2709609448818897
 30
0
 11
5.414362952755905
 21
-4.2706773228346453
 31
0
  0
LINE
  5
DAF
330
1B
100
AcDbEntity
  8
F.Silkscreen
  6
CONTINUOUS
100
AcDbLine
 10
5.414362952755905
 20
-4.2706773228346453
 30
0
 11
5.4144196850393698
 21
-4.2703905118110237
 31
0
  0
LINE
  5
DB0
330
1B
100
AcDbEntity
  8
F.Silkscreen
  6
CONTINUOUS
100
AcDbLine
 10
5.4144196850393698
 20
-4.2703905118110237
 30
0
 11
5.4144196850393698
 21
-4.2700981496062989
 31
0
  0
LINE
  5
DB1
330
1B
100
AcDbEntity
  8
F.Silkscreen
  6
CONTINUOUS
100
AcDbLine
 10
5.4144196850393698
 20
-4.2700981496062989
 30
0
 11
5.4145303937007876
 21
-4.2698308661417324
 31
0
  0
LINE
  5
DB2
330
1B
100
AcDbEntity
  8
F.Silkscreen
  6
CONTINUOUS
100
AcDbLine
 10
5.4145303937007876
 20
-4.2698308661417324
 30
0
 11
5.4145865354330711
 21
-4.2695470866141729
 31
0
  0
LINE
  5
DB3
330
1B
100
AcDbEntity
  8
F.Silkscreen
  6
CONTINUOUS
100
AcDbLine
 10
5.4145865354330711
 20
-4.2695470866141729
 30
0
 11
5.4147487007874018
 21
-4.2693038188976375
 31
0
  0
LINE
  5
DB4
330
1B
100
AcDbEntity
  8
F.Silkscreen
  6
CONTINUOUS
100
AcDbLine
 10
5.4147487007874018
 20
-4.2693038188976375
 30
0
 11
5.4148605905511813
 21
-4.2690337401574805
 31
0
  0
LINE
  5
DB5
330
1B
100
AcDbEntity
  8
F.Silkscreen
  6
CONTINUOUS
100
AcDbLine
 10
5.4148605905511813
 20
-4.2690337401574805
 30
0
 11
5.4150651181102365
 21
-4.2688291732283465
 31
0
  0
LINE
  5
DB6
330
1B
100
AcDbEntity
  8
F.Silkscreen
  6
CONTINUOUS
100
AcDbLine
 10
5.4150651181102365
 20
-4.2688291732283465
 30
0
 11
5.4152256299212596
 21
-4.2685884645669292
 31
0
  0
LINE
  5
DB7
330
1B
100
AcDbEntity
  8
F.Silkscreen
  6
CONTINUOUS
100
AcDbLine
 10
5.4152256299212596
 20
-4.2685884645669292
 30
0
 11
5.4154685039370074
 21
-4.2684257874015747
 31
0
  0
LINE
  5
DB8
330
1B
100
AcDbEntity
  8
F.Silkscreen
  6
CONTINUOUS
100
AcDbLine
 10
5.4154685039370074
 20
-4.2684257874015747
 30
0
 11
5.4156752362204728
 21
-4.268219094488189
 31
0
  0
LINE
  5
DB9
330
1B
100
AcDbEntity
  8
F.Silkscreen
  6
CONTINUOUS
100
AcDbLine
 10
5.4156752362204728
 20
-4.268219094488189
 30
0
 11
5.4159425196850393
 21
-4.2681083464566925
 31
0
  0
LINE
  5
DBA
330
1B
100
AcDbEntity
  8
F.Silkscreen
  6
CONTINUOUS
100
AcDbLine
 10
5.4159425196850393
 20
-4.2681083464566925
 30
0
 11
5.4161829133858266
 21
-4.2679474015748031
 31
0
  0
LINE
  5
DBB
330
1B
100
AcDbEntity
  8
F.Silkscreen
  6
CONTINUOUS
100
AcDbLine
 10
5.4161829133858266
 20
-4.2679474015748031
 30
0
 11
5.4164695275590553
 21
-4.2678900393700783
 31
0
  0
LINE
  5
DBC
330
1B
100
AcDbEntity
  8
F.Silkscreen
  6
CONTINUOUS
100
AcDbLine
 10
5.4164695275590553
 20
-4.2678900393700783
 30
0
 11
5.4167396456692911
 21
-4.2677781889763775
 31
0
  0
LINE
  5
DBD
330
1B
100
AcDbEntity
  8
F.Silkscreen
  6
CONTINUOUS
100
AcDbLine
 10
5.4167396456692911
 20
-4.2677781889763775
 30
0
 11
5.4173095669291333
 21
-4.267722047244094
 31
0
  0
LINE
  5
DBE
330
1B
100
AcDbEntity
  8
F.Silkscreen
  6
CONTINUOUS
100
AcDbLine
 10
5.4173095669291333
 20
-4.267722047244094
 30
0
 11
5.4173125984251964
 21
-4.2677214566929136
 31
0
  0
LINE
  5
DBF
330
1B
100
AcDbEntity
  8
F.Silkscreen
  6
CONTINUOUS
100
AcDbLine
 10
5.4173125984251964
 20
-4.2677214566929136
 30
0
 11
5.417313622047244
 21
-4.2677216535433073
 31
0
  0
LINE
  5
DC0
330
1B
100
AcDbEntity
  8
F.Silkscreen
  6
CONTINUOUS
100
AcDbLine
 10
5.417313622047244
 20
-4.2677216535433073
 30
0
 11
5.417315708661417
 21
-4.2677214566929136
 31
0
  0
LINE
  5
DC1
330
1B
100
AcDbEntity
  8
F.Silkscreen
  6
CONTINUOUS
100
AcDbLine
 10
5.417315708661417
 20
-4.2677214566929136
 30
0
 11
5.4537330314960633
 21
-4.2677214566929136
 31
0
  0
LINE
  5
DC2
330
1B
100
AcDbEntity
  8
F.Silkscreen
  6
CONTINUOUS
100
AcDbLine
 10
5.4537330314960633
 20
-4.2677214566929136
 30
0
 11
5.4537330314960633
 21
-4.2594256299212594
 31
0
  0
LINE
  5
DC3
330
1B
100
AcDbEntity
  8
F.Silkscreen
  6
CONTINUOUS
100
AcDbLine
 10
5.4537330314960633
 20
-4.2594256299212594
 30
0
 11
5.4537897637795272
 21
-4.2588495669291335
 31
0
  0
LINE
  5
DC4
330
1B
100
AcDbEntity
  8
F.Silkscreen
  6
CONTINUOUS
100
AcDbLine
 10
5.4537897637795272
 20
-4.2588495669291335
 30
0
 11
5.4542306692913387
 21
-4.2577851574803152
 31
0
  0
LINE
  5
DC5
330
1B
100
AcDbEntity
  8
F.Silkscreen
  6
CONTINUOUS
100
AcDbLine
 10
5.4542306692913387
 20
-4.2577851574803152
 30
0
 11
5.4550453149606302
 21
-4.2569705118110237
 31
0
  0
LINE
  5
DC6
330
1B
100
AcDbEntity
  8
F.Silkscreen
  6
CONTINUOUS
100
AcDbLine
 10
5.4550453149606302
 20
-4.2569705118110237
 30
0
 11
5.4561097244094485
 21
-4.2565296062992122
 31
0
  0
LINE
  5
DC7
330
1B
100
AcDbEntity
  8
F.Silkscreen
  6
CONTINUOUS
100
AcDbLine
 10
5.4561097244094485
 20
-4.2565296062992122
 30
0
 11
5.4572618503937003
 21
-4.2565296062992122
 31
0
  0
LINE
  5
DC8
330
1B
100
AcDbEntity
  8
F.Silkscreen
  6
CONTINUOUS
100
AcDbLine
 10
5.4572618503937003
 20
-4.2565296062992122
 30
0
 11
5.4583262598425195
 21
-4.2569705118110237
 31
0
  0
LINE
  5
DC9
330
1B
100
AcDbEntity
  8
F.Silkscreen
  6
CONTINUOUS
100
AcDbLine
 10
5.4288558267716533
 20
-4.0840606299212601
 30
0
 11
5.428933582677165
 21
-4.0840551181102365
 31
0
  0
LINE
  5
DCA
330
1B
100
AcDbEntity
  8
F.Silkscreen
  6
CONTINUOUS
100
AcDbLine
 10
5.428933582677165
 20
-4.0840551181102365
 30
0
 11
5.4290358267716536
 21
-4.0840783464566925
 31
0
  0
LINE
  5
DCB
330
1B
100
AcDbEntity
  8
F.Silkscreen
  6
CONTINUOUS
100
AcDbLine
 10
5.4290358267716536
 20
-4.0840783464566925
 30
0
 11
5.4291403543307082
 21
-4.0840886614173231
 31
0
  0
LINE
  5
DCC
330
1B
100
AcDbEntity
  8
F.Silkscreen
  6
CONTINUOUS
100
AcDbLine
 10
5.4291403543307082
 20
-4.0840886614173231
 30
0
 11
5.4292124409448821
 21
-4.0841185039370078
 31
0
  0
LINE
  5
DCD
330
1B
100
AcDbEntity
  8
F.Silkscreen
  6
CONTINUOUS
100
AcDbLine
 10
5.4292124409448821
 20
-4.0841185039370078
 30
0
 11
5.4294980314960632
 21
-4.0841834645669293
 31
0
  0
LINE
  5
DCE
330
1B
100
AcDbEntity
  8
F.Silkscreen
  6
CONTINUOUS
100
AcDbLine
 10
5.4294980314960632
 20
-4.0841834645669293
 30
0
 11
5.4351223228346459
 21
-4.0860582283464568
 31
0
  0
LINE
  5
DCF
330
1B
100
AcDbEntity
  8
F.Silkscreen
  6
CONTINUOUS
100
AcDbLine
 10
5.4351223228346459
 20
-4.0860582283464568
 30
0
 11
5.4356508661417324
 21
-4.0862942125984247
 31
0
  0
LINE
  5
DD0
330
1B
100
AcDbEntity
  8
F.Silkscreen
  6
CONTINUOUS
100
AcDbLine
 10
5.4356508661417324
 20
-4.0862942125984247
 30
0
 11
5.4357309842519683
 21
-4.0863637007874019
 31
0
  0
LINE
  5
DD1
330
1B
100
AcDbEntity
  8
F.Silkscreen
  6
CONTINUOUS
100
AcDbLine
 10
5.4357309842519683
 20
-4.0863637007874019
 30
0
 11
5.4358290551181101
 21
-4.0864043307086613
 31
0
  0
LINE
  5
DD2
330
1B
100
AcDbEntity
  8
F.Silkscreen
  6
CONTINUOUS
100
AcDbLine
 10
5.4358290551181101
 20
-4.0864043307086613
 30
0
 11
5.4362764960629919
 21
-4.0867715354330709
 31
0
  0
LINE
  5
DD3
330
1B
100
AcDbEntity
  8
F.Silkscreen
  6
CONTINUOUS
100
AcDbLine
 10
5.4362764960629919
 20
-4.0867715354330709
 30
0
 11
5.4537330314960633
 21
-4.1042280314960626
 31
0
  0
LINE
  5
DD4
330
1B
100
AcDbEntity
  8
F.Silkscreen
  6
CONTINUOUS
100
AcDbLine
 10
5.4537330314960633
 20
-4.1042280314960626
 30
0
 11
5.4537330314960633
 21
-4.0869846850393703
 31
0
  0
LINE
  5
DD5
330
1B
100
AcDbEntity
  8
F.Silkscreen
  6
CONTINUOUS
100
AcDbLine
 10
5.4537330314960633
 20
-4.0869846850393703
 30
0
 11
5.4537897637795272
 21
-4.0864086220472444
 31
0
  0
LINE
  5
DD6
330
1B
100
AcDbEntity
  8
F.Silkscreen
  6
CONTINUOUS
100
AcDbLine
 10
5.4537897637795272
 20
-4.0864086220472444
 30
0
 11
5.4542306692913387
 21
-4.0853442125984252
 31
0
  0
LINE
  5
DD7
330
1B
100
AcDbEntity
  8
F.Silkscreen
  6
CONTINUOUS
100
AcDbLine
 10
5.4542306692913387
 20
-4.0853442125984252
 30
0
 11
5.4550453149606302
 21
-4.0845295669291337
 31
0
  0
LINE
  5
DD8
330
1B
100
AcDbEntity
  8
F.Silkscreen
  6
CONTINUOUS
100
AcDbLine
 10
5.4550453149606302
 20
-4.0845295669291337
 30
0
 11
5.4561097244094485
 21
-4.0840886614173231
 31
0
  0
LINE
  5
DD9
330
1B
100
AcDbEntity
  8
F.Silkscreen
  6
CONTINUOUS
100
AcDbLine
 10
5.4561097244094485
 20
-4.0840886614173231
 30
0
 11
5.4572618503937003
 21
-4.0840886614173231
 31
0
  0
LINE
  5
DDA
330
1B
100
AcDbEntity
  8
F.Silkscreen
  6
CONTINUOUS
100
AcDbLine
 10
5.4572618503937003
 20
-4.0840886614173231
 30
0
 11
5.4583262598425195
 21
-4.0845295669291337
 31
0
  0
LINE
  5
DDB
330
1B
100
AcDbEntity
  8
F.Silkscreen
  6
CONTINUOUS
100
AcDbLine
 10
5.4583262598425195
 20
-4.0845295669291337
 30
0
 11
5.459140905511811
 21
-4.0853442125984252
 31
0
  0
LINE
  5
DDC
330
1B
100
AcDbEntity
  8
F.Silkscreen
  6
CONTINUOUS
100
AcDbLine
 10
5.459140905511811
 20
-4.0853442125984252
 30
0
 11
5.4595818110236216
 21
-4.0864086220472444
 31
0
  0
LINE
  5
DDD
330
1B
100
AcDbEntity
  8
F.Silkscreen
  6
CONTINUOUS
100
AcDbLine
 10
5.4595818110236216
 20
-4.0864086220472444
 30
0
 11
5.4596385433070864
 21
-4.0869846850393703
 31
0
  0
LINE
  5
DDE
330
1B
100
AcDbEntity
  8
F.Silkscreen
  6
CONTINUOUS
100
AcDbLine
 10
5.4596385433070864
 20
-4.0869846850393703
 30
0
 11
5.4596385433070864
 21
-4.1113566141732285
 31
0
  0
LINE
  5
DDF
330
1B
100
AcDbEntity
  8
F.Silkscreen
  6
CONTINUOUS
100
AcDbLine
 10
5.4596385433070864
 20
-4.1113566141732285
 30
0
 11
5.4595818110236216
 21
-4.1119326771653544
 31
0
  0
LINE
  5
DE0
330
1B
100
AcDbEntity
  8
F.Silkscreen
  6
CONTINUOUS
100
AcDbLine
 10
5.4595818110236216
 20
-4.1119326771653544
 30
0
 11
5.4594526771653547
 21
-4.1122444094488184
 31
0
  0
LINE
  5
DE1
330
1B
100
AcDbEntity
  8
F.Silkscreen
  6
CONTINUOUS
100
AcDbLine
 10
5.4594526771653547
 20
-4.1122444094488184
 30
0
 11
5.4591409448818897
 21
-4.1129970866141727
 31
0
  0
LINE
  5
DE2
330
1B
100
AcDbEntity
  8
F.Silkscreen
  6
CONTINUOUS
100
AcDbLine
 10
5.4591409448818897
 20
-4.1129970866141727
 30
0
 11
5.4583262598425195
 21
-4.1138117322834642
 31
0
  0
LINE
  5
DE3
330
1B
100
AcDbEntity
  8
F.Silkscreen
  6
CONTINUOUS
100
AcDbLine
 10
5.4583262598425195
 20
-4.1138117322834642
 30
0
 11
5.4572618503937003
 21
-4.1142526377952757
 31
0
  0
LINE
  5
DE4
330
1B
100
AcDbEntity
  8
F.Silkscreen
  6
CONTINUOUS
100
AcDbLine
 10
5.4572618503937003
 20
-4.1142526377952757
 30
0
 11
5.4561097637795273
 21
-4.1142526377952757
 31
0
  0
LINE
  5
DE5
330
1B
100
AcDbEntity
  8
F.Silkscreen
  6
CONTINUOUS
100
AcDbLine
 10
5.4561097637795273
 20
-4.1142526377952757
 30
0
 11
5.4561097244094485
 21
-4.1142526377952757
 31
0
  0
LINE
  5
DE6
330
1B
100
AcDbEntity
  8
F.Silkscreen
  6
CONTINUOUS
100
AcDbLine
 10
5.4561097244094485
 20
-4.1142526377952757
 30
0
 11
5.4557979527559057
 21
-4.1141235039370079
 31
0
  0
LINE
  5
DE7
330
1B
100
AcDbEntity
  8
F.Silkscreen
  6
CONTINUOUS
100
AcDbLine
 10
5.4557979527559057
 20
-4.1141235039370079
 30
0
 11
5.4550453149606302
 21
-4.1138117716535429
 31
0
  0
LINE
  5
DE8
330
1B
100
AcDbEntity
  8
F.Silkscreen
  6
CONTINUOUS
100
AcDbLine
 10
5.4550453149606302
 20
-4.1138117716535429
 30
0
 11
5.4545978740157475
 21
-4.1134445275590554
 31
0
  0
LINE
  5
DE9
330
1B
100
AcDbEntity
  8
F.Silkscreen
  6
CONTINUOUS
100
AcDbLine
 10
5.4545978740157475
 20
-4.1134445275590554
 30
0
 11
5.4325935433070862
 21
-4.091440236220472
 31
0
  0
LINE
  5
DEA
330
1B
100
AcDbEntity
  8
F.Silkscreen
  6
CONTINUOUS
100
AcDbLine
 10
5.4325935433070862
 20
-4.091440236220472
 30
0
 11
5.4280851574803144
 21
-4.0899374409448814
 31
0
  0
LINE
  5
DEB
330
1B
100
AcDbEntity
  8
F.Silkscreen
  6
CONTINUOUS
100
AcDbLine
 10
5.4280851574803144
 20
-4.0899374409448814
 30
0
 11
5.4255118110236218
 21
-4.0899374409448814
 31
0
  0
LINE
  5
DEC
330
1B
100
AcDbEntity
  8
F.Silkscreen
  6
CONTINUOUS
100
AcDbLine
 10
5.4255118110236218
 20
-4.0899374409448814
 30
0
 11
5.4228143307086611
 21
-4.0912861811023618
 31
0
  0
LINE
  5
DED
330
1B
100
AcDbEntity
  8
F.Silkscreen
  6
CONTINUOUS
100
AcDbLine
 10
5.4228143307086611
 20
-4.0912861811023618
 30
0
 11
5.4216172047244093
 21
-4.0924833070866145
 31
0
  0
LINE
  5
DEE
330
1B
100
AcDbEntity
  8
F.Silkscreen
  6
CONTINUOUS
100
AcDbLine
 10
5.4216172047244093
 20
-4.0924833070866145
 30
0
 11
5.420268464566929
 21
-4.0951807874015751
 31
0
  0
LINE
  5
DEF
330
1B
100
AcDbEntity
  8
F.Silkscreen
  6
CONTINUOUS
100
AcDbLine
 10
5.420268464566929
 20
-4.0951807874015751
 30
0
 11
5.420268464566929
 21
-4.1031605118110237
 31
0
  0
LINE
  5
DF0
330
1B
100
AcDbEntity
  8
F.Silkscreen
  6
CONTINUOUS
100
AcDbLine
 10
5.420268464566929
 20
-4.1031605118110237
 30
0
 11
5.4216172047244093
 21
-4.1058579921259843
 31
0
  0
LINE
  5
DF1
330
1B
100
AcDbEntity
  8
F.Silkscreen
  6
CONTINUOUS
100
AcDbLine
 10
5.4216172047244093
 20
-4.1058579921259843
 30
0
 11
5.423153149606299
 21
-4.107393937007874
 31
0
  0
LINE
  5
DF2
330
1B
100
AcDbEntity
  8
F.Silkscreen
  6
CONTINUOUS
100
AcDbLine
 10
5.423153149606299
 20
-4.107393937007874
 30
0
 11
5.4235203543307087
 21
-4.1078413779527558
 31
0
  0
LINE
  5
DF3
330
1B
100
AcDbEntity
  8
F.Silkscreen
  6
CONTINUOUS
100
AcDbLine
 10
5.4235203543307087
 20
-4.1078413779527558
 30
0
 11
5.4239612598425193
 21
-4.1089057874015751
 31
0
  0
LINE
  5
DF4
330
1B
100
AcDbEntity
  8
F.Silkscreen
  6
CONTINUOUS
100
AcDbLine
 10
5.4239612598425193
 20
-4.1089057874015751
 30
0
 11
5.4239612598425193
 21
-4.1100578740157481
 31
0
  0
LINE
  5
DF5
330
1B
100
AcDbEntity
  8
F.Silkscreen
  6
CONTINUOUS
100
AcDbLine
 10
5.4239612598425193
 20
-4.1100578740157481
 30
0
 11
5.4235203543307087
 21
-4.1111222834645664
 31
0
  0
LINE
  5
DF6
330
1B
100
AcDbEntity
  8
F.Silkscreen
  6
CONTINUOUS
100
AcDbLine
 10
5.4235203543307087
 20
-4.1111222834645664
 30
0
 11
5.4227056692913385
 21
-4.1119369685039366
 31
0
  0
LINE
  5
DF7
330
1B
100
AcDbEntity
  8
F.Silkscreen
  6
CONTINUOUS
100
AcDbLine
 10
5.4227056692913385
 20
-4.1119369685039366
 30
0
 11
5.4216412598425192
 21
-4.1123778740157482
 31
0
  0
LINE
  5
DF8
330
1B
100
AcDbEntity
  8
F.Silkscreen
  6
CONTINUOUS
100
AcDbLine
 10
5.4216412598425192
 20
-4.1123778740157482
 30
0
 11
5.4204891732283462
 21
-4.1123778740157482
 31
0
  0
LINE
  5
DF9
330
1B
100
AcDbEntity
  8
F.Silkscreen
  6
CONTINUOUS
100
AcDbLine
 10
5.4204891732283462
 20
-4.1123778740157482
 30
0
 11
5.4194247637795279
 21
-4.1119369685039366
 31
0
  0
LINE
  5
DFA
330
1B
100
AcDbEntity
  8
F.Silkscreen
  6
CONTINUOUS
100
AcDbLine
 10
5.4194247637795279
 20
-4.1119369685039366
 30
0
 11
5.4189773228346452
 21
-4.1115697637795279
 31
0
  0
LINE
  5
DFB
330
1B
100
AcDbEntity
  8
F.Silkscreen
  6
CONTINUOUS
100
AcDbLine
 10
5.4189773228346452
 20
-4.1115697637795279
 30
0
 11
5.4171025590551176
 21
-4.1096950000000003
 31
0
  0
LINE
  5
DFC
330
1B
100
AcDbEntity
  8
F.Silkscreen
  6
CONTINUOUS
100
AcDbLine
 10
5.4171025590551176
 20
-4.1096950000000003
 30
0
 11
5.4169167716535433
 21
-4.1094686220472436
 31
0
  0
LINE
  5
DFD
330
1B
100
AcDbEntity
  8
F.Silkscreen
  6
CONTINUOUS
100
AcDbLine
 10
5.4169167716535433
 20
-4.1094686220472436
 30
0
 11
5.4168577952755905
 21
-4.1094174803149608
 31
0
  0
LINE
  5
DFE
330
1B
100
AcDbEntity
  8
F.Silkscreen
  6
CONTINUOUS
100
AcDbLine
 10
5.4168577952755905
 20
-4.1094174803149608
 30
0
 11
5.416801811023622
 21
-4.1093285039370082
 31
0
  0
LINE
  5
DFF
330
1B
100
AcDbEntity
  8
F.Silkscreen
  6
CONTINUOUS
100
AcDbLine
 10
5.416801811023622
 20
-4.1093285039370082
 30
0
 11
5.4167353543307089
 21
-4.1092475590551176
 31
0
  0
LINE
  5
E00
330
1B
100
AcDbEntity
  8
F.Silkscreen
  6
CONTINUOUS
100
AcDbLine
 10
5.4167353543307089
 20
-4.1092475590551176
 30
0
 11
5.4167055118110232
 21
-4.1091755905511809
 31
0
  0
LINE
  5
E01
330
1B
100
AcDbEntity
  8
F.Silkscreen
  6
CONTINUOUS
100
AcDbLine
 10
5.4167055118110232
 20
-4.1091755905511809
 30
0
 11
5.4165494488188974
 21
-4.1089275984251969
 31
0
  0
LINE
  5
E02
330
1B
100
AcDbEntity
  8
F.Silkscreen
  6
CONTINUOUS
100
AcDbLine
 10
5.4165494488188974
 20
-4.1089275984251969
 30
0
 11
5.4146746850393699
 21
-4.1051780708661418
 31
0
  0
LINE
  5
E03
330
1B
100
AcDbEntity
  8
F.Silkscreen
  6
CONTINUOUS
100
AcDbLine
 10
5.4146746850393699
 20
-4.1051780708661418
 30
0
 11
5.4144677952755904
 21
-4.1046374409448818
 31
0
  0
LINE
  5
E04
330
1B
100
AcDbEntity
  8
F.Silkscreen
  6
CONTINUOUS
100
AcDbLine
 10
5.4144677952755904
 20
-4.1046374409448818
 30
0
 11
5.4144602755905513
 21
-4.1045316141732284
 31
0
  0
LINE
  5
E05
330
1B
100
AcDbEntity
  8
F.Silkscreen
  6
CONTINUOUS
100
AcDbLine
 10
5.4144602755905513
 20
-4.1045316141732284
 30
0
 11
5.4144196850393698
 21
-4.1044336220472442
 31
0
  0
LINE
  5
E06
330
1B
100
AcDbEntity
  8
F.Silkscreen
  6
CONTINUOUS
100
AcDbLine
 10
5.4144196850393698
 20
-4.1044336220472442
 30
0
 11
5.414362952755905
 21
-4.1038575590551183
 31
0
  0
LINE
  5
E07
330
1B
100
AcDbEntity
  8
F.Silkscreen
  6
CONTINUOUS
100
AcDbLine
 10
5.414362952755905
 20
-4.1038575590551183
 30
0
 11
5.414362952755905
 21
-4.0944837401574805
 31
0
  0
LINE
  5
E08
330
1B
100
AcDbEntity
  8
F.Silkscreen
  6
CONTINUOUS
100
AcDbLine
 10
5.414362952755905
 20
-4.0944837401574805
 30
0
 11
5.4144196850393698
 21
-4.0939076771653546
 31
0
  0
LINE
  5
E09
330
1B
100
AcDbEntity
  8
F.Silkscreen
  6
CONTINUOUS
100
AcDbLine
 10
5.4144196850393698
 20
-4.0939076771653546
 30
0
 11
5.4144602755905513
 21
-4.0938096456692916
 31
0
  0
LINE
  5
E0A
330
1B
100
AcDbEntity
  8
F.Silkscreen
  6
CONTINUOUS
100
AcDbLine
 10
5.4144602755905513
 20
-4.0938096456692916
 30
0
 11
5.4144677952755904
 21
-4.0937038582677161
 31
0
  0
LINE
  5
E0B
330
1B
100
AcDbEntity
  8
F.Silkscreen
  6
CONTINUOUS
100
AcDbLine
 10
5.4144677952755904
 20
-4.0937038582677161
 30
0
 11
5.4146746850393699
 21
-4.093163228346457
 31
0
  0
LINE
  5
E0C
330
1B
100
AcDbEntity
  8
F.Silkscreen
  6
CONTINUOUS
100
AcDbLine
 10
5.4146746850393699
 20
-4.093163228346457
 30
0
 11
5.4165494488188974
 21
-4.0894137007874019
 31
0
  0
LINE
  5
E0D
330
1B
100
AcDbEntity
  8
F.Silkscreen
  6
CONTINUOUS
100
AcDbLine
 10
5.4165494488188974
 20
-4.0894137007874019
 30
0
 11
5.4167055118110232
 21
-4.0891656692913383
 31
0
  0
LINE
  5
E0E
330
1B
100
AcDbEntity
  8
F.Silkscreen
  6
CONTINUOUS
100
AcDbLine
 10
5.4167055118110232
 20
-4.0891656692913383
 30
0
 11
5.4167353543307089
 21
-4.0890937401574803
 31
0
  0
LINE
  5
E0F
330
1B
100
AcDbEntity
  8
F.Silkscreen
  6
CONTINUOUS
100
AcDbLine
 10
5.4167353543307089
 20
-4.0890937401574803
 30
0
 11
5.416801811023622
 21
-4.0890127559055118
 31
0
  0
LINE
  5
E10
330
1B
100
AcDbEntity
  8
F.Silkscreen
  6
CONTINUOUS
100
AcDbLine
 10
5.416801811023622
 20
-4.0890127559055118
 30
0
 11
5.4168577952755905
 21
-4.088923818897638
 31
0
  0
LINE
  5
E11
330
1B
100
AcDbEntity
  8
F.Silkscreen
  6
CONTINUOUS
100
AcDbLine
 10
5.4168577952755905
 20
-4.088923818897638
 30
0
 11
5.4169167716535433
 21
-4.0888726377952755
 31
0
  0
LINE
  5
E12
330
1B
100
AcDbEntity
  8
F.Silkscreen
  6
CONTINUOUS
100
AcDbLine
 10
5.4169167716535433
 20
-4.0888726377952755
 30
0
 11
5.4171025590551176
 21
-4.0886462992125985
 31
0
  0
LINE
  5
E13
330
1B
100
AcDbEntity
  8
F.Silkscreen
  6
CONTINUOUS
100
AcDbLine
 10
5.4171025590551176
 20
-4.0886462992125985
 30
0
 11
5.4189773228346452
 21
-4.0867715354330709
 31
0
  0
LINE
  5
E14
330
1B
100
AcDbEntity
  8
F.Silkscreen
  6
CONTINUOUS
100
AcDbLine
 10
5.4189773228346452
 20
-4.0867715354330709
 30
0
 11
5.4192036614173231
 21
-4.0865857480314958
 31
0
  0
LINE
  5
E15
330
1B
100
AcDbEntity
  8
F.Silkscreen
  6
CONTINUOUS
100
AcDbLine
 10
5.4192036614173231
 20
-4.0865857480314958
 30
0
 11
5.4192548425196847
 21
-4.0865267716535429
 31
0
  0
LINE
  5
E16
330
1B
100
AcDbEntity
  8
F.Silkscreen
  6
CONTINUOUS
100
AcDbLine
 10
5.4192548425196847
 20
-4.0865267716535429
 30
0
 11
5.4193437795275585
 21
-4.0864707874015744
 31
0
  0
LINE
  5
E17
330
1B
100
AcDbEntity
  8
F.Silkscreen
  6
CONTINUOUS
100
AcDbLine
 10
5.4193437795275585
 20
-4.0864707874015744
 30
0
 11
5.4194247637795279
 21
-4.0864043307086613
 31
0
  0
LINE
  5
E18
330
1B
100
AcDbEntity
  8
F.Silkscreen
  6
CONTINUOUS
100
AcDbLine
 10
5.4194247637795279
 20
-4.0864043307086613
 30
0
 11
5.4194966929133859
 21
-4.0863744881889765
 31
0
  0
LINE
  5
E19
330
1B
100
AcDbEntity
  8
F.Silkscreen
  6
CONTINUOUS
100
AcDbLine
 10
5.4194966929133859
 20
-4.0863744881889765
 30
0
 11
5.4197447244094485
 21
-4.0862184251968499
 31
0
  0
LINE
  5
E1A
330
1B
100
AcDbEntity
  8
F.Silkscreen
  6
CONTINUOUS
100
AcDbLine
 10
5.4197447244094485
 20
-4.0862184251968499
 30
0
 11
5.4234942519685037
 21
-4.0843436614173223
 31
0
  0
LINE
  5
E1B
330
1B
100
AcDbEntity
  8
F.Silkscreen
  6
CONTINUOUS
100
AcDbLine
 10
5.4234942519685037
 20
-4.0843436614173223
 30
0
 11
5.4240348425196849
 21
-4.0841367716535428
 31
0
  0
LINE
  5
E1C
330
1B
100
AcDbEntity
  8
F.Silkscreen
  6
CONTINUOUS
100
AcDbLine
 10
5.4240348425196849
 20
-4.0841367716535428
 30
0
 11
5.4241407086614171
 21
-4.084129212598425
 31
0
  0
LINE
  5
E1D
330
1B
100
AcDbEntity
  8
F.Silkscreen
  6
CONTINUOUS
100
AcDbLine
 10
5.4241407086614171
 20
-4.084129212598425
 30
0
 11
5.4242387007874013
 21
-4.0840886614173231
 31
0
  0
LINE
  5
E1E
330
1B
100
AcDbEntity
  8
F.Silkscreen
  6
CONTINUOUS
100
AcDbLine
 10
5.4242387007874013
 20
-4.0840886614173231
 30
0
 11
5.4248147637795272
 21
-4.0840319291338583
 31
0
  0
LINE
  5
E1F
330
1B
100
AcDbEntity
  8
F.Silkscreen
  6
CONTINUOUS
100
AcDbLine
 10
5.4248147637795272
 20
-4.0840319291338583
 30
0
 11
5.4285642913385823
 21
-4.0840319291338583
 31
0
  0
LINE
  5
E20
330
1B
100
AcDbEntity
  8
F.Silkscreen
  6
CONTINUOUS
100
AcDbLine
 10
5.4285642913385823
 20
-4.0840319291338583
 30
0
 11
5.4288558267716533
 21
-4.0840606299212601
 31
0
  0
LINE
  5
E21
330
1B
100
AcDbEntity
  8
F.Silkscreen
  6
CONTINUOUS
100
AcDbLine
 10
5.6031572440944881
 20
-4.0752354330708664
 30
0
 11
5.6044356692913384
 21
-4.0765138582677167
 31
0
  0
LINE
  5
E22
330
1B
100
AcDbEntity
  8
F.Silkscreen
  6
CONTINUOUS
100
AcDbLine
 10
5.6044356692913384
 20
-4.0765138582677167
 30
0
 11
5.6044356692913384
 21
-4.0783218110236223
 31
0
  0
LINE
  5
E23
330
1B
100
AcDbEntity
  8
F.Silkscreen
  6
CONTINUOUS
100
AcDbLine
 10
5.6044356692913384
 20
-4.0783218110236223
 30
0
 11
5.6031572440944881
 21
-4.0796002362204726
 31
0
  0
LINE
  5
E24
330
1B
100
AcDbEntity
  8
F.Silkscreen
  6
CONTINUOUS
100
AcDbLine
 10
5.6031572440944881
 20
-4.0796002362204726
 30
0
 11
5.6022532677165353
 21
-4.0797800393700783
 31
0
  0
LINE
  5
E25
330
1B
100
AcDbEntity
  8
F.Silkscreen
  6
CONTINUOUS
100
AcDbLine
 10
5.6022532677165353
 20
-4.0797800393700783
 30
0
 11
5.5660327952755901
 21
-4.0797800393700783
 31
0
  0
LINE
  5
E26
330
1B
100
AcDbEntity
  8
F.Silkscreen
  6
CONTINUOUS
100
AcDbLine
 10
5.5660327952755901
 20
-4.0797800393700783
 30
0
 11
5.5651288188976373
 21
-4.0796002362204726
 31
0
  0
LINE
  5
E27
330
1B
100
AcDbEntity
  8
F.Silkscreen
  6
CONTINUOUS
100
AcDbLine
 10
5.5651288188976373
 20
-4.0796002362204726
 30
0
 11
5.563850393700787
 21
-4.0783218110236223
 31
0
  0
LINE
  5
E28
330
1B
100
AcDbEntity
  8
F.Silkscreen
  6
CONTINUOUS
100
AcDbLine
 10
5.563850393700787
 20
-4.0783218110236223
 30
0
 11
5.563850393700787
 21
-4.0765138582677167
 31
0
  0
LINE
  5
E29
330
1B
100
AcDbEntity
  8
F.Silkscreen
  6
CONTINUOUS
100
AcDbLine
 10
5.563850393700787
 20
-4.0765138582677167
 30
0
 11
5.5651288188976373
 21
-4.0752354330708664
 31
0
  0
LINE
  5
E2A
330
1B
100
AcDbEntity
  8
F.Silkscreen
  6
CONTINUOUS
100
AcDbLine
 10
5.5651288188976373
 20
-4.0752354330708664
 30
0
 11
5.5660327952755901
 21
-4.0750556299212599
 31
0
  0
LINE
  5
E2B
330
1B
100
AcDbEntity
  8
F.Silkscreen
  6
CONTINUOUS
100
AcDbLine
 10
5.5660327952755901
 20
-4.0750556299212599
 30
0
 11
5.6022532677165353
 21
-4.0750556299212599
 31
0
  0
LINE
  5
E2C
330
1B
100
AcDbEntity
  8
F.Silkscreen
  6
CONTINUOUS
100
AcDbLine
 10
5.6022532677165353
 20
-4.0750556299212599
 30
0
 11
5.6031572440944881
 21
-4.0752354330708664
 31
0
  0
LINE
  5
E2D
330
1B
100
AcDbEntity
  8
F.Silkscreen
  6
CONTINUOUS
100
AcDbLine
 10
5.7031572440944878
 20
-4.0752354330708664
 30
0
 11
5.7044356692913381
 21
-4.0765138582677167
 31
0
  0
LINE
  5
E2E
330
1B
100
AcDbEntity
  8
F.Silkscreen
  6
CONTINUOUS
100
AcDbLine
 10
5.7044356692913381
 20
-4.0765138582677167
 30
0
 11
5.7044356692913381
 21
-4.0783218110236223
 31
0
  0
LINE
  5
E2F
330
1B
100
AcDbEntity
  8
F.Silkscreen
  6
CONTINUOUS
100
AcDbLine
 10
5.7044356692913381
 20
-4.0783218110236223
 30
0
 11
5.7031572440944878
 21
-4.0796002362204726
 31
0
  0
LINE
  5
E30
330
1B
100
AcDbEntity
  8
F.Silkscreen
  6
CONTINUOUS
100
AcDbLine
 10
5.7031572440944878
 20
-4.0796002362204726
 30
0
 11
5.702253267716535
 21
-4.0797800393700783
 31
0
  0
LINE
  5
E31
330
1B
100
AcDbEntity
  8
F.Silkscreen
  6
CONTINUOUS
100
AcDbLine
 10
5.702253267716535
 20
-4.0797800393700783
 30
0
 11
5.6660327952755907
 21
-4.0797800393700783
 31
0
  0
LINE
  5
E32
330
1B
100
AcDbEntity
  8
F.Silkscreen
  6
CONTINUOUS
100
AcDbLine
 10
5.6660327952755907
 20
-4.0797800393700783
 30
0
 11
5.6651288188976379
 21
-4.0796002362204726
 31
0
  0
LINE
  5
E33
330
1B
100
AcDbEntity
  8
F.Silkscreen
  6
CONTINUOUS
100
AcDbLine
 10
5.6651288188976379
 20
-4.0796002362204726
 30
0
 11
5.6638503937007876
 21
-4.0783218110236223
 31
0
  0
LINE
  5
E34
330
1B
100
AcDbEntity
  8
F.Silkscreen
  6
CONTINUOUS
100
AcDbLine
 10
5.6638503937007876
 20
-4.0783218110236223
 30
0
 11
5.6638503937007876
 21
-4.0765138582677167
 31
0
  0
LINE
  5
E35
330
1B
100
AcDbEntity
  8
F.Silkscreen
  6
CONTINUOUS
100
AcDbLine
 10
5.6638503937007876
 20
-4.0765138582677167
 30
0
 11
5.6651288188976379
 21
-4.0752354330708664
 31
0
  0
LINE
  5
E36
330
1B
100
AcDbEntity
  8
F.Silkscreen
  6
CONTINUOUS
100
AcDbLine
 10
5.6651288188976379
 20
-4.0752354330708664
 30
0
 11
5.6660327952755907
 21
-4.0750556299212599
 31
0
  0
LINE
  5
E37
330
1B
100
AcDbEntity
  8
F.Silkscreen
  6
CONTINUOUS
100
AcDbLine
 10
5.6660327952755907
 20
-4.0750556299212599
 30
0
 11
5.702253267716535
 21
-4.0750556299212599
 31
0
  0
LINE
  5
E38
330
1B
100
AcDbEntity
  8
F.Silkscreen
  6
CONTINUOUS
100
AcDbLine
 10
5.702253267716535
 20
-4.0750556299212599
 30
0
 11
5.7031572440944878
 21
-4.0752354330708664
 31
0
  0
LINE
  5
E39
330
1B
100
AcDbEntity
  8
F.Silkscreen
  6
CONTINUOUS
100
AcDbLine
 10
5.8031572440944883
 20
-4.0752354330708664
 30
0
 11
5.8044356692913386
 21
-4.0765138582677167
 31
0
  0
LINE
  5
E3A
330
1B
100
AcDbEntity
  8
F.Silkscreen
  6
CONTINUOUS
100
AcDbLine
 10
5.8044356692913386
 20
-4.0765138582677167
 30
0
 11
5.8044356692913386
 21
-4.0783218110236223
 31
0
  0
LINE
  5
E3B
330
1B
100
AcDbEntity
  8
F.Silkscreen
  6
CONTINUOUS
100
AcDbLine
 10
5.8044356692913386
 20
-4.0783218110236223
 30
0
 11
5.8031572440944883
 21
-4.0796002362204726
 31
0
  0
LINE
  5
E3C
330
1B
100
AcDbEntity
  8
F.Silkscreen
  6
CONTINUOUS
100
AcDbLine
 10
5.8031572440944883
 20
-4.0796002362204726
 30
0
 11
5.8022532677165355
 21
-4.0797800393700783
 31
0
  0
LINE
  5
E3D
330
1B
100
AcDbEntity
  8
F.Silkscreen
  6
CONTINUOUS
100
AcDbLine
 10
5.8022532677165355
 20
-4.0797800393700783
 30
0
 11
5.7660327952755903
 21
-4.0797800393700783
 31
0
  0
LINE
  5
E3E
330
1B
100
AcDbEntity
  8
F.Silkscreen
  6
CONTINUOUS
100
AcDbLine
 10
5.7660327952755903
 20
-4.0797800393700783
 30
0
 11
5.7651288188976375
 21
-4.0796002362204726
 31
0
  0
LINE
  5
E3F
330
1B
100
AcDbEntity
  8
F.Silkscreen
  6
CONTINUOUS
100
AcDbLine
 10
5.7651288188976375
 20
-4.0796002362204726
 30
0
 11
5.7638503937007872
 21
-4.0783218110236223
 31
0
  0
LINE
  5
E40
330
1B
100
AcDbEntity
  8
F.Silkscreen
  6
CONTINUOUS
100
AcDbLine
 10
5.7638503937007872
 20
-4.0783218110236223
 30
0
 11
5.7638503937007872
 21
-4.0765138582677167
 31
0
  0
LINE
  5
E41
330
1B
100
AcDbEntity
  8
F.Silkscreen
  6
CONTINUOUS
100
AcDbLine
 10
5.7638503937007872
 20
-4.0765138582677167
 30
0
 11
5.7651288188976375
 21
-4.0752354330708664
 31
0
  0
LINE
  5
E42
330
1B
100
AcDbEntity
  8
F.Silkscreen
  6
CONTINUOUS
100
AcDbLine
 10
5.7651288188976375
 20
-4.0752354330708664
 30
0
 11
5.7660327952755903
 21
-4.0750556299212599
 31
0
  0
LINE
  5
E43
330
1B
100
AcDbEntity
  8
F.Silkscreen
  6
CONTINUOUS
100
AcDbLine
 10
5.7660327952755903
 20
-4.0750556299212599
 30
0
 11
5.8022532677165355
 21
-4.0750556299212599
 31
0
  0
LINE
  5
E44
330
1B
100
AcDbEntity
  8
F.Silkscreen
  6
CONTINUOUS
100
AcDbLine
 10
5.8022532677165355
 20
-4.0750556299212599
 30
0
 11
5.8031572440944883
 21
-4.0752354330708664
 31
0
  0
LINE
  5
E45
330
1B
100
AcDbEntity
  8
F.Silkscreen
  6
CONTINUOUS
100
AcDbLine
 10
5.9031572440944879
 20
-4.0752354330708664
 30
0
 11
5.9044356692913382
 21
-4.0765138582677167
 31
0
  0
LINE
  5
E46
330
1B
100
AcDbEntity
  8
F.Silkscreen
  6
CONTINUOUS
100
AcDbLine
 10
5.9044356692913382
 20
-4.0765138582677167
 30
0
 11
5.9044356692913382
 21
-4.0783218110236223
 31
0
  0
LINE
  5
E47
330
1B
100
AcDbEntity
  8
F.Silkscreen
  6
CONTINUOUS
100
AcDbLine
 10
5.9044356692913382
 20
-4.0783218110236223
 30
0
 11
5.9031572440944879
 21
-4.0796002362204726
 31
0
  0
LINE
  5
E48
330
1B
100
AcDbEntity
  8
F.Silkscreen
  6
CONTINUOUS
100
AcDbLine
 10
5.9031572440944879
 20
-4.0796002362204726
 30
0
 11
5.9022532677165351
 21
-4.0797800393700783
 31
0
  0
LINE
  5
E49
330
1B
100
AcDbEntity
  8
F.Silkscreen
  6
CONTINUOUS
100
AcDbLine
 10
5.9022532677165351
 20
-4.0797800393700783
 30
0
 11
5.8660327952755908
 21
-4.0797800393700783
 31
0
  0
LINE
  5
E4A
330
1B
100
AcDbEntity
  8
F.Silkscreen
  6
CONTINUOUS
100
AcDbLine
 10
5.8660327952755908
 20
-4.0797800393700783
 30
0
 11
5.865128818897638
 21
-4.0796002362204726
 31
0
  0
LINE
  5
E4B
330
1B
100
AcDbEntity
  8
F.Silkscreen
  6
CONTINUOUS
100
AcDbLine
 10
5.865128818897638
 20
-4.0796002362204726
 30
0
 11
5.8638503937007869
 21
-4.0783218110236223
 31
0
  0
LINE
  5
E4C
330
1B
100
AcDbEntity
  8
F.Silkscreen
  6
CONTINUOUS
100
AcDbLine
 10
5.8638503937007869
 20
-4.0783218110236223
 30
0
 11
5.8638503937007869
 21
-4.0765138582677167
 31
0
  0
LINE
  5
E4D
330
1B
100
AcDbEntity
  8
F.Silkscreen
  6
CONTINUOUS
100
AcDbLine
 10
5.8638503937007869
 20
-4.0765138582677167
 30
0
 11
5.865128818897638
 21
-4.0752354330708664
 31
0
  0
LINE
  5
E4E
330
1B
100
AcDbEntity
  8
F.Silkscreen
  6
CONTINUOUS
100
AcDbLine
 10
5.865128818897638
 20
-4.0752354330708664
 30
0
 11
5.8660327952755908
 21
-4.0750556299212599
 31
0
  0
LINE
  5
E4F
330
1B
100
AcDbEntity
  8
F.Silkscreen
  6
CONTINUOUS
100
AcDbLine
 10
5.8660327952755908
 20
-4.0750556299212599
 30
0
 11
5.9022532677165351
 21
-4.0750556299212599
 31
0
  0
LINE
  5
E50
330
1B
100
AcDbEntity
  8
F.Silkscreen
  6
CONTINUOUS
100
AcDbLine
 10
5.9022532677165351
 20
-4.0750556299212599
 30
0
 11
5.9031572440944879
 21
-4.0752354330708664
 31
0
  0
LINE
  5
E51
330
1B
100
AcDbEntity
  8
F.Silkscreen
  6
CONTINUOUS
100
AcDbLine
 10
6.0031572440944885
 20
-4.0752354330708664
 30
0
 11
6.0044356692913388
 21
-4.0765138582677167
 31
0
  0
LINE
  5
E52
330
1B
100
AcDbEntity
  8
F.Silkscreen
  6
CONTINUOUS
100
AcDbLine
 10
6.0044356692913388
 20
-4.0765138582677167
 30
0
 11
6.0044356692913388
 21
-4.0783218110236223
 31
0
  0
LINE
  5
E53
330
1B
100
AcDbEntity
  8
F.Silkscreen
  6
CONTINUOUS
100
AcDbLine
 10
6.0044356692913388
 20
-4.0783218110236223
 30
0
 11
6.0031572440944885
 21
-4.0796002362204726
 31
0
  0
LINE
  5
E54
330
1B
100
AcDbEntity
  8
F.Silkscreen
  6
CONTINUOUS
100
AcDbLine
 10
6.0031572440944885
 20
-4.0796002362204726
 30
0
 11
6.0022532677165357
 21
-4.0797800393700783
 31
0
  0
LINE
  5
E55
330
1B
100
AcDbEntity
  8
F.Silkscreen
  6
CONTINUOUS
100
AcDbLine
 10
6.0022532677165357
 20
-4.0797800393700783
 30
0
 11
5.9660327952755905
 21
-4.0797800393700783
 31
0
  0
LINE
  5
E56
330
1B
100
AcDbEntity
  8
F.Silkscreen
  6
CONTINUOUS
100
AcDbLine
 10
5.9660327952755905
 20
-4.0797800393700783
 30
0
 11
5.9651288188976377
 21
-4.0796002362204726
 31
0
  0
LINE
  5
E57
330
1B
100
AcDbEntity
  8
F.Silkscreen
  6
CONTINUOUS
100
AcDbLine
 10
5.9651288188976377
 20
-4.0796002362204726
 30
0
 11
5.9638503937007874
 21
-4.0783218110236223
 31
0
  0
LINE
  5
E58
330
1B
100
AcDbEntity
  8
F.Silkscreen
  6
CONTINUOUS
100
AcDbLine
 10
5.9638503937007874
 20
-4.0783218110236223
 30
0
 11
5.9638503937007874
 21
-4.0765138582677167
 31
0
  0
LINE
  5
E59
330
1B
100
AcDbEntity
  8
F.Silkscreen
  6
CONTINUOUS
100
AcDbLine
 10
5.9638503937007874
 20
-4.0765138582677167
 30
0
 11
5.9651288188976377
 21
-4.0752354330708664
 31
0
  0
LINE
  5
E5A
330
1B
100
AcDbEntity
  8
F.Silkscreen
  6
CONTINUOUS
100
AcDbLine
 10
5.9651288188976377
 20
-4.0752354330708664
 30
0
 11
5.9660327952755905
 21
-4.0750556299212599
 31
0
  0
LINE
  5
E5B
330
1B
100
AcDbEntity
  8
F.Silkscreen
  6
CONTINUOUS
100
AcDbLine
 10
5.9660327952755905
 20
-4.0750556299212599
 30
0
 11
6.0022532677165357
 21
-4.0750556299212599
 31
0
  0
LINE
  5
E5C
330
1B
100
AcDbEntity
  8
F.Silkscreen
  6
CONTINUOUS
100
AcDbLine
 10
6.0022532677165357
 20
-4.0750556299212599
 30
0
 11
6.0031572440944885
 21
-4.0752354330708664
 31
0
  0
LINE
  5
E5D
330
1B
100
AcDbEntity
  8
F.Silkscreen
  6
CONTINUOUS
100
AcDbLine
 10
6.1031572440944881
 20
-4.0752354330708664
 30
0
 11
6.1044356692913384
 21
-4.0765138582677167
 31
0
  0
LINE
  5
E5E
330
1B
100
AcDbEntity
  8
F.Silkscreen
  6
CONTINUOUS
100
AcDbLine
 10
6.1044356692913384
 20
-4.0765138582677167
 30
0
 11
6.1044356692913384
 21
-4.0783218110236223
 31
0
  0
LINE
  5
E5F
330
1B
100
AcDbEntity
  8
F.Silkscreen
  6
CONTINUOUS
100
AcDbLine
 10
6.1044356692913384
 20
-4.0783218110236223
 30
0
 11
6.1031572440944881
 21
-4.0796002362204726
 31
0
  0
LINE
  5
E60
330
1B
100
AcDbEntity
  8
F.Silkscreen
  6
CONTINUOUS
100
AcDbLine
 10
6.1031572440944881
 20
-4.0796002362204726
 30
0
 11
6.1022532677165353
 21
-4.0797800393700783
 31
0
  0
LINE
  5
E61
330
1B
100
AcDbEntity
  8
F.Silkscreen
  6
CONTINUOUS
100
AcDbLine
 10
6.1022532677165353
 20
-4.0797800393700783
 30
0
 11
6.0660327952755901
 21
-4.0797800393700783
 31
0
  0
LINE
  5
E62
330
1B
100
AcDbEntity
  8
F.Silkscreen
  6
CONTINUOUS
100
AcDbLine
 10
6.0660327952755901
 20
-4.0797800393700783
 30
0
 11
6.0651288188976373
 21
-4.0796002362204726
 31
0
  0
LINE
  5
E63
330
1B
100
AcDbEntity
  8
F.Silkscreen
  6
CONTINUOUS
100
AcDbLine
 10
6.0651288188976373
 20
-4.0796002362204726
 30
0
 11
6.063850393700787
 21
-4.0783218110236223
 31
0
  0
LINE
  5
E64
330
1B
100
AcDbEntity
  8
F.Silkscreen
  6
CONTINUOUS
100
AcDbLine
 10
6.063850393700787
 20
-4.0783218110236223
 30
0
 11
6.063850393700787
 21
-4.0765138582677167
 31
0
  0
LINE
  5
E65
330
1B
100
AcDbEntity
  8
F.Silkscreen
  6
CONTINUOUS
100
AcDbLine
 10
6.063850393700787
 20
-4.0765138582677167
 30
0
 11
6.0651288188976373
 21
-4.0752354330708664
 31
0
  0
LINE
  5
E66
330
1B
100
AcDbEntity
  8
F.Silkscreen
  6
CONTINUOUS
100
AcDbLine
 10
6.0651288188976373
 20
-4.0752354330708664
 30
0
 11
6.0660327952755901
 21
-4.0750556299212599
 31
0
  0
LINE
  5
E67
330
1B
100
AcDbEntity
  8
F.Silkscreen
  6
CONTINUOUS
100
AcDbLine
 10
6.0660327952755901
 20
-4.0750556299212599
 30
0
 11
6.1022532677165353
 21
-4.0750556299212599
 31
0
  0
LINE
  5
E68
330
1B
100
AcDbEntity
  8
F.Silkscreen
  6
CONTINUOUS
100
AcDbLine
 10
6.1022532677165353
 20
-4.0750556299212599
 30
0
 11
6.1031572440944881
 21
-4.0752354330708664
 31
0
  0
LINE
  5
E69
330
1B
100
AcDbEntity
  8
F.Silkscreen
  6
CONTINUOUS
100
AcDbLine
 10
6.2031572440944878
 20
-4.0752354330708664
 30
0
 11
6.2044356692913381
 21
-4.0765138582677167
 31
0
  0
LINE
  5
E6A
330
1B
100
AcDbEntity
  8
F.Silkscreen
  6
CONTINUOUS
100
AcDbLine
 10
6.2044356692913381
 20
-4.0765138582677167
 30
0
 11
6.2044356692913381
 21
-4.0783218110236223
 31
0
  0
LINE
  5
E6B
330
1B
100
AcDbEntity
  8
F.Silkscreen
  6
CONTINUOUS
100
AcDbLine
 10
6.2044356692913381
 20
-4.0783218110236223
 30
0
 11
6.2031572440944878
 21
-4.0796002362204726
 31
0
  0
LINE
  5
E6C
330
1B
100
AcDbEntity
  8
F.Silkscreen
  6
CONTINUOUS
100
AcDbLine
 10
6.2031572440944878
 20
-4.0796002362204726
 30
0
 11
6.202253267716535
 21
-4.0797800393700783
 31
0
  0
LINE
  5
E6D
330
1B
100
AcDbEntity
  8
F.Silkscreen
  6
CONTINUOUS
100
AcDbLine
 10
6.202253267716535
 20
-4.0797800393700783
 30
0
 11
6.1660327952755907
 21
-4.0797800393700783
 31
0
  0
LINE
  5
E6E
330
1B
100
AcDbEntity
  8
F.Silkscreen
  6
CONTINUOUS
100
AcDbLine
 10
6.1660327952755907
 20
-4.0797800393700783
 30
0
 11
6.1651288188976379
 21
-4.0796002362204726
 31
0
  0
LINE
  5
E6F
330
1B
100
AcDbEntity
  8
F.Silkscreen
  6
CONTINUOUS
100
AcDbLine
 10
6.1651288188976379
 20
-4.0796002362204726
 30
0
 11
6.1638503937007876
 21
-4.0783218110236223
 31
0
  0
LINE
  5
E70
330
1B
100
AcDbEntity
  8
F.Silkscreen
  6
CONTINUOUS
100
AcDbLine
 10
6.1638503937007876
 20
-4.0783218110236223
 30
0
 11
6.1638503937007876
 21
-4.0765138582677167
 31
0
  0
LINE
  5
E71
330
1B
100
AcDbEntity
  8
F.Silkscreen
  6
CONTINUOUS
100
AcDbLine
 10
6.1638503937007876
 20
-4.0765138582677167
 30
0
 11
6.1651288188976379
 21
-4.0752354330708664
 31
0
  0
LINE
  5
E72
330
1B
100
AcDbEntity
  8
F.Silkscreen
  6
CONTINUOUS
100
AcDbLine
 10
6.1651288188976379
 20
-4.0752354330708664
 30
0
 11
6.1660327952755907
 21
-4.0750556299212599
 31
0
  0
LINE
  5
E73
330
1B
100
AcDbEntity
  8
F.Silkscreen
  6
CONTINUOUS
100
AcDbLine
 10
6.1660327952755907
 20
-4.0750556299212599
 30
0
 11
6.202253267716535
 21
-4.0750556299212599
 31
0
  0
LINE
  5
E74
330
1B
100
AcDbEntity
  8
F.Silkscreen
  6
CONTINUOUS
100
AcDbLine
 10
6.202253267716535
 20
-4.0750556299212599
 30
0
 11
6.2031572440944878
 21
-4.0752354330708664
 31
0
  0
LINE
  5
E75
330
1B
100
AcDbEntity
  8
F.Silkscreen
  6
CONTINUOUS
100
AcDbLine
 10
6.3031572440944883
 20
-4.0752354330708664
 30
0
 11
6.3044356692913386
 21
-4.0765138582677167
 31
0
  0
LINE
  5
E76
330
1B
100
AcDbEntity
  8
F.Silkscreen
  6
CONTINUOUS
100
AcDbLine
 10
6.3044356692913386
 20
-4.0765138582677167
 30
0
 11
6.3044356692913386
 21
-4.0783218110236223
 31
0
  0
LINE
  5
E77
330
1B
100
AcDbEntity
  8
F.Silkscreen
  6
CONTINUOUS
100
AcDbLine
 10
6.3044356692913386
 20
-4.0783218110236223
 30
0
 11
6.3031572440944883
 21
-4.0796002362204726
 31
0
  0
LINE
  5
E78
330
1B
100
AcDbEntity
  8
F.Silkscreen
  6
CONTINUOUS
100
AcDbLine
 10
6.3031572440944883
 20
-4.0796002362204726
 30
0
 11
6.3022532677165355
 21
-4.0797800393700783
 31
0
  0
LINE
  5
E79
330
1B
100
AcDbEntity
  8
F.Silkscreen
  6
CONTINUOUS
100
AcDbLine
 10
6.3022532677165355
 20
-4.0797800393700783
 30
0
 11
6.2660327952755903
 21
-4.0797800393700783
 31
0
  0
LINE
  5
E7A
330
1B
100
AcDbEntity
  8
F.Silkscreen
  6
CONTINUOUS
100
AcDbLine
 10
6.2660327952755903
 20
-4.0797800393700783
 30
0
 11
6.2651288188976375
 21
-4.0796002362204726
 31
0
  0
LINE
  5
E7B
330
1B
100
AcDbEntity
  8
F.Silkscreen
  6
CONTINUOUS
100
AcDbLine
 10
6.2651288188976375
 20
-4.0796002362204726
 30
0
 11
6.2638503937007872
 21
-4.0783218110236223
 31
0
  0
LINE
  5
E7C
330
1B
100
AcDbEntity
  8
F.Silkscreen
  6
CONTINUOUS
100
AcDbLine
 10
6.2638503937007872
 20
-4.0783218110236223
 30
0
 11
6.2638503937007872
 21
-4.0765138582677167
 31
0
  0
LINE
  5
E7D
330
1B
100
AcDbEntity
  8
F.Silkscreen
  6
CONTINUOUS
100
AcDbLine
 10
6.2638503937007872
 20
-4.0765138582677167
 30
0
 11
6.2651288188976375
 21
-4.0752354330708664
 31
0
  0
LINE
  5
E7E
330
1B
100
AcDbEntity
  8
F.Silkscreen
  6
CONTINUOUS
100
AcDbLine
 10
6.2651288188976375
 20
-4.0752354330708664
 30
0
 11
6.2660327952755903
 21
-4.0750556299212599
 31
0
  0
LINE
  5
E7F
330
1B
100
AcDbEntity
  8
F.Silkscreen
  6
CONTINUOUS
100
AcDbLine
 10
6.2660327952755903
 20
-4.0750556299212599
 30
0
 11
6.3022532677165355
 21
-4.0750556299212599
 31
0
  0
LINE
  5
E80
330
1B
100
AcDbEntity
  8
F.Silkscreen
  6
CONTINUOUS
100
AcDbLine
 10
6.3022532677165355
 20
-4.0750556299212599
 30
0
 11
6.3031572440944883
 21
-4.0752354330708664
 31
0
  0
LINE
  5
E81
330
1B
100
AcDbEntity
  8
F.Silkscreen
  6
CONTINUOUS
100
AcDbLine
 10
6.4031572440944879
 20
-4.0752354330708664
 30
0
 11
6.4044356692913382
 21
-4.0765138582677167
 31
0
  0
LINE
  5
E82
330
1B
100
AcDbEntity
  8
F.Silkscreen
  6
CONTINUOUS
100
AcDbLine
 10
6.4044356692913382
 20
-4.0765138582677167
 30
0
 11
6.4044356692913382
 21
-4.0783218110236223
 31
0
  0
LINE
  5
E83
330
1B
100
AcDbEntity
  8
F.Silkscreen
  6
CONTINUOUS
100
AcDbLine
 10
6.4044356692913382
 20
-4.0783218110236223
 30
0
 11
6.4031572440944879
 21
-4.0796002362204726
 31
0
  0
LINE
  5
E84
330
1B
100
AcDbEntity
  8
F.Silkscreen
  6
CONTINUOUS
100
AcDbLine
 10
6.4031572440944879
 20
-4.0796002362204726
 30
0
 11
6.4022532677165351
 21
-4.0797800393700783
 31
0
  0
LINE
  5
E85
330
1B
100
AcDbEntity
  8
F.Silkscreen
  6
CONTINUOUS
100
AcDbLine
 10
6.4022532677165351
 20
-4.0797800393700783
 30
0
 11
6.3660327952755908
 21
-4.0797800393700783
 31
0
  0
LINE
  5
E86
330
1B
100
AcDbEntity
  8
F.Silkscreen
  6
CONTINUOUS
100
AcDbLine
 10
6.3660327952755908
 20
-4.0797800393700783
 30
0
 11
6.365128818897638
 21
-4.0796002362204726
 31
0
  0
LINE
  5
E87
330
1B
100
AcDbEntity
  8
F.Silkscreen
  6
CONTINUOUS
100
AcDbLine
 10
6.365128818897638
 20
-4.0796002362204726
 30
0
 11
6.3638503937007869
 21
-4.0783218110236223
 31
0
  0
LINE
  5
E88
330
1B
100
AcDbEntity
  8
F.Silkscreen
  6
CONTINUOUS
100
AcDbLine
 10
6.3638503937007869
 20
-4.0783218110236223
 30
0
 11
6.3638503937007869
 21
-4.0765138582677167
 31
0
  0
LINE
  5
E89
330
1B
100
AcDbEntity
  8
F.Silkscreen
  6
CONTINUOUS
100
AcDbLine
 10
6.3638503937007869
 20
-4.0765138582677167
 30
0
 11
6.365128818897638
 21
-4.0752354330708664
 31
0
  0
LINE
  5
E8A
330
1B
100
AcDbEntity
  8
F.Silkscreen
  6
CONTINUOUS
100
AcDbLine
 10
6.365128818897638
 20
-4.0752354330708664
 30
0
 11
6.3660327952755908
 21
-4.0750556299212599
 31
0
  0
LINE
  5
E8B
330
1B
100
AcDbEntity
  8
F.Silkscreen
  6
CONTINUOUS
100
AcDbLine
 10
6.3660327952755908
 20
-4.0750556299212599
 30
0
 11
6.4022532677165351
 21
-4.0750556299212599
 31
0
  0
LINE
  5
E8C
330
1B
100
AcDbEntity
  8
F.Silkscreen
  6
CONTINUOUS
100
AcDbLine
 10
6.4022532677165351
 20
-4.0750556299212599
 30
0
 11
6.4031572440944879
 21
-4.0752354330708664
 31
0
  0
LINE
  5
E8D
330
1B
100
AcDbEntity
  8
F.Silkscreen
  6
CONTINUOUS
100
AcDbLine
 10
6.5031572440944885
 20
-4.0752354330708664
 30
0
 11
6.5044356692913388
 21
-4.0765138582677167
 31
0
  0
LINE
  5
E8E
330
1B
100
AcDbEntity
  8
F.Silkscreen
  6
CONTINUOUS
100
AcDbLine
 10
6.5044356692913388
 20
-4.0765138582677167
 30
0
 11
6.5044356692913388
 21
-4.0783218110236223
 31
0
  0
LINE
  5
E8F
330
1B
100
AcDbEntity
  8
F.Silkscreen
  6
CONTINUOUS
100
AcDbLine
 10
6.5044356692913388
 20
-4.0783218110236223
 30
0
 11
6.5031572440944885
 21
-4.0796002362204726
 31
0
  0
LINE
  5
E90
330
1B
100
AcDbEntity
  8
F.Silkscreen
  6
CONTINUOUS
100
AcDbLine
 10
6.5031572440944885
 20
-4.0796002362204726
 30
0
 11
6.5022532677165357
 21
-4.0797800393700783
 31
0
  0
LINE
  5
E91
330
1B
100
AcDbEntity
  8
F.Silkscreen
  6
CONTINUOUS
100
AcDbLine
 10
6.5022532677165357
 20
-4.0797800393700783
 30
0
 11
6.4660327952755905
 21
-4.0797800393700783
 31
0
  0
LINE
  5
E92
330
1B
100
AcDbEntity
  8
F.Silkscreen
  6
CONTINUOUS
100
AcDbLine
 10
6.4660327952755905
 20
-4.0797800393700783
 30
0
 11
6.4651288188976377
 21
-4.0796002362204726
 31
0
  0
LINE
  5
E93
330
1B
100
AcDbEntity
  8
F.Silkscreen
  6
CONTINUOUS
100
AcDbLine
 10
6.4651288188976377
 20
-4.0796002362204726
 30
0
 11
6.4638503937007874
 21
-4.0783218110236223
 31
0
  0
LINE
  5
E94
330
1B
100
AcDbEntity
  8
F.Silkscreen
  6
CONTINUOUS
100
AcDbLine
 10
6.4638503937007874
 20
-4.0783218110236223
 30
0
 11
6.4638503937007874
 21
-4.0765138582677167
 31
0
  0
LINE
  5
E95
330
1B
100
AcDbEntity
  8
F.Silkscreen
  6
CONTINUOUS
100
AcDbLine
 10
6.4638503937007874
 20
-4.0765138582677167
 30
0
 11
6.4651288188976377
 21
-4.0752354330708664
 31
0
  0
LINE
  5
E96
330
1B
100
AcDbEntity
  8
F.Silkscreen
  6
CONTINUOUS
100
AcDbLine
 10
6.4651288188976377
 20
-4.0752354330708664
 30
0
 11
6.4660327952755905
 21
-4.0750556299212599
 31
0
  0
LINE
  5
E97
330
1B
100
AcDbEntity
  8
F.Silkscreen
  6
CONTINUOUS
100
AcDbLine
 10
6.4660327952755905
 20
-4.0750556299212599
 30
0
 11
6.5022532677165357
 21
-4.0750556299212599
 31
0
  0
LINE
  5
E98
330
1B
100
AcDbEntity
  8
F.Silkscreen
  6
CONTINUOUS
100
AcDbLine
 10
6.5022532677165357
 20
-4.0750556299212599
 30
0
 11
6.5031572440944885
 21
-4.0752354330708664
 31
0
  0
LINE
  5
E99
330
1B
100
AcDbEntity
  8
F.Silkscreen
  6
CONTINUOUS
100
AcDbLine
 10
6.6031572440944881
 20
-4.0752354330708664
 30
0
 11
6.6044356692913384
 21
-4.0765138582677167
 31
0
  0
LINE
  5
E9A
330
1B
100
AcDbEntity
  8
F.Silkscreen
  6
CONTINUOUS
100
AcDbLine
 10
6.6044356692913384
 20
-4.0765138582677167
 30
0
 11
6.6044356692913384
 21
-4.0783218110236223
 31
0
  0
LINE
  5
E9B
330
1B
100
AcDbEntity
  8
F.Silkscreen
  6
CONTINUOUS
100
AcDbLine
 10
6.6044356692913384
 20
-4.0783218110236223
 30
0
 11
6.6031572440944881
 21
-4.0796002362204726
 31
0
  0
LINE
  5
E9C
330
1B
100
AcDbEntity
  8
F.Silkscreen
  6
CONTINUOUS
100
AcDbLine
 10
6.6031572440944881
 20
-4.0796002362204726
 30
0
 11
6.6022532677165353
 21
-4.0797800393700783
 31
0
  0
LINE
  5
E9D
330
1B
100
AcDbEntity
  8
F.Silkscreen
  6
CONTINUOUS
100
AcDbLine
 10
6.6022532677165353
 20
-4.0797800393700783
 30
0
 11
6.5660327952755901
 21
-4.0797800393700783
 31
0
  0
LINE
  5
E9E
330
1B
100
AcDbEntity
  8
F.Silkscreen
  6
CONTINUOUS
100
AcDbLine
 10
6.5660327952755901
 20
-4.0797800393700783
 30
0
 11
6.5651288188976373
 21
-4.0796002362204726
 31
0
  0
LINE
  5
E9F
330
1B
100
AcDbEntity
  8
F.Silkscreen
  6
CONTINUOUS
100
AcDbLine
 10
6.5651288188976373
 20
-4.0796002362204726
 30
0
 11
6.563850393700787
 21
-4.0783218110236223
 31
0
  0
LINE
  5
EA0
330
1B
100
AcDbEntity
  8
F.Silkscreen
  6
CONTINUOUS
100
AcDbLine
 10
6.563850393700787
 20
-4.0783218110236223
 30
0
 11
6.563850393700787
 21
-4.0765138582677167
 31
0
  0
LINE
  5
EA1
330
1B
100
AcDbEntity
  8
F.Silkscreen
  6
CONTINUOUS
100
AcDbLine
 10
6.563850393700787
 20
-4.0765138582677167
 30
0
 11
6.5651288188976373
 21
-4.0752354330708664
 31
0
  0
LINE
  5
EA2
330
1B
100
AcDbEntity
  8
F.Silkscreen
  6
CONTINUOUS
100
AcDbLine
 10
6.5651288188976373
 20
-4.0752354330708664
 30
0
 11
6.5660327952755901
 21
-4.0750556299212599
 31
0
  0
LINE
  5
EA3
330
1B
100
AcDbEntity
  8
F.Silkscreen
  6
CONTINUOUS
100
AcDbLine
 10
6.5660327952755901
 20
-4.0750556299212599
 30
0
 11
6.6022532677165353
 21
-4.0750556299212599
 31
0
  0
LINE
  5
EA4
330
1B
100
AcDbEntity
  8
F.Silkscreen
  6
CONTINUOUS
100
AcDbLine
 10
6.6022532677165353
 20
-4.0750556299212599
 30
0
 11
6.6031572440944881
 21
-4.0752354330708664
 31
0
  0
LINE
  5
EA5
330
1B
100
AcDbEntity
  8
F.Silkscreen
  6
CONTINUOUS
100
AcDbLine
 10
5.8409074803149608
 20
-3.5090492913385827
 30
0
 11
5.8410624015748027
 21
-3.5090389763779526
 31
0
  0
LINE
  5
EA6
330
1B
100
AcDbEntity
  8
F.Silkscreen
  6
CONTINUOUS
100
AcDbLine
 10
5.8410624015748027
 20
-3.5090389763779526
 30
0
 11
5.8411690944881887
 21
-3.5090750393700785
 31
0
  0
LINE
  5
EA7
330
1B
100
AcDbEntity
  8
F.Silkscreen
  6
CONTINUOUS
100
AcDbLine
 10
5.8411690944881887
 20
-3.5090750393700785
 30
0
 11
5.8414502755905513
 21
-3.5091027559055119
 31
0
  0
LINE
  5
EA8
330
1B
100
AcDbEntity
  8
F.Silkscreen
  6
CONTINUOUS
100
AcDbLine
 10
5.8414502755905513
 20
-3.5091027559055119
 30
0
 11
5.842336653543307
 21
-3.5094699212598424
 31
0
  0
LINE
  5
EA9
330
1B
100
AcDbEntity
  8
F.Silkscreen
  6
CONTINUOUS
100
AcDbLine
 10
5.842336653543307
 20
-3.5094699212598424
 30
0
 11
5.8432451574803146
 21
-3.5097771653543308
 31
0
  0
LINE
  5
EAA
330
1B
100
AcDbEntity
  8
F.Silkscreen
  6
CONTINUOUS
100
AcDbLine
 10
5.8432451574803146
 20
-3.5097771653543308
 30
0
 11
5.8433950393700789
 21
-3.5099083070866142
 31
0
  0
LINE
  5
EAB
330
1B
100
AcDbEntity
  8
F.Silkscreen
  6
CONTINUOUS
100
AcDbLine
 10
5.8433950393700789
 20
-3.5099083070866142
 30
0
 11
5.8435790944881889
 21
-3.5099845669291336
 31
0
  0
LINE
  5
EAC
330
1B
100
AcDbEntity
  8
F.Silkscreen
  6
CONTINUOUS
100
AcDbLine
 10
5.8435790944881889
 20
-3.5099845669291336
 30
0
 11
5.8442574015748034
 21
-3.5106628740157482
 31
0
  0
LINE
  5
EAD
330
1B
100
AcDbEntity
  8
F.Silkscreen
  6
CONTINUOUS
100
AcDbLine
 10
5.8442574015748034
 20
-3.5106628740157482
 30
0
 11
5.844979291338583
 21
-3.511294527559055
 31
0
  0
LINE
  5
EAE
330
1B
100
AcDbEntity
  8
F.Silkscreen
  6
CONTINUOUS
100
AcDbLine
 10
5.844979291338583
 20
-3.511294527559055
 30
0
 11
5.845067559055118
 21
-3.5114730314960627
 31
0
  0
LINE
  5
EAF
330
1B
100
AcDbEntity
  8
F.Silkscreen
  6
CONTINUOUS
100
AcDbLine
 10
5.845067559055118
 20
-3.5114730314960627
 30
0
 11
5.8452083858267718
 21
-3.5116138582677165
 31
0
  0
LINE
  5
EB0
330
1B
100
AcDbEntity
  8
F.Silkscreen
  6
CONTINUOUS
100
AcDbLine
 10
5.8452083858267718
 20
-3.5116138582677165
 30
0
 11
5.8455755511811018
 21
-3.5125003149606298
 31
0
  0
LINE
  5
EB1
330
1B
100
AcDbEntity
  8
F.Silkscreen
  6
CONTINUOUS
100
AcDbLine
 10
5.8455755511811018
 20
-3.5125003149606298
 30
0
 11
5.8460007086614176
 21
-3.51336
 31
0
  0
LINE
  5
EB2
330
1B
100
AcDbEntity
  8
F.Silkscreen
  6
CONTINUOUS
100
AcDbLine
 10
5.8460007086614176
 20
-3.51336
 30
0
 11
5.8460139370078741
 21
-3.5135585826771654
 31
0
  0
LINE
  5
EB3
330
1B
100
AcDbEntity
  8
F.Silkscreen
  6
CONTINUOUS
100
AcDbLine
 10
5.8460139370078741
 20
-3.5135585826771654
 30
0
 11
5.846090196850394
 21
-3.5137426771653542
 31
0
  0
LINE
  5
EB4
330
1B
100
AcDbEntity
  8
F.Silkscreen
  6
CONTINUOUS
100
AcDbLine
 10
5.846090196850394
 20
-3.5137426771653542
 30
0
 11
5.846090196850394
 21
-3.5147023228346455
 31
0
  0
LINE
  5
EB5
330
1B
100
AcDbEntity
  8
F.Silkscreen
  6
CONTINUOUS
100
AcDbLine
 10
5.846090196850394
 20
-3.5147023228346455
 30
0
 11
5.8461539763779529
 21
-3.5156590551181099
 31
0
  0
LINE
  5
EB6
330
1B
100
AcDbEntity
  8
F.Silkscreen
  6
CONTINUOUS
100
AcDbLine
 10
5.8461539763779529
 20
-3.5156590551181099
 30
0
 11
5.846090196850394
 21
-3.5158476377952756
 31
0
  0
LINE
  5
EB7
330
1B
100
AcDbEntity
  8
F.Silkscreen
  6
CONTINUOUS
100
AcDbLine
 10
5.846090196850394
 20
-3.5158476377952756
 30
0
 11
5.846090196850394
 21
-3.5160469291338581
 31
0
  0
LINE
  5
EB8
330
1B
100
AcDbEntity
  8
F.Silkscreen
  6
CONTINUOUS
100
AcDbLine
 10
5.846090196850394
 20
-3.5160469291338581
 30
0
 11
5.8457230708661418
 21
-3.516933188976378
 31
0
  0
LINE
  5
EB9
330
1B
100
AcDbEntity
  8
F.Silkscreen
  6
CONTINUOUS
100
AcDbLine
 10
5.8457230708661418
 20
-3.516933188976378
 30
0
 11
5.8454157874015751
 21
-3.5178418503937006
 31
0
  0
LINE
  5
EBA
330
1B
100
AcDbEntity
  8
F.Silkscreen
  6
CONTINUOUS
100
AcDbLine
 10
5.8454157874015751
 20
-3.5178418503937006
 30
0
 11
5.8452514960629918
 21
-3.5180716141732282
 31
0
  0
LINE
  5
EBB
330
1B
100
AcDbEntity
  8
F.Silkscreen
  6
CONTINUOUS
100
AcDbLine
 10
5.8452514960629918
 20
-3.5180716141732282
 30
0
 11
5.8452083858267718
 21
-3.5181757480314961
 31
0
  0
LINE
  5
EBC
330
1B
100
AcDbEntity
  8
F.Silkscreen
  6
CONTINUOUS
100
AcDbLine
 10
5.8452083858267718
 20
-3.5181757480314961
 30
0
 11
5.8450985039370078
 21
-3.518285590551181
 31
0
  0
LINE
  5
EBD
330
1B
100
AcDbEntity
  8
F.Silkscreen
  6
CONTINUOUS
100
AcDbLine
 10
5.8450985039370078
 20
-3.518285590551181
 30
0
 11
5.8447424803149604
 21
-3.5187836220472439
 31
0
  0
LINE
  5
EBE
330
1B
100
AcDbEntity
  8
F.Silkscreen
  6
CONTINUOUS
100
AcDbLine
 10
5.8447424803149604
 20
-3.5187836220472439
 30
0
 11
5.8326584645669293
 21
-3.5325939370078738
 31
0
  0
LINE
  5
EBF
330
1B
100
AcDbEntity
  8
F.Silkscreen
  6
CONTINUOUS
100
AcDbLine
 10
5.8326584645669293
 20
-3.5325939370078738
 30
0
 11
5.837314881889764
 21
-3.5349220866141731
 31
0
  0
LINE
  5
EC0
330
1B
100
AcDbEntity
  8
F.Silkscreen
  6
CONTINUOUS
100
AcDbLine
 10
5.837314881889764
 20
-3.5349220866141731
 30
0
 11
5.8378107086614168
 21
-3.5352342125984251
 31
0
  0
LINE
  5
EC1
330
1B
100
AcDbEntity
  8
F.Silkscreen
  6
CONTINUOUS
100
AcDbLine
 10
5.8378107086614168
 20
-3.5352342125984251
 30
0
 11
5.8379548031496062
 21
-3.535293897637795
 31
0
  0
LINE
  5
EC2
330
1B
100
AcDbEntity
  8
F.Silkscreen
  6
CONTINUOUS
100
AcDbLine
 10
5.8379548031496062
 20
-3.535293897637795
 30
0
 11
5.8381170078740157
 21
-3.5354270078740155
 31
0
  0
LINE
  5
EC3
330
1B
100
AcDbEntity
  8
F.Silkscreen
  6
CONTINUOUS
100
AcDbLine
 10
5.8381170078740157
 20
-3.5354270078740155
 30
0
 11
5.838294606299212
 21
-3.5355388188976375
 31
0
  0
LINE
  5
EC4
330
1B
100
AcDbEntity
  8
F.Silkscreen
  6
CONTINUOUS
100
AcDbLine
 10
5.838294606299212
 20
-3.5355388188976375
 30
0
 11
5.8383967322834645
 21
-3.5356565748031494
 31
0
  0
LINE
  5
EC5
330
1B
100
AcDbEntity
  8
F.Silkscreen
  6
CONTINUOUS
100
AcDbLine
 10
5.8383967322834645
 20
-3.5356565748031494
 30
0
 11
5.8388497244094486
 21
-3.5360283464566926
 31
0
  0
LINE
  5
EC6
330
1B
100
AcDbEntity
  8
F.Silkscreen
  6
CONTINUOUS
100
AcDbLine
 10
5.8388497244094486
 20
-3.5360283464566926
 30
0
 11
5.8416618503937006
 21
-3.5388405118110233
 31
0
  0
LINE
  5
EC7
330
1B
100
AcDbEntity
  8
F.Silkscreen
  6
CONTINUOUS
100
AcDbLine
 10
5.8416618503937006
 20
-3.5388405118110233
 30
0
 11
5.84203342519685
 21
-3.5392932677165354
 31
0
  0
LINE
  5
EC8
330
1B
100
AcDbEntity
  8
F.Silkscreen
  6
CONTINUOUS
100
AcDbLine
 10
5.84203342519685
 20
-3.5392932677165354
 30
0
 11
5.8421512992125981
 21
-3.5393955118110236
 31
0
  0
LINE
  5
EC9
330
1B
100
AcDbEntity
  8
F.Silkscreen
  6
CONTINUOUS
100
AcDbLine
 10
5.8421512992125981
 20
-3.5393955118110236
 30
0
 11
5.8422631102362201
 21
-3.5395731496062992
 31
0
  0
LINE
  5
ECA
330
1B
100
AcDbEntity
  8
F.Silkscreen
  6
CONTINUOUS
100
AcDbLine
 10
5.8422631102362201
 20
-3.5395731496062992
 30
0
 11
5.8423962598425199
 21
-3.5397353937007874
 31
0
  0
LINE
  5
ECB
330
1B
100
AcDbEntity
  8
F.Silkscreen
  6
CONTINUOUS
100
AcDbLine
 10
5.8423962598425199
 20
-3.5397353937007874
 30
0
 11
5.8424559055118106
 21
-3.5398794488188976
 31
0
  0
LINE
  5
ECC
330
1B
100
AcDbEntity
  8
F.Silkscreen
  6
CONTINUOUS
100
AcDbLine
 10
5.8424559055118106
 20
-3.5398794488188976
 30
0
 11
5.8427680314960631
 21
-3.5403752755905513
 31
0
  0
LINE
  5
ECD
330
1B
100
AcDbEntity
  8
F.Silkscreen
  6
CONTINUOUS
100
AcDbLine
 10
5.8427680314960631
 20
-3.5403752755905513
 30
0
 11
5.8455801968503938
 21
-3.5459995275590552
 31
0
  0
LINE
  5
ECE
330
1B
100
AcDbEntity
  8
F.Silkscreen
  6
CONTINUOUS
100
AcDbLine
 10
5.8455801968503938
 20
-3.5459995275590552
 30
0
 11
5.845993937007874
 21
-3.5470807874015748
 31
0
  0
LINE
  5
ECF
330
1B
100
AcDbEntity
  8
F.Silkscreen
  6
CONTINUOUS
100
AcDbLine
 10
5.845993937007874
 20
-3.5470807874015748
 30
0
 11
5.8460089370078743
 21
-3.5472923622047245
 31
0
  0
LINE
  5
ED0
330
1B
100
AcDbEntity
  8
F.Silkscreen
  6
CONTINUOUS
100
AcDbLine
 10
5.8460089370078743
 20
-3.5472923622047245
 30
0
 11
5.846090196850394
 21
-3.5474884645669289
 31
0
  0
LINE
  5
ED1
330
1B
100
AcDbEntity
  8
F.Silkscreen
  6
CONTINUOUS
100
AcDbLine
 10
5.846090196850394
 20
-3.5474884645669289
 30
0
 11
5.8462036614173227
 21
-3.5486405905511811
 31
0
  0
LINE
  5
ED2
330
1B
100
AcDbEntity
  8
F.Silkscreen
  6
CONTINUOUS
100
AcDbLine
 10
5.8462036614173227
 20
-3.5486405905511811
 30
0
 11
5.8462036614173227
 21
-3.5627013385826771
 31
0
  0
LINE
  5
ED3
330
1B
100
AcDbEntity
  8
F.Silkscreen
  6
CONTINUOUS
100
AcDbLine
 10
5.8462036614173227
 20
-3.5627013385826771
 30
0
 11
5.846090196850394
 21
-3.5638534645669289
 31
0
  0
LINE
  5
ED4
330
1B
100
AcDbEntity
  8
F.Silkscreen
  6
CONTINUOUS
100
AcDbLine
 10
5.846090196850394
 20
-3.5638534645669289
 30
0
 11
5.8460089370078743
 21
-3.5640495275590549
 31
0
  0
LINE
  5
ED5
330
1B
100
AcDbEntity
  8
F.Silkscreen
  6
CONTINUOUS
100
AcDbLine
 10
5.8460089370078743
 20
-3.5640495275590549
 30
0
 11
5.845993937007874
 21
-3.5642611417322834
 31
0
  0
LINE
  5
ED6
330
1B
100
AcDbEntity
  8
F.Silkscreen
  6
CONTINUOUS
100
AcDbLine
 10
5.845993937007874
 20
-3.5642611417322834
 30
0
 11
5.8455801968503938
 21
-3.565342401574803
 31
0
  0
LINE
  5
ED7
330
1B
100
AcDbEntity
  8
F.Silkscreen
  6
CONTINUOUS
100
AcDbLine
 10
5.8455801968503938
 20
-3.565342401574803
 30
0
 11
5.8427680314960631
 21
-3.5709666535433069
 31
0
  0
LINE
  5
ED8
330
1B
100
AcDbEntity
  8
F.Silkscreen
  6
CONTINUOUS
100
AcDbLine
 10
5.8427680314960631
 20
-3.5709666535433069
 30
0
 11
5.8424559055118106
 21
-3.5714624409448819
 31
0
  0
LINE
  5
ED9
330
1B
100
AcDbEntity
  8
F.Silkscreen
  6
CONTINUOUS
100
AcDbLine
 10
5.8424559055118106
 20
-3.5714624409448819
 30
0
 11
5.8423962598425199
 21
-3.5716065354330708
 31
0
  0
LINE
  5
EDA
330
1B
100
AcDbEntity
  8
F.Silkscreen
  6
CONTINUOUS
100
AcDbLine
 10
5.8423962598425199
 20
-3.5716065354330708
 30
0
 11
5.8422631102362201
 21
-3.5717687401574802
 31
0
  0
LINE
  5
EDB
330
1B
100
AcDbEntity
  8
F.Silkscreen
  6
CONTINUOUS
100
AcDbLine
 10
5.8422631102362201
 20
-3.5717687401574802
 30
0
 11
5.8421512992125981
 21
-3.5719464173228346
 31
0
  0
LINE
  5
EDC
330
1B
100
AcDbEntity
  8
F.Silkscreen
  6
CONTINUOUS
100
AcDbLine
 10
5.8421512992125981
 20
-3.5719464173228346
 30
0
 11
5.84203342519685
 21
-3.572048622047244
 31
0
  0
LINE
  5
EDD
330
1B
100
AcDbEntity
  8
F.Silkscreen
  6
CONTINUOUS
100
AcDbLine
 10
5.84203342519685
 20
-3.572048622047244
 30
0
 11
5.8416618503937006
 21
-3.5725014173228344
 31
0
  0
LINE
  5
EDE
330
1B
100
AcDbEntity
  8
F.Silkscreen
  6
CONTINUOUS
100
AcDbLine
 10
5.8416618503937006
 20
-3.5725014173228344
 30
0
 11
5.8388497244094486
 21
-3.5753135826771651
 31
0
  0
LINE
  5
EDF
330
1B
100
AcDbEntity
  8
F.Silkscreen
  6
CONTINUOUS
100
AcDbLine
 10
5.8388497244094486
 20
-3.5753135826771651
 30
0
 11
5.8383967322834645
 21
-3.57568531496063
 31
0
  0
LINE
  5
EE0
330
1B
100
AcDbEntity
  8
F.Silkscreen
  6
CONTINUOUS
100
AcDbLine
 10
5.8383967322834645
 20
-3.57568531496063
 30
0
 11
5.838294606299212
 21
-3.5758031102362202
 31
0
  0
LINE
  5
EE1
330
1B
100
AcDbEntity
  8
F.Silkscreen
  6
CONTINUOUS
100
AcDbLine
 10
5.838294606299212
 20
-3.5758031102362202
 30
0
 11
5.8381170078740157
 21
-3.5759148818897639
 31
0
  0
LINE
  5
EE2
330
1B
100
AcDbEntity
  8
F.Silkscreen
  6
CONTINUOUS
100
AcDbLine
 10
5.8381170078740157
 20
-3.5759148818897639
 30
0
 11
5.8379548031496062
 21
-3.5760480314960628
 31
0
  0
LINE
  5
EE3
330
1B
100
AcDbEntity
  8
F.Silkscreen
  6
CONTINUOUS
100
AcDbLine
 10
5.8379548031496062
 20
-3.5760480314960628
 30
0
 11
5.8378107086614168
 21
-3.5761076771653544
 31
0
  0
LINE
  5
EE4
330
1B
100
AcDbEntity
  8
F.Silkscreen
  6
CONTINUOUS
100
AcDbLine
 10
5.8378107086614168
 20
-3.5761076771653544
 30
0
 11
5.837314881889764
 21
-3.5764198425196851
 31
0
  0
LINE
  5
EE5
330
1B
100
AcDbEntity
  8
F.Silkscreen
  6
CONTINUOUS
100
AcDbLine
 10
5.837314881889764
 20
-3.5764198425196851
 30
0
 11
5.8316905118110238
 21
-3.5792319685039371
 31
0
  0
LINE
  5
EE6
330
1B
100
AcDbEntity
  8
F.Silkscreen
  6
CONTINUOUS
100
AcDbLine
 10
5.8316905118110238
 20
-3.5792319685039371
 30
0
 11
5.8306092913385825
 21
-3.579645748031496
 31
0
  0
LINE
  5
EE7
330
1B
100
AcDbEntity
  8
F.Silkscreen
  6
CONTINUOUS
100
AcDbLine
 10
5.8306092913385825
 20
-3.579645748031496
 30
0
 11
5.8303976377952758
 21
-3.5796607480314959
 31
0
  0
LINE
  5
EE8
330
1B
100
AcDbEntity
  8
F.Silkscreen
  6
CONTINUOUS
100
AcDbLine
 10
5.8303976377952758
 20
-3.5796607480314959
 30
0
 11
5.8302016535433072
 21
-3.5797419685039369
 31
0
  0
LINE
  5
EE9
330
1B
100
AcDbEntity
  8
F.Silkscreen
  6
CONTINUOUS
100
AcDbLine
 10
5.8302016535433072
 20
-3.5797419685039369
 30
0
 11
5.8290495275590546
 21
-3.5798554330708661
 31
0
  0
LINE
  5
EEA
330
1B
100
AcDbEntity
  8
F.Silkscreen
  6
CONTINUOUS
100
AcDbLine
 10
5.8290495275590546
 20
-3.5798554330708661
 30
0
 11
5.8121766535433066
 21
-3.5798554330708661
 31
0
  0
LINE
  5
EEB
330
1B
100
AcDbEntity
  8
F.Silkscreen
  6
CONTINUOUS
100
AcDbLine
 10
5.8121766535433066
 20
-3.5798554330708661
 30
0
 11
5.8110245275590549
 21
-3.5797419685039369
 31
0
  0
LINE
  5
EEC
330
1B
100
AcDbEntity
  8
F.Silkscreen
  6
CONTINUOUS
100
AcDbLine
 10
5.8110245275590549
 20
-3.5797419685039369
 30
0
 11
5.8108285039370076
 21
-3.5796607480314959
 31
0
  0
LINE
  5
EED
330
1B
100
AcDbEntity
  8
F.Silkscreen
  6
CONTINUOUS
100
AcDbLine
 10
5.8108285039370076
 20
-3.5796607480314959
 30
0
 11
5.8106168897637795
 21
-3.579645748031496
 31
0
  0
LINE
  5
EEE
330
1B
100
AcDbEntity
  8
F.Silkscreen
  6
CONTINUOUS
100
AcDbLine
 10
5.8106168897637795
 20
-3.579645748031496
 30
0
 11
5.8095356692913382
 21
-3.5792319685039371
 31
0
  0
LINE
  5
EEF
330
1B
100
AcDbEntity
  8
F.Silkscreen
  6
CONTINUOUS
100
AcDbLine
 10
5.8095356692913382
 20
-3.5792319685039371
 30
0
 11
5.8039113385826768
 21
-3.5764198425196851
 31
0
  0
LINE
  5
EF0
330
1B
100
AcDbEntity
  8
F.Silkscreen
  6
CONTINUOUS
100
AcDbLine
 10
5.8039113385826768
 20
-3.5764198425196851
 30
0
 11
5.8034155905511806
 21
-3.5761077559055119
 31
0
  0
LINE
  5
EF1
330
1B
100
AcDbEntity
  8
F.Silkscreen
  6
CONTINUOUS
100
AcDbLine
 10
5.8034155905511806
 20
-3.5761077559055119
 30
0
 11
5.8032714566929133
 21
-3.5760480708661415
 31
0
  0
LINE
  5
EF2
330
1B
100
AcDbEntity
  8
F.Silkscreen
  6
CONTINUOUS
100
AcDbLine
 10
5.8032714566929133
 20
-3.5760480708661415
 30
0
 11
5.8031091338582677
 21
-3.5759148425196852
 31
0
  0
LINE
  5
EF3
330
1B
100
AcDbEntity
  8
F.Silkscreen
  6
CONTINUOUS
100
AcDbLine
 10
5.8031091338582677
 20
-3.5759148425196852
 30
0
 11
5.8029316141732279
 21
-3.5758031102362202
 31
0
  0
LINE
  5
EF4
330
1B
100
AcDbEntity
  8
F.Silkscreen
  6
CONTINUOUS
100
AcDbLine
 10
5.8029316141732279
 20
-3.5758031102362202
 30
0
 11
5.8028294488188976
 21
-3.57568531496063
 31
0
  0
LINE
  5
EF5
330
1B
100
AcDbEntity
  8
F.Silkscreen
  6
CONTINUOUS
100
AcDbLine
 10
5.8028294488188976
 20
-3.57568531496063
 30
0
 11
5.802376535433071
 21
-3.5753136220472439
 31
0
  0
LINE
  5
EF6
330
1B
100
AcDbEntity
  8
F.Silkscreen
  6
CONTINUOUS
100
AcDbLine
 10
5.802376535433071
 20
-3.5753136220472439
 30
0
 11
5.7995643700787403
 21
-3.5725014566929132
 31
0
  0
LINE
  5
EF7
330
1B
100
AcDbEntity
  8
F.Silkscreen
  6
CONTINUOUS
100
AcDbLine
 10
5.7995643700787403
 20
-3.5725014566929132
 30
0
 11
5.7988299212598422
 21
-3.5716065354330708
 31
0
  0
LINE
  5
EF8
330
1B
100
AcDbEntity
  8
F.Silkscreen
  6
CONTINUOUS
100
AcDbLine
 10
5.7988299212598422
 20
-3.5716065354330708
 30
0
 11
5.7979481496062988
 21
-3.5694777165354328
 31
0
  0
LINE
  5
EF9
330
1B
100
AcDbEntity
  8
F.Silkscreen
  6
CONTINUOUS
100
AcDbLine
 10
5.7979481496062988
 20
-3.5694777165354328
 30
0
 11
5.7979481496062988
 21
-3.5671735433070864
 31
0
  0
LINE
  5
EFA
330
1B
100
AcDbEntity
  8
F.Silkscreen
  6
CONTINUOUS
100
AcDbLine
 10
5.7979481496062988
 20
-3.5671735433070864
 30
0
 11
5.7988299212598422
 21
-3.5650447244094488
 31
0
  0
LINE
  5
EFB
330
1B
100
AcDbEntity
  8
F.Silkscreen
  6
CONTINUOUS
100
AcDbLine
 10
5.7988299212598422
 20
-3.5650447244094488
 30
0
 11
5.8004592913385826
 21
-3.5634153543307088
 31
0
  0
LINE
  5
EFC
330
1B
100
AcDbEntity
  8
F.Silkscreen
  6
CONTINUOUS
100
AcDbLine
 10
5.8004592913385826
 20
-3.5634153543307088
 30
0
 11
5.8025881102362202
 21
-3.5625335826771654
 31
0
  0
LINE
  5
EFD
330
1B
100
AcDbEntity
  8
F.Silkscreen
  6
CONTINUOUS
100
AcDbLine
 10
5.8025881102362202
 20
-3.5625335826771654
 30
0
 11
5.8048922834645671
 21
-3.5625335826771654
 31
0
  0
LINE
  5
EFE
330
1B
100
AcDbEntity
  8
F.Silkscreen
  6
CONTINUOUS
100
AcDbLine
 10
5.8048922834645671
 20
-3.5625335826771654
 30
0
 11
5.8070211023622047
 21
-3.5634153543307088
 31
0
  0
LINE
  5
EFF
330
1B
100
AcDbEntity
  8
F.Silkscreen
  6
CONTINUOUS
100
AcDbLine
 10
5.8070211023622047
 20
-3.5634153543307088
 30
0
 11
5.8079160236220471
 21
-3.5641498031496064
 31
0
  0
LINE
  5
F00
330
1B
100
AcDbEntity
  8
F.Silkscreen
  6
CONTINUOUS
100
AcDbLine
 10
5.8079160236220471
 20
-3.5641498031496064
 30
0
 11
5.8100505118110233
 21
-3.5662842913385826
 31
0
  0
LINE
  5
F01
330
1B
100
AcDbEntity
  8
F.Silkscreen
  6
CONTINUOUS
100
AcDbLine
 10
5.8100505118110233
 20
-3.5662842913385826
 30
0
 11
5.8135707480314958
 21
-3.5680444094488188
 31
0
  0
LINE
  5
F02
330
1B
100
AcDbEntity
  8
F.Silkscreen
  6
CONTINUOUS
100
AcDbLine
 10
5.8135707480314958
 20
-3.5680444094488188
 30
0
 11
5.8276554724409451
 21
-3.5680444094488188
 31
0
  0
LINE
  5
F03
330
1B
100
AcDbEntity
  8
F.Silkscreen
  6
CONTINUOUS
100
AcDbLine
 10
5.8276554724409451
 20
-3.5680444094488188
 30
0
 11
5.8311756692913388
 21
-3.5662842913385826
 31
0
  0
LINE
  5
F04
330
1B
100
AcDbEntity
  8
F.Silkscreen
  6
CONTINUOUS
100
AcDbLine
 10
5.8311756692913388
 20
-3.5662842913385826
 30
0
 11
5.8326324803149605
 21
-3.5648274409448817
 31
0
  0
LINE
  5
F05
330
1B
100
AcDbEntity
  8
F.Silkscreen
  6
CONTINUOUS
100
AcDbLine
 10
5.8326324803149605
 20
-3.5648274409448817
 30
0
 11
5.8343926377952755
 21
-3.5613072047244092
 31
0
  0
LINE
  5
F06
330
1B
100
AcDbEntity
  8
F.Silkscreen
  6
CONTINUOUS
100
AcDbLine
 10
5.8343926377952755
 20
-3.5613072047244092
 30
0
 11
5.8343926377952755
 21
-3.5500346850393698
 31
0
  0
LINE
  5
F07
330
1B
100
AcDbEntity
  8
F.Silkscreen
  6
CONTINUOUS
100
AcDbLine
 10
5.8343926377952755
 20
-3.5500346850393698
 30
0
 11
5.8326324803149605
 21
-3.5465144488188978
 31
0
  0
LINE
  5
F08
330
1B
100
AcDbEntity
  8
F.Silkscreen
  6
CONTINUOUS
100
AcDbLine
 10
5.8326324803149605
 20
-3.5465144488188978
 30
0
 11
5.8311756692913388
 21
-3.5450575984251969
 31
0
  0
LINE
  5
F09
330
1B
100
AcDbEntity
  8
F.Silkscreen
  6
CONTINUOUS
100
AcDbLine
 10
5.8311756692913388
 20
-3.5450575984251969
 30
0
 11
5.8276554724409451
 21
-3.5432975196850394
 31
0
  0
LINE
  5
F0A
330
1B
100
AcDbEntity
  8
F.Silkscreen
  6
CONTINUOUS
100
AcDbLine
 10
5.8276554724409451
 20
-3.5432975196850394
 30
0
 11
5.82061311023622
 21
-3.5432975196850394
 31
0
  0
LINE
  5
F0B
330
1B
100
AcDbEntity
  8
F.Silkscreen
  6
CONTINUOUS
100
AcDbLine
 10
5.82061311023622
 20
-3.5432975196850394
 30
0
 11
5.8200039370078738
 21
-3.5432375196850394
 31
0
  0
LINE
  5
F0C
330
1B
100
AcDbEntity
  8
F.Silkscreen
  6
CONTINUOUS
100
AcDbLine
 10
5.8200039370078738
 20
-3.5432375196850394
 30
0
 11
5.8198488582677168
 21
-3.5432478740157478
 31
0
  0
LINE
  5
F0D
330
1B
100
AcDbEntity
  8
F.Silkscreen
  6
CONTINUOUS
100
AcDbLine
 10
5.8198488582677168
 20
-3.5432478740157478
 30
0
 11
5.8197419685039371
 21
-3.5432116929133857
 31
0
  0
LINE
  5
F0E
330
1B
100
AcDbEntity
  8
F.Silkscreen
  6
CONTINUOUS
100
AcDbLine
 10
5.8197419685039371
 20
-3.5432116929133857
 30
0
 11
5.8194609842519682
 21
-3.5431840551181102
 31
0
  0
LINE
  5
F0F
330
1B
100
AcDbEntity
  8
F.Silkscreen
  6
CONTINUOUS
100
AcDbLine
 10
5.8194609842519682
 20
-3.5431840551181102
 30
0
 11
5.8185748031496063
 21
-3.5428169685039368
 31
0
  0
LINE
  5
F10
330
1B
100
AcDbEntity
  8
F.Silkscreen
  6
CONTINUOUS
100
AcDbLine
 10
5.8185748031496063
 20
-3.5428169685039368
 30
0
 11
5.8176661023622049
 21
-3.5425096456692913
 31
0
  0
LINE
  5
F11
330
1B
100
AcDbEntity
  8
F.Silkscreen
  6
CONTINUOUS
100
AcDbLine
 10
5.8176661023622049
 20
-3.5425096456692913
 30
0
 11
5.8175161811023619
 21
-3.5423784645669292
 31
0
  0
LINE
  5
F12
330
1B
100
AcDbEntity
  8
F.Silkscreen
  6
CONTINUOUS
100
AcDbLine
 10
5.8175161811023619
 20
-3.5423784645669292
 30
0
 11
5.8173321653543306
 21
-3.542302244094488
 31
0
  0
LINE
  5
F13
330
1B
100
AcDbEntity
  8
F.Silkscreen
  6
CONTINUOUS
100
AcDbLine
 10
5.8173321653543306
 20
-3.542302244094488
 30
0
 11
5.8166538188976373
 21
-3.5416238976377952
 31
0
  0
LINE
  5
F14
330
1B
100
AcDbEntity
  8
F.Silkscreen
  6
CONTINUOUS
100
AcDbLine
 10
5.8166538188976373
 20
-3.5416238976377952
 30
0
 11
5.8159319685039366
 21
-3.5409922834645671
 31
0
  0
LINE
  5
F15
330
1B
100
AcDbEntity
  8
F.Silkscreen
  6
CONTINUOUS
100
AcDbLine
 10
5.8159319685039366
 20
-3.5409922834645671
 30
0
 11
5.8158436614173228
 21
-3.5408137401574802
 31
0
  0
LINE
  5
F16
330
1B
100
AcDbEntity
  8
F.Silkscreen
  6
CONTINUOUS
100
AcDbLine
 10
5.8158436614173228
 20
-3.5408137401574802
 30
0
 11
5.8157028740157477
 21
-3.5406729527559055
 31
0
  0
LINE
  5
F17
330
1B
100
AcDbEntity
  8
F.Silkscreen
  6
CONTINUOUS
100
AcDbLine
 10
5.8157028740157477
 20
-3.5406729527559055
 30
0
 11
5.815335669291338
 21
-3.5397864566929131
 31
0
  0
LINE
  5
F18
330
1B
100
AcDbEntity
  8
F.Silkscreen
  6
CONTINUOUS
100
AcDbLine
 10
5.815335669291338
 20
-3.5397864566929131
 30
0
 11
5.8149105511811019
 21
-3.5389268110236221
 31
0
  0
LINE
  5
F19
330
1B
100
AcDbEntity
  8
F.Silkscreen
  6
CONTINUOUS
100
AcDbLine
 10
5.8149105511811019
 20
-3.5389268110236221
 30
0
 11
5.8148972834645667
 21
-3.538728188976378
 31
0
  0
LINE
  5
F1A
330
1B
100
AcDbEntity
  8
F.Silkscreen
  6
CONTINUOUS
100
AcDbLine
 10
5.8148972834645667
 20
-3.538728188976378
 30
0
 11
5.8148210629921255
 21
-3.5385441338582675
 31
0
  0
LINE
  5
F1B
330
1B
100
AcDbEntity
  8
F.Silkscreen
  6
CONTINUOUS
100
AcDbLine
 10
5.8148210629921255
 20
-3.5385441338582675
 30
0
 11
5.8148210629921255
 21
-3.5375848031496062
 31
0
  0
LINE
  5
F1C
330
1B
100
AcDbEntity
  8
F.Silkscreen
  6
CONTINUOUS
100
AcDbLine
 10
5.8148210629921255
 20
-3.5375848031496062
 30
0
 11
5.8147572440944879
 21
-3.5366277559055117
 31
0
  0
LINE
  5
F1D
330
1B
100
AcDbEntity
  8
F.Silkscreen
  6
CONTINUOUS
100
AcDbLine
 10
5.8147572440944879
 20
-3.5366277559055117
 30
0
 11
5.8148210629921255
 21
-3.5364390551181102
 31
0
  0
LINE
  5
F1E
330
1B
100
AcDbEntity
  8
F.Silkscreen
  6
CONTINUOUS
100
AcDbLine
 10
5.8148210629921255
 20
-3.5364390551181102
 30
0
 11
5.8148210629921255
 21
-3.5362398818897636
 31
0
  0
LINE
  5
F1F
330
1B
100
AcDbEntity
  8
F.Silkscreen
  6
CONTINUOUS
100
AcDbLine
 10
5.8148210629921255
 20
-3.5362398818897636
 30
0
 11
5.8151881102362202
 21
-3.5353537007874016
 31
0
  0
LINE
  5
F20
330
1B
100
AcDbEntity
  8
F.Silkscreen
  6
CONTINUOUS
100
AcDbLine
 10
5.8151881102362202
 20
-3.5353537007874016
 30
0
 11
5.8154954724409444
 21
-3.5344449999999998
 31
0
  0
LINE
  5
F21
330
1B
100
AcDbEntity
  8
F.Silkscreen
  6
CONTINUOUS
100
AcDbLine
 10
5.8154954724409444
 20
-3.5344449999999998
 30
0
 11
5.8156596850393703
 21
-3.5342151968503934
 31
0
  0
LINE
  5
F22
330
1B
100
AcDbEntity
  8
F.Silkscreen
  6
CONTINUOUS
100
AcDbLine
 10
5.8156596850393703
 20
-3.5342151968503934
 30
0
 11
5.8157028740157477
 21
-3.534111062992126
 31
0
  0
LINE
  5
F23
330
1B
100
AcDbEntity
  8
F.Silkscreen
  6
CONTINUOUS
100
AcDbLine
 10
5.8157028740157477
 20
-3.534111062992126
 30
0
 11
5.8158126771653542
 21
-3.5340012204724407
 31
0
  0
LINE
  5
F24
330
1B
100
AcDbEntity
  8
F.Silkscreen
  6
CONTINUOUS
100
AcDbLine
 10
5.8158126771653542
 20
-3.5340012204724407
 30
0
 11
5.8161687401574804
 21
-3.5335031889763777
 31
0
  0
LINE
  5
F25
330
1B
100
AcDbEntity
  8
F.Silkscreen
  6
CONTINUOUS
100
AcDbLine
 10
5.8161687401574804
 20
-3.5335031889763777
 30
0
 11
5.8272837795275585
 21
-3.52080031496063
 31
0
  0
LINE
  5
F26
330
1B
100
AcDbEntity
  8
F.Silkscreen
  6
CONTINUOUS
100
AcDbLine
 10
5.8272837795275585
 20
-3.52080031496063
 30
0
 11
5.8037401968503932
 21
-3.52080031496063
 31
0
  0
LINE
  5
F27
330
1B
100
AcDbEntity
  8
F.Silkscreen
  6
CONTINUOUS
100
AcDbLine
 10
5.8037401968503932
 20
-3.52080031496063
 30
0
 11
5.8025880708661415
 21
-3.5206868503937008
 31
0
  0
LINE
  5
F28
330
1B
100
AcDbEntity
  8
F.Silkscreen
  6
CONTINUOUS
100
AcDbLine
 10
5.8025880708661415
 20
-3.5206868503937008
 30
0
 11
5.8004592519685039
 21
-3.5198050393700786
 31
0
  0
LINE
  5
F29
330
1B
100
AcDbEntity
  8
F.Silkscreen
  6
CONTINUOUS
100
AcDbLine
 10
5.8004592519685039
 20
-3.5198050393700786
 30
0
 11
5.798829960629921
 21
-3.5181757480314961
 31
0
  0
LINE
  5
F2A
330
1B
100
AcDbEntity
  8
F.Silkscreen
  6
CONTINUOUS
100
AcDbLine
 10
5.798829960629921
 20
-3.5181757480314961
 30
0
 11
5.7979481496062988
 21
-3.5160469291338581
 31
0
  0
LINE
  5
F2B
330
1B
100
AcDbEntity
  8
F.Silkscreen
  6
CONTINUOUS
100
AcDbLine
 10
5.7979481496062988
 20
-3.5160469291338581
 30
0
 11
5.7979481496062988
 21
-3.5137426771653542
 31
0
  0
LINE
  5
F2C
330
1B
100
AcDbEntity
  8
F.Silkscreen
  6
CONTINUOUS
100
AcDbLine
 10
5.7979481496062988
 20
-3.5137426771653542
 30
0
 11
5.798829960629921
 21
-3.5116138582677165
 31
0
  0
LINE
  5
F2D
330
1B
100
AcDbEntity
  8
F.Silkscreen
  6
CONTINUOUS
100
AcDbLine
 10
5.798829960629921
 20
-3.5116138582677165
 30
0
 11
5.8004592519685039
 21
-3.5099845669291336
 31
0
  0
LINE
  5
F2E
330
1B
100
AcDbEntity
  8
F.Silkscreen
  6
CONTINUOUS
100
AcDbLine
 10
5.8004592519685039
 20
-3.5099845669291336
 30
0
 11
5.8025880708661415
 21
-3.5091027559055119
 31
0
  0
LINE
  5
F2F
330
1B
100
AcDbEntity
  8
F.Silkscreen
  6
CONTINUOUS
100
AcDbLine
 10
5.8025880708661415
 20
-3.5091027559055119
 30
0
 11
5.8037401968503932
 21
-3.5089892913385827
 31
0
  0
LINE
  5
F30
330
1B
100
AcDbEntity
  8
F.Silkscreen
  6
CONTINUOUS
100
AcDbLine
 10
5.8037401968503932
 20
-3.5089892913385827
 30
0
 11
5.8402981496062987
 21
-3.5089892913385827
 31
0
  0
LINE
  5
F31
330
1B
100
AcDbEntity
  8
F.Silkscreen
  6
CONTINUOUS
100
AcDbLine
 10
5.8402981496062987
 20
-3.5089892913385827
 30
0
 11
5.8409074803149608
 21
-3.5090492913385827
 31
0
  0
LINE
  5
F32
330
1B
100
AcDbEntity
  8
F.Silkscreen
  6
CONTINUOUS
100
AcDbLine
 10
5.9708090551181101
 20
-3.5091027559055119
 30
0
 11
5.9710049999999999
 21
-3.5091838976377954
 31
0
  0
LINE
  5
F33
330
1B
100
AcDbEntity
  8
F.Silkscreen
  6
CONTINUOUS
100
AcDbLine
 10
5.9710049999999999
 20
-3.5091838976377954
 30
0
 11
5.9712167322834642
 21
-3.5091989763779528
 31
0
  0
LINE
  5
F34
330
1B
100
AcDbEntity
  8
F.Silkscreen
  6
CONTINUOUS
100
AcDbLine
 10
5.9712167322834642
 20
-3.5091989763779528
 30
0
 11
5.9722979527559055
 21
-3.5096127559055117
 31
0
  0
LINE
  5
F35
330
1B
100
AcDbEntity
  8
F.Silkscreen
  6
CONTINUOUS
100
AcDbLine
 10
5.9722979527559055
 20
-3.5096127559055117
 30
0
 11
5.9779222834645669
 21
-3.5124249212598424
 31
0
  0
LINE
  5
F36
330
1B
100
AcDbEntity
  8
F.Silkscreen
  6
CONTINUOUS
100
AcDbLine
 10
5.9779222834645669
 20
-3.5124249212598424
 30
0
 11
5.9784180708661419
 21
-3.5127370078740157
 31
0
  0
LINE
  5
F37
330
1B
100
AcDbEntity
  8
F.Silkscreen
  6
CONTINUOUS
100
AcDbLine
 10
5.9784180708661419
 20
-3.5127370078740157
 30
0
 11
5.9785621653543304
 21
-3.5127966929133856
 31
0
  0
LINE
  5
F38
330
1B
100
AcDbEntity
  8
F.Silkscreen
  6
CONTINUOUS
100
AcDbLine
 10
5.9785621653543304
 20
-3.5127966929133856
 30
0
 11
5.978724330708661
 21
-3.5129298031496061
 31
0
  0
LINE
  5
F39
330
1B
100
AcDbEntity
  8
F.Silkscreen
  6
CONTINUOUS
100
AcDbLine
 10
5.978724330708661
 20
-3.5129298031496061
 30
0
 11
5.9789020472440946
 21
-3.5130416535433069
 31
0
  0
LINE
  5
F3A
330
1B
100
AcDbEntity
  8
F.Silkscreen
  6
CONTINUOUS
100
AcDbLine
 10
5.9789020472440946
 20
-3.5130416535433069
 30
0
 11
5.9790042519685036
 21
-3.5131594881889763
 31
0
  0
LINE
  5
F3B
330
1B
100
AcDbEntity
  8
F.Silkscreen
  6
CONTINUOUS
100
AcDbLine
 10
5.9790042519685036
 20
-3.5131594881889763
 30
0
 11
5.9794570866141727
 21
-3.5135311417322832
 31
0
  0
LINE
  5
F3C
330
1B
100
AcDbEntity
  8
F.Silkscreen
  6
CONTINUOUS
100
AcDbLine
 10
5.9794570866141727
 20
-3.5135311417322832
 30
0
 11
5.9822692125984247
 21
-3.5163432677165352
 31
0
  0
LINE
  5
F3D
330
1B
100
AcDbEntity
  8
F.Silkscreen
  6
CONTINUOUS
100
AcDbLine
 10
5.9822692125984247
 20
-3.5163432677165352
 30
0
 11
5.9826408661417325
 21
-3.5167961023622047
 31
0
  0
LINE
  5
F3E
330
1B
100
AcDbEntity
  8
F.Silkscreen
  6
CONTINUOUS
100
AcDbLine
 10
5.9826408661417325
 20
-3.5167961023622047
 30
0
 11
5.982758700787401
 21
-3.5168983070866142
 31
0
  0
LINE
  5
F3F
330
1B
100
AcDbEntity
  8
F.Silkscreen
  6
CONTINUOUS
100
AcDbLine
 10
5.982758700787401
 20
-3.5168983070866142
 30
0
 11
5.9828704330708664
 21
-3.5170758267716535
 31
0
  0
LINE
  5
F40
330
1B
100
AcDbEntity
  8
F.Silkscreen
  6
CONTINUOUS
100
AcDbLine
 10
5.9828704330708664
 20
-3.5170758267716535
 30
0
 11
5.9830036614173228
 21
-3.5172381496062992
 31
0
  0
LINE
  5
F41
330
1B
100
AcDbEntity
  8
F.Silkscreen
  6
CONTINUOUS
100
AcDbLine
 10
5.9830036614173228
 20
-3.5172381496062992
 30
0
 11
5.9830633464566931
 21
-3.5173823228346457
 31
0
  0
LINE
  5
F42
330
1B
100
AcDbEntity
  8
F.Silkscreen
  6
CONTINUOUS
100
AcDbLine
 10
5.9830633464566931
 20
-3.5173823228346457
 30
0
 11
5.9833754330708659
 21
-3.5178780708661415
 31
0
  0
LINE
  5
F43
330
1B
100
AcDbEntity
  8
F.Silkscreen
  6
CONTINUOUS
100
AcDbLine
 10
5.9833754330708659
 20
-3.5178780708661415
 30
0
 11
5.9861875984251967
 21
-3.5235023228346454
 31
0
  0
LINE
  5
F44
330
1B
100
AcDbEntity
  8
F.Silkscreen
  6
CONTINUOUS
100
AcDbLine
 10
5.9861875984251967
 20
-3.5235023228346454
 30
0
 11
5.9866013385826768
 21
-3.5245835826771654
 31
0
  0
LINE
  5
F45
330
1B
100
AcDbEntity
  8
F.Silkscreen
  6
CONTINUOUS
100
AcDbLine
 10
5.9866013385826768
 20
-3.5245835826771654
 30
0
 11
5.9866163385826772
 21
-3.5247951574803147
 31
0
  0
LINE
  5
F46
330
1B
100
AcDbEntity
  8
F.Silkscreen
  6
CONTINUOUS
100
AcDbLine
 10
5.9866163385826772
 20
-3.5247951574803147
 30
0
 11
5.9866975984251969
 21
-3.5249912598425195
 31
0
  0
LINE
  5
F47
330
1B
100
AcDbEntity
  8
F.Silkscreen
  6
CONTINUOUS
100
AcDbLine
 10
5.9866975984251969
 20
-3.5249912598425195
 30
0
 11
5.9868110629921256
 21
-3.5261433858267717
 31
0
  0
LINE
  5
F48
330
1B
100
AcDbEntity
  8
F.Silkscreen
  6
CONTINUOUS
100
AcDbLine
 10
5.9868110629921256
 20
-3.5261433858267717
 30
0
 11
5.9868110629921256
 21
-3.5289555511811024
 31
0
  0
LINE
  5
F49
330
1B
100
AcDbEntity
  8
F.Silkscreen
  6
CONTINUOUS
100
AcDbLine
 10
5.9868110629921256
 20
-3.5289555511811024
 30
0
 11
5.9866975984251969
 21
-3.5301076771653541
 31
0
  0
LINE
  5
F4A
330
1B
100
AcDbEntity
  8
F.Silkscreen
  6
CONTINUOUS
100
AcDbLine
 10
5.9866975984251969
 20
-3.5301076771653541
 30
0
 11
5.9866163385826772
 21
-3.5303037401574802
 31
0
  0
LINE
  5
F4B
330
1B
100
AcDbEntity
  8
F.Silkscreen
  6
CONTINUOUS
100
AcDbLine
 10
5.9866163385826772
 20
-3.5303037401574802
 30
0
 11
5.9866013385826768
 21
-3.5305153543307086
 31
0
  0
LINE
  5
F4C
330
1B
100
AcDbEntity
  8
F.Silkscreen
  6
CONTINUOUS
100
AcDbLine
 10
5.9866013385826768
 20
-3.5305153543307086
 30
0
 11
5.9861875984251967
 21
-3.5315966141732282
 31
0
  0
LINE
  5
F4D
330
1B
100
AcDbEntity
  8
F.Silkscreen
  6
CONTINUOUS
100
AcDbLine
 10
5.9861875984251967
 20
-3.5315966141732282
 30
0
 11
5.9833754330708659
 21
-3.5372208661417321
 31
0
  0
LINE
  5
F4E
330
1B
100
AcDbEntity
  8
F.Silkscreen
  6
CONTINUOUS
100
AcDbLine
 10
5.9833754330708659
 20
-3.5372208661417321
 30
0
 11
5.9830633070866144
 21
-3.5377166535433071
 31
0
  0
LINE
  5
F4F
330
1B
100
AcDbEntity
  8
F.Silkscreen
  6
CONTINUOUS
100
AcDbLine
 10
5.9830633070866144
 20
-3.5377166535433071
 30
0
 11
5.9830036614173228
 21
-3.5378607480314961
 31
0
  0
LINE
  5
F50
330
1B
100
AcDbEntity
  8
F.Silkscreen
  6
CONTINUOUS
100
AcDbLine
 10
5.9830036614173228
 20
-3.5378607480314961
 30
0
 11
5.9828705118110239
 21
-3.5380229527559055
 31
0
  0
LINE
  5
F51
330
1B
100
AcDbEntity
  8
F.Silkscreen
  6
CONTINUOUS
100
AcDbLine
 10
5.9828705118110239
 20
-3.5380229527559055
 30
0
 11
5.982758700787401
 21
-3.5382006299212598
 31
0
  0
LINE
  5
F52
330
1B
100
AcDbEntity
  8
F.Silkscreen
  6
CONTINUOUS
100
AcDbLine
 10
5.982758700787401
 20
-3.5382006299212598
 30
0
 11
5.9826408267716538
 21
-3.5383028346456693
 31
0
  0
LINE
  5
F53
330
1B
100
AcDbEntity
  8
F.Silkscreen
  6
CONTINUOUS
100
AcDbLine
 10
5.9826408267716538
 20
-3.5383028346456693
 30
0
 11
5.9822692519685035
 21
-3.5387556299212597
 31
0
  0
LINE
  5
F54
330
1B
100
AcDbEntity
  8
F.Silkscreen
  6
CONTINUOUS
100
AcDbLine
 10
5.9822692519685035
 20
-3.5387556299212597
 30
0
 11
5.9808207480314959
 21
-3.5402041338582677
 31
0
  0
LINE
  5
F55
330
1B
100
AcDbEntity
  8
F.Silkscreen
  6
CONTINUOUS
100
AcDbLine
 10
5.9808207480314959
 20
-3.5402041338582677
 30
0
 11
5.9822692125984247
 21
-3.541652598425197
 31
0
  0
LINE
  5
F56
330
1B
100
AcDbEntity
  8
F.Silkscreen
  6
CONTINUOUS
100
AcDbLine
 10
5.9822692125984247
 20
-3.541652598425197
 30
0
 11
5.9826408661417325
 21
-3.5421054330708661
 31
0
  0
LINE
  5
F57
330
1B
100
AcDbEntity
  8
F.Silkscreen
  6
CONTINUOUS
100
AcDbLine
 10
5.9826408661417325
 20
-3.5421054330708661
 30
0
 11
5.982758700787401
 21
-3.5422076377952756
 31
0
  0
LINE
  5
F58
330
1B
100
AcDbEntity
  8
F.Silkscreen
  6
CONTINUOUS
100
AcDbLine
 10
5.982758700787401
 20
-3.5422076377952756
 30
0
 11
5.9828704330708664
 21
-3.5423851574803149
 31
0
  0
LINE
  5
F59
330
1B
100
AcDbEntity
  8
F.Silkscreen
  6
CONTINUOUS
100
AcDbLine
 10
5.9828704330708664
 20
-3.5423851574803149
 30
0
 11
5.9830036614173228
 21
-3.5425474803149606
 31
0
  0
LINE
  5
F5A
330
1B
100
AcDbEntity
  8
F.Silkscreen
  6
CONTINUOUS
100
AcDbLine
 10
5.9830036614173228
 20
-3.5425474803149606
 30
0
 11
5.9830633464566931
 21
-3.5426916535433071
 31
0
  0
LINE
  5
F5B
330
1B
100
AcDbEntity
  8
F.Silkscreen
  6
CONTINUOUS
100
AcDbLine
 10
5.9830633464566931
 20
-3.5426916535433071
 30
0
 11
5.9833754330708659
 21
-3.5431874015748033
 31
0
  0
LINE
  5
F5C
330
1B
100
AcDbEntity
  8
F.Silkscreen
  6
CONTINUOUS
100
AcDbLine
 10
5.9833754330708659
 20
-3.5431874015748033
 30
0
 11
5.9861875984251967
 21
-3.5488117322834647
 31
0
  0
LINE
  5
F5D
330
1B
100
AcDbEntity
  8
F.Silkscreen
  6
CONTINUOUS
100
AcDbLine
 10
5.9861875984251967
 20
-3.5488117322834647
 30
0
 11
5.9866013779527556
 21
-3.5498929527559056
 31
0
  0
LINE
  5
F5E
330
1B
100
AcDbEntity
  8
F.Silkscreen
  6
CONTINUOUS
100
AcDbLine
 10
5.9866013779527556
 20
-3.5498929527559056
 30
0
 11
5.9866164173228347
 21
-3.5501046456692911
 31
0
  0
LINE
  5
F5F
330
1B
100
AcDbEntity
  8
F.Silkscreen
  6
CONTINUOUS
100
AcDbLine
 10
5.9866164173228347
 20
-3.5501046456692911
 30
0
 11
5.9866975984251969
 21
-3.5503006299212596
 31
0
  0
LINE
  5
F60
330
1B
100
AcDbEntity
  8
F.Silkscreen
  6
CONTINUOUS
100
AcDbLine
 10
5.9866975984251969
 20
-3.5503006299212596
 30
0
 11
5.9868110629921256
 21
-3.5514527559055118
 31
0
  0
LINE
  5
F61
330
1B
100
AcDbEntity
  8
F.Silkscreen
  6
CONTINUOUS
100
AcDbLine
 10
5.9868110629921256
 20
-3.5514527559055118
 30
0
 11
5.9868110629921256
 21
-3.5627013385826771
 31
0
  0
LINE
  5
F62
330
1B
100
AcDbEntity
  8
F.Silkscreen
  6
CONTINUOUS
100
AcDbLine
 10
5.9868110629921256
 20
-3.5627013385826771
 30
0
 11
5.9866975984251969
 21
-3.5638534645669289
 31
0
  0
LINE
  5
F63
330
1B
100
AcDbEntity
  8
F.Silkscreen
  6
CONTINUOUS
100
AcDbLine
 10
5.9866975984251969
 20
-3.5638534645669289
 30
0
 11
5.9866163385826772
 21
-3.5640495275590549
 31
0
  0
LINE
  5
F64
330
1B
100
AcDbEntity
  8
F.Silkscreen
  6
CONTINUOUS
100
AcDbLine
 10
5.9866163385826772
 20
-3.5640495275590549
 30
0
 11
5.9866013385826768
 21
-3.5642611417322834
 31
0
  0
LINE
  5
F65
330
1B
100
AcDbEntity
  8
F.Silkscreen
  6
CONTINUOUS
100
AcDbLine
 10
5.9866013385826768
 20
-3.5642611417322834
 30
0
 11
5.9861875984251967
 21
-3.565342401574803
 31
0
  0
LINE
  5
F66
330
1B
100
AcDbEntity
  8
F.Silkscreen
  6
CONTINUOUS
100
AcDbLine
 10
5.9861875984251967
 20
-3.565342401574803
 30
0
 11
5.9833754330708659
 21
-3.5709666535433069
 31
0
  0
LINE
  5
F67
330
1B
100
AcDbEntity
  8
F.Silkscreen
  6
CONTINUOUS
100
AcDbLine
 10
5.9833754330708659
 20
-3.5709666535433069
 30
0
 11
5.9830633070866144
 21
-3.5714624409448819
 31
0
  0
LINE
  5
F68
330
1B
100
AcDbEntity
  8
F.Silkscreen
  6
CONTINUOUS
100
AcDbLine
 10
5.9830633070866144
 20
-3.5714624409448819
 30
0
 11
5.9830036614173228
 21
-3.5716065354330708
 31
0
  0
LINE
  5
F69
330
1B
100
AcDbEntity
  8
F.Silkscreen
  6
CONTINUOUS
100
AcDbLine
 10
5.9830036614173228
 20
-3.5716065354330708
 30
0
 11
5.9828705118110239
 21
-3.5717687401574802
 31
0
  0
LINE
  5
F6A
330
1B
100
AcDbEntity
  8
F.Silkscreen
  6
CONTINUOUS
100
AcDbLine
 10
5.9828705118110239
 20
-3.5717687401574802
 30
0
 11
5.982758700787401
 21
-3.5719464173228346
 31
0
  0
LINE
  5
F6B
330
1B
100
AcDbEntity
  8
F.Silkscreen
  6
CONTINUOUS
100
AcDbLine
 10
5.982758700787401
 20
-3.5719464173228346
 30
0
 11
5.9826408267716538
 21
-3.572048622047244
 31
0
  0
LINE
  5
F6C
330
1B
100
AcDbEntity
  8
F.Silkscreen
  6
CONTINUOUS
100
AcDbLine
 10
5.9826408267716538
 20
-3.572048622047244
 30
0
 11
5.9822692519685035
 21
-3.5725014173228344
 31
0
  0
LINE
  5
F6D
330
1B
100
AcDbEntity
  8
F.Silkscreen
  6
CONTINUOUS
100
AcDbLine
 10
5.9822692519685035
 20
-3.5725014173228344
 30
0
 11
5.9794571259842515
 21
-3.5753135826771651
 31
0
  0
LINE
  5
F6E
330
1B
100
AcDbEntity
  8
F.Silkscreen
  6
CONTINUOUS
100
AcDbLine
 10
5.9794571259842515
 20
-3.5753135826771651
 30
0
 11
5.9790041338582673
 21
-3.57568531496063
 31
0
  0
LINE
  5
F6F
330
1B
100
AcDbEntity
  8
F.Silkscreen
  6
CONTINUOUS
100
AcDbLine
 10
5.9790041338582673
 20
-3.57568531496063
 30
0
 11
5.9789020078740158
 21
-3.5758031102362202
 31
0
  0
LINE
  5
F70
330
1B
100
AcDbEntity
  8
F.Silkscreen
  6
CONTINUOUS
100
AcDbLine
 10
5.9789020078740158
 20
-3.5758031102362202
 30
0
 11
5.9787244094488186
 21
-3.5759148818897639
 31
0
  0
LINE
  5
F71
330
1B
100
AcDbEntity
  8
F.Silkscreen
  6
CONTINUOUS
100
AcDbLine
 10
5.9787244094488186
 20
-3.5759148818897639
 30
0
 11
5.9785622047244091
 21
-3.5760480314960628
 31
0
  0
LINE
  5
F72
330
1B
100
AcDbEntity
  8
F.Silkscreen
  6
CONTINUOUS
100
AcDbLine
 10
5.9785622047244091
 20
-3.5760480314960628
 30
0
 11
5.9784181102362206
 21
-3.5761076771653544
 31
0
  0
LINE
  5
F73
330
1B
100
AcDbEntity
  8
F.Silkscreen
  6
CONTINUOUS
100
AcDbLine
 10
5.9784181102362206
 20
-3.5761076771653544
 30
0
 11
5.9779222834645669
 21
-3.5764198425196851
 31
0
  0
LINE
  5
F74
330
1B
100
AcDbEntity
  8
F.Silkscreen
  6
CONTINUOUS
100
AcDbLine
 10
5.9779222834645669
 20
-3.5764198425196851
 30
0
 11
5.9722979133858267
 21
-3.5792319685039371
 31
0
  0
LINE
  5
F75
330
1B
100
AcDbEntity
  8
F.Silkscreen
  6
CONTINUOUS
100
AcDbLine
 10
5.9722979133858267
 20
-3.5792319685039371
 30
0
 11
5.9712166929133854
 21
-3.579645748031496
 31
0
  0
LINE
  5
F76
330
1B
100
AcDbEntity
  8
F.Silkscreen
  6
CONTINUOUS
100
AcDbLine
 10
5.9712166929133854
 20
-3.579645748031496
 30
0
 11
5.9710050393700786
 21
-3.5796607480314959
 31
0
  0
LINE
  5
F77
330
1B
100
AcDbEntity
  8
F.Silkscreen
  6
CONTINUOUS
100
AcDbLine
 10
5.9710050393700786
 20
-3.5796607480314959
 30
0
 11
5.9708090551181101
 21
-3.5797419685039369
 31
0
  0
LINE
  5
F78
330
1B
100
AcDbEntity
  8
F.Silkscreen
  6
CONTINUOUS
100
AcDbLine
 10
5.9708090551181101
 20
-3.5797419685039369
 30
0
 11
5.9696569291338584
 21
-3.5798554330708661
 31
0
  0
LINE
  5
F79
330
1B
100
AcDbEntity
  8
F.Silkscreen
  6
CONTINUOUS
100
AcDbLine
 10
5.9696569291338584
 20
-3.5798554330708661
 30
0
 11
5.958408346456693
 21
-3.5798554330708661
 31
0
  0
LINE
  5
F7A
330
1B
100
AcDbEntity
  8
F.Silkscreen
  6
CONTINUOUS
100
AcDbLine
 10
5.958408346456693
 20
-3.5798554330708661
 30
0
 11
5.9572562204724404
 21
-3.5797419685039369
 31
0
  0
LINE
  5
F7B
330
1B
100
AcDbEntity
  8
F.Silkscreen
  6
CONTINUOUS
100
AcDbLine
 10
5.9572562204724404
 20
-3.5797419685039369
 30
0
 11
5.957060196850394
 21
-3.5796607480314959
 31
0
  0
LINE
  5
F7C
330
1B
100
AcDbEntity
  8
F.Silkscreen
  6
CONTINUOUS
100
AcDbLine
 10
5.957060196850394
 20
-3.5796607480314959
 30
0
 11
5.9568485826771651
 21
-3.579645748031496
 31
0
  0
LINE
  5
F7D
330
1B
100
AcDbEntity
  8
F.Silkscreen
  6
CONTINUOUS
100
AcDbLine
 10
5.9568485826771651
 20
-3.579645748031496
 30
0
 11
5.9557673622047247
 21
-3.5792319685039371
 31
0
  0
LINE
  5
F7E
330
1B
100
AcDbEntity
  8
F.Silkscreen
  6
CONTINUOUS
100
AcDbLine
 10
5.9557673622047247
 20
-3.5792319685039371
 30
0
 11
5.9501430314960633
 21
-3.5764198425196851
 31
0
  0
LINE
  5
F7F
330
1B
100
AcDbEntity
  8
F.Silkscreen
  6
CONTINUOUS
100
AcDbLine
 10
5.9501430314960633
 20
-3.5764198425196851
 30
0
 11
5.9496472834645671
 21
-3.5761077559055119
 31
0
  0
LINE
  5
F80
330
1B
100
AcDbEntity
  8
F.Silkscreen
  6
CONTINUOUS
100
AcDbLine
 10
5.9496472834645671
 20
-3.5761077559055119
 30
0
 11
5.9495031496062989
 21
-3.5760480708661415
 31
0
  0
LINE
  5
F81
330
1B
100
AcDbEntity
  8
F.Silkscreen
  6
CONTINUOUS
100
AcDbLine
 10
5.9495031496062989
 20
-3.5760480708661415
 30
0
 11
5.9493408267716532
 21
-3.5759148425196852
 31
0
  0
LINE
  5
F82
330
1B
100
AcDbEntity
  8
F.Silkscreen
  6
CONTINUOUS
100
AcDbLine
 10
5.9493408267716532
 20
-3.5759148425196852
 30
0
 11
5.9491633070866143
 21
-3.5758031102362202
 31
0
  0
LINE
  5
F83
330
1B
100
AcDbEntity
  8
F.Silkscreen
  6
CONTINUOUS
100
AcDbLine
 10
5.9491633070866143
 20
-3.5758031102362202
 30
0
 11
5.9490611417322832
 21
-3.57568531496063
 31
0
  0
LINE
  5
F84
330
1B
100
AcDbEntity
  8
F.Silkscreen
  6
CONTINUOUS
100
AcDbLine
 10
5.9490611417322832
 20
-3.57568531496063
 30
0
 11
5.9486082283464565
 21
-3.5753136220472439
 31
0
  0
LINE
  5
F85
330
1B
100
AcDbEntity
  8
F.Silkscreen
  6
CONTINUOUS
100
AcDbLine
 10
5.9486082283464565
 20
-3.5753136220472439
 30
0
 11
5.9457960629921258
 21
-3.5725014566929132
 31
0
  0
LINE
  5
F86
330
1B
100
AcDbEntity
  8
F.Silkscreen
  6
CONTINUOUS
100
AcDbLine
 10
5.9457960629921258
 20
-3.5725014566929132
 30
0
 11
5.9454244094488189
 21
-3.572048622047244
 31
0
  0
LINE
  5
F87
330
1B
100
AcDbEntity
  8
F.Silkscreen
  6
CONTINUOUS
100
AcDbLine
 10
5.9454244094488189
 20
-3.572048622047244
 30
0
 11
5.9453065748031495
 21
-3.5719464173228346
 31
0
  0
LINE
  5
F88
330
1B
100
AcDbEntity
  8
F.Silkscreen
  6
CONTINUOUS
100
AcDbLine
 10
5.9453065748031495
 20
-3.5719464173228346
 30
0
 11
5.9451947244094487
 21
-3.5717687007874015
 31
0
  0
LINE
  5
F89
330
1B
100
AcDbEntity
  8
F.Silkscreen
  6
CONTINUOUS
100
AcDbLine
 10
5.9451947244094487
 20
-3.5717687007874015
 30
0
 11
5.9450616141732286
 21
-3.5716065354330708
 31
0
  0
LINE
  5
F8A
330
1B
100
AcDbEntity
  8
F.Silkscreen
  6
CONTINUOUS
100
AcDbLine
 10
5.9450616141732286
 20
-3.5716065354330708
 30
0
 11
5.9450019291338583
 21
-3.5714624409448819
 31
0
  0
LINE
  5
F8B
330
1B
100
AcDbEntity
  8
F.Silkscreen
  6
CONTINUOUS
100
AcDbLine
 10
5.9450019291338583
 20
-3.5714624409448819
 30
0
 11
5.9446898425196846
 21
-3.5709666535433069
 31
0
  0
LINE
  5
F8C
330
1B
100
AcDbEntity
  8
F.Silkscreen
  6
CONTINUOUS
100
AcDbLine
 10
5.9446898425196846
 20
-3.5709666535433069
 30
0
 11
5.9418777165354326
 21
-3.5653423622047242
 31
0
  0
LINE
  5
F8D
330
1B
100
AcDbEntity
  8
F.Silkscreen
  6
CONTINUOUS
100
AcDbLine
 10
5.9418777165354326
 20
-3.5653423622047242
 30
0
 11
5.9414639370078737
 21
-3.5642611023622046
 31
0
  0
LINE
  5
F8E
330
1B
100
AcDbEntity
  8
F.Silkscreen
  6
CONTINUOUS
100
AcDbLine
 10
5.9414639370078737
 20
-3.5642611023622046
 30
0
 11
5.9414488976377955
 21
-3.5640494488188974
 31
0
  0
LINE
  5
F8F
330
1B
100
AcDbEntity
  8
F.Silkscreen
  6
CONTINUOUS
100
AcDbLine
 10
5.9414488976377955
 20
-3.5640494488188974
 30
0
 11
5.9413677165354333
 21
-3.5638534645669289
 31
0
  0
LINE
  5
F90
330
1B
100
AcDbEntity
  8
F.Silkscreen
  6
CONTINUOUS
100
AcDbLine
 10
5.9413677165354333
 20
-3.5638534645669289
 30
0
 11
5.9412542519685037
 21
-3.5627013385826771
 31
0
  0
LINE
  5
F91
330
1B
100
AcDbEntity
  8
F.Silkscreen
  6
CONTINUOUS
100
AcDbLine
 10
5.9412542519685037
 20
-3.5627013385826771
 30
0
 11
5.9412542519685037
 21
-3.5514527559055118
 31
0
  0
LINE
  5
F92
330
1B
100
AcDbEntity
  8
F.Silkscreen
  6
CONTINUOUS
100
AcDbLine
 10
5.9412542519685037
 20
-3.5514527559055118
 30
0
 11
5.9413677165354333
 21
-3.5503006299212596
 31
0
  0
LINE
  5
F93
330
1B
100
AcDbEntity
  8
F.Silkscreen
  6
CONTINUOUS
100
AcDbLine
 10
5.9413677165354333
 20
-3.5503006299212596
 30
0
 11
5.9414488976377955
 21
-3.5501046062992123
 31
0
  0
LINE
  5
F94
330
1B
100
AcDbEntity
  8
F.Silkscreen
  6
CONTINUOUS
100
AcDbLine
 10
5.9414488976377955
 20
-3.5501046062992123
 30
0
 11
5.9414639370078737
 21
-3.5498929921259843
 31
0
  0
LINE
  5
F95
330
1B
100
AcDbEntity
  8
F.Silkscreen
  6
CONTINUOUS
100
AcDbLine
 10
5.9414639370078737
 20
-3.5498929921259843
 30
0
 11
5.9418777165354326
 21
-3.5488117716535434
 31
0
  0
LINE
  5
F96
330
1B
100
AcDbEntity
  8
F.Silkscreen
  6
CONTINUOUS
100
AcDbLine
 10
5.9418777165354326
 20
-3.5488117716535434
 30
0
 11
5.9446898425196846
 21
-3.5431874015748033
 31
0
  0
LINE
  5
F97
330
1B
100
AcDbEntity
  8
F.Silkscreen
  6
CONTINUOUS
100
AcDbLine
 10
5.9446898425196846
 20
-3.5431874015748033
 30
0
 11
5.945001968503937
 21
-3.5426915354330708
 31
0
  0
LINE
  5
F98
330
1B
100
AcDbEntity
  8
F.Silkscreen
  6
CONTINUOUS
100
AcDbLine
 10
5.945001968503937
 20
-3.5426915354330708
 30
0
 11
5.9450616535433065
 21
-3.5425474803149606
 31
0
  0
LINE
  5
F99
330
1B
100
AcDbEntity
  8
F.Silkscreen
  6
CONTINUOUS
100
AcDbLine
 10
5.9450616535433065
 20
-3.5425474803149606
 30
0
 11
5.9451947637795275
 21
-3.5423852362204724
 31
0
  0
LINE
  5
F9A
330
1B
100
AcDbEntity
  8
F.Silkscreen
  6
CONTINUOUS
100
AcDbLine
 10
5.9451947637795275
 20
-3.5423852362204724
 30
0
 11
5.9453065748031495
 21
-3.5422076771653543
 31
0
  0
LINE
  5
F9B
330
1B
100
AcDbEntity
  8
F.Silkscreen
  6
CONTINUOUS
100
AcDbLine
 10
5.9453065748031495
 20
-3.5422076771653543
 30
0
 11
5.9454243307086614
 21
-3.5421055118110236
 31
0
  0
LINE
  5
F9C
330
1B
100
AcDbEntity
  8
F.Silkscreen
  6
CONTINUOUS
100
AcDbLine
 10
5.9454243307086614
 20
-3.5421055118110236
 30
0
 11
5.9457961023622046
 21
-3.5416525590551182
 31
0
  0
LINE
  5
F9D
330
1B
100
AcDbEntity
  8
F.Silkscreen
  6
CONTINUOUS
100
AcDbLine
 10
5.9457961023622046
 20
-3.5416525590551182
 30
0
 11
5.9472445275590546
 21
-3.5402041338582677
 31
0
  0
LINE
  5
F9E
330
1B
100
AcDbEntity
  8
F.Silkscreen
  6
CONTINUOUS
100
AcDbLine
 10
5.9472445275590546
 20
-3.5402041338582677
 30
0
 11
5.9457960629921258
 21
-3.5387556692913384
 31
0
  0
LINE
  5
F9F
330
1B
100
AcDbEntity
  8
F.Silkscreen
  6
CONTINUOUS
100
AcDbLine
 10
5.9457960629921258
 20
-3.5387556692913384
 30
0
 11
5.9454244094488189
 21
-3.5383028346456693
 31
0
  0
LINE
  5
FA0
330
1B
100
AcDbEntity
  8
F.Silkscreen
  6
CONTINUOUS
100
AcDbLine
 10
5.9454244094488189
 20
-3.5383028346456693
 30
0
 11
5.9453065748031495
 21
-3.5382006299212598
 31
0
  0
LINE
  5
FA1
330
1B
100
AcDbEntity
  8
F.Silkscreen
  6
CONTINUOUS
100
AcDbLine
 10
5.9453065748031495
 20
-3.5382006299212598
 30
0
 11
5.9451947244094487
 21
-3.5380229133858268
 31
0
  0
LINE
  5
FA2
330
1B
100
AcDbEntity
  8
F.Silkscreen
  6
CONTINUOUS
100
AcDbLine
 10
5.9451947244094487
 20
-3.5380229133858268
 30
0
 11
5.9450616141732286
 21
-3.5378607480314961
 31
0
  0
LINE
  5
FA3
330
1B
100
AcDbEntity
  8
F.Silkscreen
  6
CONTINUOUS
100
AcDbLine
 10
5.9450616141732286
 20
-3.5378607480314961
 30
0
 11
5.9450019291338583
 21
-3.5377166535433071
 31
0
  0
LINE
  5
FA4
330
1B
100
AcDbEntity
  8
F.Silkscreen
  6
CONTINUOUS
100
AcDbLine
 10
5.9450019291338583
 20
-3.5377166535433071
 30
0
 11
5.9446898425196846
 21
-3.5372208661417321
 31
0
  0
LINE
  5
FA5
330
1B
100
AcDbEntity
  8
F.Silkscreen
  6
CONTINUOUS
100
AcDbLine
 10
5.9446898425196846
 20
-3.5372208661417321
 30
0
 11
5.9418777165354326
 21
-3.5315965748031495
 31
0
  0
LINE
  5
FA6
330
1B
100
AcDbEntity
  8
F.Silkscreen
  6
CONTINUOUS
100
AcDbLine
 10
5.9418777165354326
 20
-3.5315965748031495
 30
0
 11
5.9414639370078737
 21
-3.5305153149606299
 31
0
  0
LINE
  5
FA7
330
1B
100
AcDbEntity
  8
F.Silkscreen
  6
CONTINUOUS
100
AcDbLine
 10
5.9414639370078737
 20
-3.5305153149606299
 30
0
 11
5.9414488976377955
 21
-3.5303036614173227
 31
0
  0
LINE
  5
FA8
330
1B
100
AcDbEntity
  8
F.Silkscreen
  6
CONTINUOUS
100
AcDbLine
 10
5.9414488976377955
 20
-3.5303036614173227
 30
0
 11
5.9413677165354333
 21
-3.5301076771653541
 31
0
  0
LINE
  5
FA9
330
1B
100
AcDbEntity
  8
F.Silkscreen
  6
CONTINUOUS
100
AcDbLine
 10
5.9413677165354333
 20
-3.5301076771653541
 30
0
 11
5.9412542519685037
 21
-3.5289555511811024
 31
0
  0
LINE
  5
FAA
330
1B
100
AcDbEntity
  8
F.Silkscreen
  6
CONTINUOUS
100
AcDbLine
 10
5.9412542519685037
 20
-3.5289555511811024
 30
0
 11
5.9412542519685037
 21
-3.5261433858267717
 31
0
  0
LINE
  5
FAB
330
1B
100
AcDbEntity
  8
F.Silkscreen
  6
CONTINUOUS
100
AcDbLine
 10
5.9412542519685037
 20
-3.5261433858267717
 30
0
 11
5.9413677165354333
 21
-3.5249912598425195
 31
0
  0
LINE
  5
FAC
330
1B
100
AcDbEntity
  8
F.Silkscreen
  6
CONTINUOUS
100
AcDbLine
 10
5.9413677165354333
 20
-3.5249912598425195
 30
0
 11
5.9414488976377955
 21
-3.5247952362204722
 31
0
  0
LINE
  5
FAD
330
1B
100
AcDbEntity
  8
F.Silkscreen
  6
CONTINUOUS
100
AcDbLine
 10
5.9414488976377955
 20
-3.5247952362204722
 30
0
 11
5.9414639370078737
 21
-3.5245836220472442
 31
0
  0
LINE
  5
FAE
330
1B
100
AcDbEntity
  8
F.Silkscreen
  6
CONTINUOUS
100
AcDbLine
 10
5.9414639370078737
 20
-3.5245836220472442
 30
0
 11
5.9418777165354326
 21
-3.5235023622047241
 31
0
  0
LINE
  5
FAF
330
1B
100
AcDbEntity
  8
F.Silkscreen
  6
CONTINUOUS
100
AcDbLine
 10
5.9418777165354326
 20
-3.5235023622047241
 30
0
 11
5.9446898425196846
 21
-3.5178780708661415
 31
0
  0
LINE
  5
FB0
330
1B
100
AcDbEntity
  8
F.Silkscreen
  6
CONTINUOUS
100
AcDbLine
 10
5.9446898425196846
 20
-3.5178780708661415
 30
0
 11
5.945001968503937
 21
-3.5173821653543307
 31
0
  0
LINE
  5
FB1
330
1B
100
AcDbEntity
  8
F.Silkscreen
  6
CONTINUOUS
100
AcDbLine
 10
5.945001968503937
 20
-3.5173821653543307
 30
0
 11
5.9450616535433065
 21
-3.5172381496062992
 31
0
  0
LINE
  5
FB2
330
1B
100
AcDbEntity
  8
F.Silkscreen
  6
CONTINUOUS
100
AcDbLine
 10
5.9450616535433065
 20
-3.5172381496062992
 30
0
 11
5.94519468503937
 21
-3.5170760236220473
 31
0
  0
LINE
  5
FB3
330
1B
100
AcDbEntity
  8
F.Silkscreen
  6
CONTINUOUS
100
AcDbLine
 10
5.94519468503937
 20
-3.5170760236220473
 30
0
 11
5.9453065748031495
 21
-3.5168983070866142
 31
0
  0
LINE
  5
FB4
330
1B
100
AcDbEntity
  8
F.Silkscreen
  6
CONTINUOUS
100
AcDbLine
 10
5.9453065748031495
 20
-3.5168983070866142
 30
0
 11
5.9454244488188976
 21
-3.516796062992126
 31
0
  0
LINE
  5
FB5
330
1B
100
AcDbEntity
  8
F.Silkscreen
  6
CONTINUOUS
100
AcDbLine
 10
5.9454244488188976
 20
-3.516796062992126
 30
0
 11
5.9457961023622046
 21
-3.5163432283464564
 31
0
  0
LINE
  5
FB6
330
1B
100
AcDbEntity
  8
F.Silkscreen
  6
CONTINUOUS
100
AcDbLine
 10
5.9457961023622046
 20
-3.5163432283464564
 30
0
 11
5.9486082677165353
 21
-3.5135311023622045
 31
0
  0
LINE
  5
FB7
330
1B
100
AcDbEntity
  8
F.Silkscreen
  6
CONTINUOUS
100
AcDbLine
 10
5.9486082677165353
 20
-3.5135311023622045
 30
0
 11
5.9490610236220469
 21
-3.5131594881889763
 31
0
  0
LINE
  5
FB8
330
1B
100
AcDbEntity
  8
F.Silkscreen
  6
CONTINUOUS
100
AcDbLine
 10
5.9490610236220469
 20
-3.5131594881889763
 30
0
 11
5.9491632677165356
 21
-3.5130416535433069
 31
0
  0
LINE
  5
FB9
330
1B
100
AcDbEntity
  8
F.Silkscreen
  6
CONTINUOUS
100
AcDbLine
 10
5.9491632677165356
 20
-3.5130416535433069
 30
0
 11
5.9493409055118107
 21
-3.5129298031496061
 31
0
  0
LINE
  5
FBA
330
1B
100
AcDbEntity
  8
F.Silkscreen
  6
CONTINUOUS
100
AcDbLine
 10
5.9493409055118107
 20
-3.5129298031496061
 30
0
 11
5.9495031496062989
 21
-3.5127966929133856
 31
0
  0
LINE
  5
FBB
330
1B
100
AcDbEntity
  8
F.Silkscreen
  6
CONTINUOUS
100
AcDbLine
 10
5.9495031496062989
 20
-3.5127966929133856
 30
0
 11
5.9496472047244096
 21
-3.5127370078740157
 31
0
  0
LINE
  5
FBC
330
1B
100
AcDbEntity
  8
F.Silkscreen
  6
CONTINUOUS
100
AcDbLine
 10
5.9496472047244096
 20
-3.5127370078740157
 30
0
 11
5.9501430314960633
 21
-3.5124249212598424
 31
0
  0
LINE
  5
FBD
330
1B
100
AcDbEntity
  8
F.Silkscreen
  6
CONTINUOUS
100
AcDbLine
 10
5.9501430314960633
 20
-3.5124249212598424
 30
0
 11
5.9557672834645672
 21
-3.5096127559055117
 31
0
  0
LINE
  5
FBE
330
1B
100
AcDbEntity
  8
F.Silkscreen
  6
CONTINUOUS
100
AcDbLine
 10
5.9557672834645672
 20
-3.5096127559055117
 30
0
 11
5.9568485433070864
 21
-3.5091990157480315
 31
0
  0
LINE
  5
FBF
330
1B
100
AcDbEntity
  8
F.Silkscreen
  6
CONTINUOUS
100
AcDbLine
 10
5.9568485433070864
 20
-3.5091990157480315
 30
0
 11
5.9570601181102365
 21
-3.5091839763779529
 31
0
  0
LINE
  5
FC0
330
1B
100
AcDbEntity
  8
F.Silkscreen
  6
CONTINUOUS
100
AcDbLine
 10
5.9570601181102365
 20
-3.5091839763779529
 30
0
 11
5.9572562204724404
 21
-3.5091027559055119
 31
0
  0
LINE
  5
FC1
330
1B
100
AcDbEntity
  8
F.Silkscreen
  6
CONTINUOUS
100
AcDbLine
 10
5.9572562204724404
 20
-3.5091027559055119
 30
0
 11
5.958408346456693
 21
-3.5089892913385827
 31
0
  0
LINE
  5
FC2
330
1B
100
AcDbEntity
  8
F.Silkscreen
  6
CONTINUOUS
100
AcDbLine
 10
5.958408346456693
 20
-3.5089892913385827
 30
0
 11
5.9696569291338584
 21
-3.5089892913385827
 31
0
  0
LINE
  5
FC3
330
1B
100
AcDbEntity
  8
F.Silkscreen
  6
CONTINUOUS
100
AcDbLine
 10
5.9696569291338584
 20
-3.5089892913385827
 30
0
 11
5.9708090551181101
 21
-3.5091027559055119
 31
0
  0
LINE
  5
FC4
330
1B
100
AcDbEntity
  8
F.Silkscreen
  6
CONTINUOUS
100
AcDbLine
 10
5.9562822047244097
 20
-3.5478697637795276
 30
0
 11
5.9548253543307084
 21
-3.5493265748031497
 31
0
  0
LINE
  5
FC5
330
1B
100
AcDbEntity
  8
F.Silkscreen
  6
CONTINUOUS
100
AcDbLine
 10
5.9548253543307084
 20
-3.5493265748031497
 30
0
 11
5.9530652755905509
 21
-3.5528468110236218
 31
0
  0
LINE
  5
FC6
330
1B
100
AcDbEntity
  8
F.Silkscreen
  6
CONTINUOUS
100
AcDbLine
 10
5.9530652755905509
 20
-3.5528468110236218
 30
0
 11
5.9530652755905509
 21
-3.561307244094488
 31
0
  0
LINE
  5
FC7
330
1B
100
AcDbEntity
  8
F.Silkscreen
  6
CONTINUOUS
100
AcDbLine
 10
5.9530652755905509
 20
-3.561307244094488
 30
0
 11
5.9548253149606296
 21
-3.5648274015748029
 31
0
  0
LINE
  5
FC8
330
1B
100
AcDbEntity
  8
F.Silkscreen
  6
CONTINUOUS
100
AcDbLine
 10
5.9548253149606296
 20
-3.5648274015748029
 30
0
 11
5.9562822047244097
 21
-3.5662842913385826
 31
0
  0
LINE
  5
FC9
330
1B
100
AcDbEntity
  8
F.Silkscreen
  6
CONTINUOUS
100
AcDbLine
 10
5.9562822047244097
 20
-3.5662842913385826
 30
0
 11
5.9598024409448813
 21
-3.5680444094488188
 31
0
  0
LINE
  5
FCA
330
1B
100
AcDbEntity
  8
F.Silkscreen
  6
CONTINUOUS
100
AcDbLine
 10
5.9598024409448813
 20
-3.5680444094488188
 30
0
 11
5.968262874015748
 21
-3.5680444094488188
 31
0
  0
LINE
  5
FCB
330
1B
100
AcDbEntity
  8
F.Silkscreen
  6
CONTINUOUS
100
AcDbLine
 10
5.968262874015748
 20
-3.5680444094488188
 30
0
 11
5.9717830708661417
 21
-3.5662842913385826
 31
0
  0
LINE
  5
FCC
330
1B
100
AcDbEntity
  8
F.Silkscreen
  6
CONTINUOUS
100
AcDbLine
 10
5.9717830708661417
 20
-3.5662842913385826
 30
0
 11
5.9732398818897634
 21
-3.5648274409448817
 31
0
  0
LINE
  5
FCD
330
1B
100
AcDbEntity
  8
F.Silkscreen
  6
CONTINUOUS
100
AcDbLine
 10
5.9732398818897634
 20
-3.5648274409448817
 30
0
 11
5.9750000393700784
 21
-3.5613072047244092
 31
0
  0
LINE
  5
FCE
330
1B
100
AcDbEntity
  8
F.Silkscreen
  6
CONTINUOUS
100
AcDbLine
 10
5.9750000393700784
 20
-3.5613072047244092
 30
0
 11
5.9750000393700784
 21
-3.5528468503937005
 31
0
  0
LINE
  5
FCF
330
1B
100
AcDbEntity
  8
F.Silkscreen
  6
CONTINUOUS
100
AcDbLine
 10
5.9750000393700784
 20
-3.5528468503937005
 30
0
 11
5.9732399212598422
 21
-3.5493266141732285
 31
0
  0
LINE
  5
FD0
330
1B
100
AcDbEntity
  8
F.Silkscreen
  6
CONTINUOUS
100
AcDbLine
 10
5.9732399212598422
 20
-3.5493266141732285
 30
0
 11
5.9717830708661417
 21
-3.5478697637795276
 31
0
  0
LINE
  5
FD1
330
1B
100
AcDbEntity
  8
F.Silkscreen
  6
CONTINUOUS
100
AcDbLine
 10
5.9717830708661417
 20
-3.5478697637795276
 30
0
 11
5.9682628346456692
 21
-3.5461096456692913
 31
0
  0
LINE
  5
FD2
330
1B
100
AcDbEntity
  8
F.Silkscreen
  6
CONTINUOUS
100
AcDbLine
 10
5.9682628346456692
 20
-3.5461096456692913
 30
0
 11
5.9598024409448813
 21
-3.5461096456692913
 31
0
  0
LINE
  5
FD3
330
1B
100
AcDbEntity
  8
F.Silkscreen
  6
CONTINUOUS
100
AcDbLine
 10
5.9598024409448813
 20
-3.5461096456692913
 30
0
 11
5.9562822047244097
 21
-3.5478697637795276
 31
0
  0
LINE
  5
FD4
330
1B
100
AcDbEntity
  8
F.Silkscreen
  6
CONTINUOUS
100
AcDbLine
 10
5.9562822047244097
 20
-3.5225604330708662
 30
0
 11
5.9548253149606296
 21
-3.5240173228346454
 31
0
  0
LINE
  5
FD5
330
1B
100
AcDbEntity
  8
F.Silkscreen
  6
CONTINUOUS
100
AcDbLine
 10
5.9548253149606296
 20
-3.5240173228346454
 30
0
 11
5.9530652755905509
 21
-3.5275374409448816
 31
0
  0
LINE
  5
FD6
330
1B
100
AcDbEntity
  8
F.Silkscreen
  6
CONTINUOUS
100
AcDbLine
 10
5.9530652755905509
 20
-3.5275374409448816
 30
0
 11
5.9530652755905509
 21
-3.5275614566929132
 31
0
  0
LINE
  5
FD7
330
1B
100
AcDbEntity
  8
F.Silkscreen
  6
CONTINUOUS
100
AcDbLine
 10
5.9530652755905509
 20
-3.5275614566929132
 30
0
 11
5.9548253149606296
 21
-3.5310816141732282
 31
0
  0
LINE
  5
FD8
330
1B
100
AcDbEntity
  8
F.Silkscreen
  6
CONTINUOUS
100
AcDbLine
 10
5.9548253149606296
 20
-3.5310816141732282
 30
0
 11
5.9562822047244097
 21
-3.5325385039370079
 31
0
  0
LINE
  5
FD9
330
1B
100
AcDbEntity
  8
F.Silkscreen
  6
CONTINUOUS
100
AcDbLine
 10
5.9562822047244097
 20
-3.5325385039370079
 30
0
 11
5.9598024409448813
 21
-3.5342986220472441
 31
0
  0
LINE
  5
FDA
330
1B
100
AcDbEntity
  8
F.Silkscreen
  6
CONTINUOUS
100
AcDbLine
 10
5.9598024409448813
 20
-3.5342986220472441
 30
0
 11
5.968262874015748
 21
-3.5342986220472441
 31
0
  0
LINE
  5
FDB
330
1B
100
AcDbEntity
  8
F.Silkscreen
  6
CONTINUOUS
100
AcDbLine
 10
5.968262874015748
 20
-3.5342986220472441
 30
0
 11
5.9717830708661417
 21
-3.5325385039370079
 31
0
  0
LINE
  5
FDC
330
1B
100
AcDbEntity
  8
F.Silkscreen
  6
CONTINUOUS
100
AcDbLine
 10
5.9717830708661417
 20
-3.5325385039370079
 30
0
 11
5.9732398818897634
 21
-3.5310816535433069
 31
0
  0
LINE
  5
FDD
330
1B
100
AcDbEntity
  8
F.Silkscreen
  6
CONTINUOUS
100
AcDbLine
 10
5.9732398818897634
 20
-3.5310816535433069
 30
0
 11
5.9750000393700784
 21
-3.5275614173228345
 31
0
  0
LINE
  5
FDE
330
1B
100
AcDbEntity
  8
F.Silkscreen
  6
CONTINUOUS
100
AcDbLine
 10
5.9750000393700784
 20
-3.5275614173228345
 30
0
 11
5.9750000393700784
 21
-3.5275374803149604
 31
0
  0
LINE
  5
FDF
330
1B
100
AcDbEntity
  8
F.Silkscreen
  6
CONTINUOUS
100
AcDbLine
 10
5.9750000393700784
 20
-3.5275374803149604
 30
0
 11
5.9732399212598422
 21
-3.5240172834645667
 31
0
  0
LINE
  5
FE0
330
1B
100
AcDbEntity
  8
F.Silkscreen
  6
CONTINUOUS
100
AcDbLine
 10
5.9732399212598422
 20
-3.5240172834645667
 30
0
 11
5.9717830708661417
 21
-3.5225604330708662
 31
0
  0
LINE
  5
FE1
330
1B
100
AcDbEntity
  8
F.Silkscreen
  6
CONTINUOUS
100
AcDbLine
 10
5.9717830708661417
 20
-3.5225604330708662
 30
0
 11
5.9682628346456692
 21
-3.52080031496063
 31
0
  0
LINE
  5
FE2
330
1B
100
AcDbEntity
  8
F.Silkscreen
  6
CONTINUOUS
100
AcDbLine
 10
5.9682628346456692
 20
-3.52080031496063
 30
0
 11
5.9598024409448813
 21
-3.52080031496063
 31
0
  0
LINE
  5
FE3
330
1B
100
AcDbEntity
  8
F.Silkscreen
  6
CONTINUOUS
100
AcDbLine
 10
5.9598024409448813
 20
-3.52080031496063
 30
0
 11
5.9562822047244097
 21
-3.5225604330708662
 31
0
  0
LINE
  5
FE4
330
1B
100
AcDbEntity
  8
F.Silkscreen
  6
CONTINUOUS
100
AcDbLine
 10
6.080482834645669
 20
-3.5091027559055119
 30
0
 11
6.080678897637795
 21
-3.5091839763779529
 31
0
  0
LINE
  5
FE5
330
1B
100
AcDbEntity
  8
F.Silkscreen
  6
CONTINUOUS
100
AcDbLine
 10
6.080678897637795
 20
-3.5091839763779529
 30
0
 11
6.0808905118110239
 21
-3.5091990157480315
 31
0
  0
LINE
  5
FE6
330
1B
100
AcDbEntity
  8
F.Silkscreen
  6
CONTINUOUS
100
AcDbLine
 10
6.0808905118110239
 20
-3.5091990157480315
 30
0
 11
6.0819717322834643
 21
-3.5096127559055117
 31
0
  0
LINE
  5
FE7
330
1B
100
AcDbEntity
  8
F.Silkscreen
  6
CONTINUOUS
100
AcDbLine
 10
6.0819717322834643
 20
-3.5096127559055117
 30
0
 11
6.087596023622047
 21
-3.5124249212598424
 31
0
  0
LINE
  5
FE8
330
1B
100
AcDbEntity
  8
F.Silkscreen
  6
CONTINUOUS
100
AcDbLine
 10
6.087596023622047
 20
-3.5124249212598424
 30
0
 11
6.0880918897637795
 21
-3.5127370472440944
 31
0
  0
LINE
  5
FE9
330
1B
100
AcDbEntity
  8
F.Silkscreen
  6
CONTINUOUS
100
AcDbLine
 10
6.0880918897637795
 20
-3.5127370472440944
 30
0
 11
6.0882358661417317
 21
-3.5127966929133856
 31
0
  0
LINE
  5
FEA
330
1B
100
AcDbEntity
  8
F.Silkscreen
  6
CONTINUOUS
100
AcDbLine
 10
6.0882358661417317
 20
-3.5127966929133856
 30
0
 11
6.0883979527559058
 21
-3.5129297244094486
 31
0
  0
LINE
  5
FEB
330
1B
100
AcDbEntity
  8
F.Silkscreen
  6
CONTINUOUS
100
AcDbLine
 10
6.0883979527559058
 20
-3.5129297244094486
 30
0
 11
6.0885757874015747
 21
-3.5130416535433069
 31
0
  0
LINE
  5
FEC
330
1B
100
AcDbEntity
  8
F.Silkscreen
  6
CONTINUOUS
100
AcDbLine
 10
6.0885757874015747
 20
-3.5130416535433069
 30
0
 11
6.0886780314960625
 21
-3.513159527559055
 31
0
  0
LINE
  5
FED
330
1B
100
AcDbEntity
  8
F.Silkscreen
  6
CONTINUOUS
100
AcDbLine
 10
6.0886780314960625
 20
-3.513159527559055
 30
0
 11
6.089130787401575
 21
-3.5135311023622045
 31
0
  0
LINE
  5
FEE
330
1B
100
AcDbEntity
  8
F.Silkscreen
  6
CONTINUOUS
100
AcDbLine
 10
6.089130787401575
 20
-3.5135311023622045
 30
0
 11
6.0919429527559057
 21
-3.5163432283464564
 31
0
  0
LINE
  5
FEF
330
1B
100
AcDbEntity
  8
F.Silkscreen
  6
CONTINUOUS
100
AcDbLine
 10
6.0919429527559057
 20
-3.5163432283464564
 30
0
 11
6.0923146850393701
 21
-3.5167961811023623
 31
0
  0
LINE
  5
FF0
330
1B
100
AcDbEntity
  8
F.Silkscreen
  6
CONTINUOUS
100
AcDbLine
 10
6.0923146850393701
 20
-3.5167961811023623
 30
0
 11
6.0924324803149608
 21
-3.516898346456693
 31
0
  0
LINE
  5
FF1
330
1B
100
AcDbEntity
  8
F.Silkscreen
  6
CONTINUOUS
100
AcDbLine
 10
6.0924324803149608
 20
-3.516898346456693
 30
0
 11
6.092544251968504
 21
-3.517075905511811
 31
0
  0
LINE
  5
FF2
330
1B
100
AcDbEntity
  8
F.Silkscreen
  6
CONTINUOUS
100
AcDbLine
 10
6.092544251968504
 20
-3.517075905511811
 30
0
 11
6.0926774015748029
 21
-3.5172381496062992
 31
0
  0
LINE
  5
FF3
330
1B
100
AcDbEntity
  8
F.Silkscreen
  6
CONTINUOUS
100
AcDbLine
 10
6.0926774015748029
 20
-3.5172381496062992
 30
0
 11
6.0927370472440945
 21
-3.5173822047244094
 31
0
  0
LINE
  5
FF4
330
1B
100
AcDbEntity
  8
F.Silkscreen
  6
CONTINUOUS
100
AcDbLine
 10
6.0927370472440945
 20
-3.5173822047244094
 30
0
 11
6.0930492125984248
 21
-3.5178780708661415
 31
0
  0
LINE
  5
FF5
330
1B
100
AcDbEntity
  8
F.Silkscreen
  6
CONTINUOUS
100
AcDbLine
 10
6.0930492125984248
 20
-3.5178780708661415
 30
0
 11
6.0958613385826768
 21
-3.5235024015748029
 31
0
  0
LINE
  5
FF6
330
1B
100
AcDbEntity
  8
F.Silkscreen
  6
CONTINUOUS
100
AcDbLine
 10
6.0958613385826768
 20
-3.5235024015748029
 30
0
 11
6.0958935039370079
 21
-3.5235864960629919
 31
0
  0
LINE
  5
FF7
330
1B
100
AcDbEntity
  8
F.Silkscreen
  6
CONTINUOUS
100
AcDbLine
 10
6.0958935039370079
 20
-3.5235864960629919
 30
0
 11
6.0959189763779529
 21
-3.5236208661417323
 31
0
  0
LINE
  5
FF8
330
1B
100
AcDbEntity
  8
F.Silkscreen
  6
CONTINUOUS
100
AcDbLine
 10
6.0959189763779529
 20
-3.5236208661417323
 30
0
 11
6.096091653543307
 21
-3.5241042913385825
 31
0
  0
LINE
  5
FF9
330
1B
100
AcDbEntity
  8
F.Silkscreen
  6
CONTINUOUS
100
AcDbLine
 10
6.096091653543307
 20
-3.5241042913385825
 30
0
 11
6.0962751181102357
 21
-3.5245836220472442
 31
0
  0
LINE
  5
FFA
330
1B
100
AcDbEntity
  8
F.Silkscreen
  6
CONTINUOUS
100
AcDbLine
 10
6.0962751181102357
 20
-3.5245836220472442
 30
0
 11
6.09627811023622
 21
-3.5246262204724408
 31
0
  0
LINE
  5
FFB
330
1B
100
AcDbEntity
  8
F.Silkscreen
  6
CONTINUOUS
100
AcDbLine
 10
6.09627811023622
 20
-3.5246262204724408
 30
0
 11
6.0963084645669294
 21
-3.5247111023622049
 31
0
  0
LINE
  5
FFC
330
1B
100
AcDbEntity
  8
F.Silkscreen
  6
CONTINUOUS
100
AcDbLine
 10
6.0963084645669294
 20
-3.5247111023622049
 30
0
 11
6.0991206299212601
 21
-3.5359596850393702
 31
0
  0
LINE
  5
FFD
330
1B
100
AcDbEntity
  8
F.Silkscreen
  6
CONTINUOUS
100
AcDbLine
 10
6.0991206299212601
 20
-3.5359596850393702
 30
0
 11
6.0991501574803149
 21
-3.5361593700787401
 31
0
  0
LINE
  5
FFE
330
1B
100
AcDbEntity
  8
F.Silkscreen
  6
CONTINUOUS
100
AcDbLine
 10
6.0991501574803149
 20
-3.5361593700787401
 30
0
 11
6.0991835039370077
 21
-3.5362398818897636
 31
0
  0
LINE
  5
FFF
330
1B
100
AcDbEntity
  8
F.Silkscreen
  6
CONTINUOUS
100
AcDbLine
 10
6.0991835039370077
 20
-3.5362398818897636
 30
0
 11
6.099226220472441
 21
-3.5366737007874014
 31
0
  0
LINE
  5
1000
330
1B
100
AcDbEntity
  8
F.Silkscreen
  6
CONTINUOUS
100
AcDbLine
 10
6.099226220472441
 20
-3.5366737007874014
 30
0
 11
6.0992899999999999
 21
-3.5371049212598424
 31
0
  0
LINE
  5
1001
330
1B
100
AcDbEntity
  8
F.Silkscreen
  6
CONTINUOUS
100
AcDbLine
 10
6.0992899999999999
 20
-3.5371049212598424
 30
0
 11
6.099277165354331
 21
-3.5371910629921257
 31
0
  0
LINE
  5
1002
330
1B
100
AcDbEntity
  8
F.Silkscreen
  6
CONTINUOUS
100
AcDbLine
 10
6.099277165354331
 20
-3.5371910629921257
 30
0
 11
6.0992969685039364
 21
-3.5373920078740158
 31
0
  0
LINE
  5
1003
330
1B
100
AcDbEntity
  8
F.Silkscreen
  6
CONTINUOUS
100
AcDbLine
 10
6.0992969685039364
 20
-3.5373920078740158
 30
0
 11
6.0992969685039364
 21
-3.5514527559055118
 31
0
  0
LINE
  5
1004
330
1B
100
AcDbEntity
  8
F.Silkscreen
  6
CONTINUOUS
100
AcDbLine
 10
6.0992969685039364
 20
-3.5514527559055118
 30
0
 11
6.099277165354331
 21
-3.5516536614173226
 31
0
  0
LINE
  5
1005
330
1B
100
AcDbEntity
  8
F.Silkscreen
  6
CONTINUOUS
100
AcDbLine
 10
6.099277165354331
 20
-3.5516536614173226
 30
0
 11
6.0992899999999999
 21
-3.5517398425196851
 31
0
  0
LINE
  5
1006
330
1B
100
AcDbEntity
  8
F.Silkscreen
  6
CONTINUOUS
100
AcDbLine
 10
6.0992899999999999
 20
-3.5517398425196851
 30
0
 11
6.099226220472441
 21
-3.552171023622047
 31
0
  0
LINE
  5
1007
330
1B
100
AcDbEntity
  8
F.Silkscreen
  6
CONTINUOUS
100
AcDbLine
 10
6.099226220472441
 20
-3.552171023622047
 30
0
 11
6.0991835039370077
 21
-3.5526048818897635
 31
0
  0
LINE
  5
1008
330
1B
100
AcDbEntity
  8
F.Silkscreen
  6
CONTINUOUS
100
AcDbLine
 10
6.0991835039370077
 20
-3.5526048818897635
 30
0
 11
6.0991501574803149
 21
-3.5526853543307086
 31
0
  0
LINE
  5
1009
330
1B
100
AcDbEntity
  8
F.Silkscreen
  6
CONTINUOUS
100
AcDbLine
 10
6.0991501574803149
 20
-3.5526853543307086
 30
0
 11
6.0991206299212601
 21
-3.5528850787401574
 31
0
  0
LINE
  5
100A
330
1B
100
AcDbEntity
  8
F.Silkscreen
  6
CONTINUOUS
100
AcDbLine
 10
6.0991206299212601
 20
-3.5528850787401574
 30
0
 11
6.0963084645669294
 21
-3.5641336614173227
 31
0
  0
LINE
  5
100B
330
1B
100
AcDbEntity
  8
F.Silkscreen
  6
CONTINUOUS
100
AcDbLine
 10
6.0963084645669294
 20
-3.5641336614173227
 30
0
 11
6.09627811023622
 21
-3.564218503937008
 31
0
  0
LINE
  5
100C
330
1B
100
AcDbEntity
  8
F.Silkscreen
  6
CONTINUOUS
100
AcDbLine
 10
6.09627811023622
 20
-3.564218503937008
 30
0
 11
6.0962751181102357
 21
-3.5642611023622046
 31
0
  0
LINE
  5
100D
330
1B
100
AcDbEntity
  8
F.Silkscreen
  6
CONTINUOUS
100
AcDbLine
 10
6.0962751181102357
 20
-3.5642611023622046
 30
0
 11
6.0960917716535432
 21
-3.5647401181102363
 31
0
  0
LINE
  5
100E
330
1B
100
AcDbEntity
  8
F.Silkscreen
  6
CONTINUOUS
100
AcDbLine
 10
6.0960917716535432
 20
-3.5647401181102363
 30
0
 11
6.0959189763779529
 21
-3.5652238582677165
 31
0
  0
LINE
  5
100F
330
1B
100
AcDbEntity
  8
F.Silkscreen
  6
CONTINUOUS
100
AcDbLine
 10
6.0959189763779529
 20
-3.5652238582677165
 30
0
 11
6.0958935039370079
 21
-3.5652581889763777
 31
0
  0
LINE
  5
1010
330
1B
100
AcDbEntity
  8
F.Silkscreen
  6
CONTINUOUS
100
AcDbLine
 10
6.0958935039370079
 20
-3.5652581889763777
 30
0
 11
6.0958613385826768
 21
-3.5653423228346455
 31
0
  0
LINE
  5
1011
330
1B
100
AcDbEntity
  8
F.Silkscreen
  6
CONTINUOUS
100
AcDbLine
 10
6.0958613385826768
 20
-3.5653423228346455
 30
0
 11
6.0930492125984248
 21
-3.5709666535433069
 31
0
  0
LINE
  5
1012
330
1B
100
AcDbEntity
  8
F.Silkscreen
  6
CONTINUOUS
100
AcDbLine
 10
6.0930492125984248
 20
-3.5709666535433069
 30
0
 11
6.092737125984252
 21
-3.5714623622047244
 31
0
  0
LINE
  5
1013
330
1B
100
AcDbEntity
  8
F.Silkscreen
  6
CONTINUOUS
100
AcDbLine
 10
6.092737125984252
 20
-3.5714623622047244
 30
0
 11
6.0926774409448816
 21
-3.5716065354330708
 31
0
  0
LINE
  5
1014
330
1B
100
AcDbEntity
  8
F.Silkscreen
  6
CONTINUOUS
100
AcDbLine
 10
6.0926774409448816
 20
-3.5716065354330708
 30
0
 11
6.0925442125984253
 21
-3.5717688188976378
 31
0
  0
LINE
  5
1015
330
1B
100
AcDbEntity
  8
F.Silkscreen
  6
CONTINUOUS
100
AcDbLine
 10
6.0925442125984253
 20
-3.5717688188976378
 30
0
 11
6.0924324803149608
 21
-3.5719463779527558
 31
0
  0
LINE
  5
1016
330
1B
100
AcDbEntity
  8
F.Silkscreen
  6
CONTINUOUS
100
AcDbLine
 10
6.0924324803149608
 20
-3.5719463779527558
 30
0
 11
6.0923146850393701
 21
-3.5720485039370078
 31
0
  0
LINE
  5
1017
330
1B
100
AcDbEntity
  8
F.Silkscreen
  6
CONTINUOUS
100
AcDbLine
 10
6.0923146850393701
 20
-3.5720485039370078
 30
0
 11
6.0919429921259844
 21
-3.5725014566929132
 31
0
  0
LINE
  5
1018
330
1B
100
AcDbEntity
  8
F.Silkscreen
  6
CONTINUOUS
100
AcDbLine
 10
6.0919429921259844
 20
-3.5725014566929132
 30
0
 11
6.0891308267716537
 21
-3.5753136220472439
 31
0
  0
LINE
  5
1019
330
1B
100
AcDbEntity
  8
F.Silkscreen
  6
CONTINUOUS
100
AcDbLine
 10
6.0891308267716537
 20
-3.5753136220472439
 30
0
 11
6.0886779921259837
 21
-3.5756852362204725
 31
0
  0
LINE
  5
101A
330
1B
100
AcDbEntity
  8
F.Silkscreen
  6
CONTINUOUS
100
AcDbLine
 10
6.0886779921259837
 20
-3.5756852362204725
 30
0
 11
6.0885757874015747
 21
-3.5758031102362202
 31
0
  0
LINE
  5
101B
330
1B
100
AcDbEntity
  8
F.Silkscreen
  6
CONTINUOUS
100
AcDbLine
 10
6.0885757874015747
 20
-3.5758031102362202
 30
0
 11
6.0883980708661412
 21
-3.5759149212598422
 31
0
  0
LINE
  5
101C
330
1B
100
AcDbEntity
  8
F.Silkscreen
  6
CONTINUOUS
100
AcDbLine
 10
6.0883980708661412
 20
-3.5759149212598422
 30
0
 11
6.0882359055118105
 21
-3.5760480708661415
 31
0
  0
LINE
  5
101D
330
1B
100
AcDbEntity
  8
F.Silkscreen
  6
CONTINUOUS
100
AcDbLine
 10
6.0882359055118105
 20
-3.5760480708661415
 30
0
 11
6.088091811023622
 21
-3.5761077165354331
 31
0
  0
LINE
  5
101E
330
1B
100
AcDbEntity
  8
F.Silkscreen
  6
CONTINUOUS
100
AcDbLine
 10
6.088091811023622
 20
-3.5761077165354331
 30
0
 11
6.087596023622047
 21
-3.5764198425196851
 31
0
  0
LINE
  5
101F
330
1B
100
AcDbEntity
  8
F.Silkscreen
  6
CONTINUOUS
100
AcDbLine
 10
6.087596023622047
 20
-3.5764198425196851
 30
0
 11
6.0819717322834643
 21
-3.5792319685039371
 31
0
  0
LINE
  5
1020
330
1B
100
AcDbEntity
  8
F.Silkscreen
  6
CONTINUOUS
100
AcDbLine
 10
6.0819717322834643
 20
-3.5792319685039371
 30
0
 11
6.0808904724409452
 21
-3.579645748031496
 31
0
  0
LINE
  5
1021
330
1B
100
AcDbEntity
  8
F.Silkscreen
  6
CONTINUOUS
100
AcDbLine
 10
6.0808904724409452
 20
-3.579645748031496
 30
0
 11
6.0806788188976375
 21
-3.5796607480314959
 31
0
  0
LINE
  5
1022
330
1B
100
AcDbEntity
  8
F.Silkscreen
  6
CONTINUOUS
100
AcDbLine
 10
6.0806788188976375
 20
-3.5796607480314959
 30
0
 11
6.080482834645669
 21
-3.5797419685039369
 31
0
  0
LINE
  5
1023
330
1B
100
AcDbEntity
  8
F.Silkscreen
  6
CONTINUOUS
100
AcDbLine
 10
6.080482834645669
 20
-3.5797419685039369
 30
0
 11
6.0793307086614172
 21
-3.5798554330708661
 31
0
  0
LINE
  5
1024
330
1B
100
AcDbEntity
  8
F.Silkscreen
  6
CONTINUOUS
100
AcDbLine
 10
6.0793307086614172
 20
-3.5798554330708661
 30
0
 11
6.0737064173228346
 21
-3.5798554330708661
 31
0
  0
LINE
  5
1025
330
1B
100
AcDbEntity
  8
F.Silkscreen
  6
CONTINUOUS
100
AcDbLine
 10
6.0737064173228346
 20
-3.5798554330708661
 30
0
 11
6.0725542913385828
 21
-3.5797419685039369
 31
0
  0
LINE
  5
1026
330
1B
100
AcDbEntity
  8
F.Silkscreen
  6
CONTINUOUS
100
AcDbLine
 10
6.0725542913385828
 20
-3.5797419685039369
 30
0
 11
6.0723582677165355
 21
-3.5796607480314959
 31
0
  0
LINE
  5
1027
330
1B
100
AcDbEntity
  8
F.Silkscreen
  6
CONTINUOUS
100
AcDbLine
 10
6.0723582677165355
 20
-3.5796607480314959
 30
0
 11
6.0721466535433066
 21
-3.579645748031496
 31
0
  0
LINE
  5
1028
330
1B
100
AcDbEntity
  8
F.Silkscreen
  6
CONTINUOUS
100
AcDbLine
 10
6.0721466535433066
 20
-3.579645748031496
 30
0
 11
6.0710654330708662
 21
-3.5792319685039371
 31
0
  0
LINE
  5
1029
330
1B
100
AcDbEntity
  8
F.Silkscreen
  6
CONTINUOUS
100
AcDbLine
 10
6.0710654330708662
 20
-3.5792319685039371
 30
0
 11
6.0654411023622048
 21
-3.5764198425196851
 31
0
  0
LINE
  5
102A
330
1B
100
AcDbEntity
  8
F.Silkscreen
  6
CONTINUOUS
100
AcDbLine
 10
6.0654411023622048
 20
-3.5764198425196851
 30
0
 11
6.0649453543307086
 21
-3.5761077559055119
 31
0
  0
LINE
  5
102B
330
1B
100
AcDbEntity
  8
F.Silkscreen
  6
CONTINUOUS
100
AcDbLine
 10
6.0649453543307086
 20
-3.5761077559055119
 30
0
 11
6.0648012204724404
 21
-3.5760480708661415
 31
0
  0
LINE
  5
102C
330
1B
100
AcDbEntity
  8
F.Silkscreen
  6
CONTINUOUS
100
AcDbLine
 10
6.0648012204724404
 20
-3.5760480708661415
 30
0
 11
6.0646388976377947
 21
-3.5759148425196852
 31
0
  0
LINE
  5
102D
330
1B
100
AcDbEntity
  8
F.Silkscreen
  6
CONTINUOUS
100
AcDbLine
 10
6.0646388976377947
 20
-3.5759148425196852
 30
0
 11
6.0644613779527559
 21
-3.5758031102362202
 31
0
  0
LINE
  5
102E
330
1B
100
AcDbEntity
  8
F.Silkscreen
  6
CONTINUOUS
100
AcDbLine
 10
6.0644613779527559
 20
-3.5758031102362202
 30
0
 11
6.0643592125984247
 21
-3.57568531496063
 31
0
  0
LINE
  5
102F
330
1B
100
AcDbEntity
  8
F.Silkscreen
  6
CONTINUOUS
100
AcDbLine
 10
6.0643592125984247
 20
-3.57568531496063
 30
0
 11
6.0639062992125981
 21
-3.5753136220472439
 31
0
  0
LINE
  5
1030
330
1B
100
AcDbEntity
  8
F.Silkscreen
  6
CONTINUOUS
100
AcDbLine
 10
6.0639062992125981
 20
-3.5753136220472439
 30
0
 11
6.0610941338582673
 21
-3.5725014566929132
 31
0
  0
LINE
  5
1031
330
1B
100
AcDbEntity
  8
F.Silkscreen
  6
CONTINUOUS
100
AcDbLine
 10
6.0610941338582673
 20
-3.5725014566929132
 30
0
 11
6.0607224803149604
 21
-3.572048622047244
 31
0
  0
LINE
  5
1032
330
1B
100
AcDbEntity
  8
F.Silkscreen
  6
CONTINUOUS
100
AcDbLine
 10
6.0607224803149604
 20
-3.572048622047244
 30
0
 11
6.060604645669291
 21
-3.5719464173228346
 31
0
  0
LINE
  5
1033
330
1B
100
AcDbEntity
  8
F.Silkscreen
  6
CONTINUOUS
100
AcDbLine
 10
6.060604645669291
 20
-3.5719464173228346
 30
0
 11
6.0604927952755903
 21
-3.5717687007874015
 31
0
  0
LINE
  5
1034
330
1B
100
AcDbEntity
  8
F.Silkscreen
  6
CONTINUOUS
100
AcDbLine
 10
6.0604927952755903
 20
-3.5717687007874015
 30
0
 11
6.0603596850393702
 21
-3.5716065354330708
 31
0
  0
LINE
  5
1035
330
1B
100
AcDbEntity
  8
F.Silkscreen
  6
CONTINUOUS
100
AcDbLine
 10
6.0603596850393702
 20
-3.5716065354330708
 30
0
 11
6.0602999999999998
 21
-3.5714624409448819
 31
0
  0
LINE
  5
1036
330
1B
100
AcDbEntity
  8
F.Silkscreen
  6
CONTINUOUS
100
AcDbLine
 10
6.0602999999999998
 20
-3.5714624409448819
 30
0
 11
6.059987913385827
 21
-3.5709666535433069
 31
0
  0
LINE
  5
1037
330
1B
100
AcDbEntity
  8
F.Silkscreen
  6
CONTINUOUS
100
AcDbLine
 10
6.059987913385827
 20
-3.5709666535433069
 30
0
 11
6.0571757480314963
 21
-3.5653423622047242
 31
0
  0
LINE
  5
1038
330
1B
100
AcDbEntity
  8
F.Silkscreen
  6
CONTINUOUS
100
AcDbLine
 10
6.0571757480314963
 20
-3.5653423622047242
 30
0
 11
6.0571434645669289
 21
-3.5652580708661414
 31
0
  0
LINE
  5
1039
330
1B
100
AcDbEntity
  8
F.Silkscreen
  6
CONTINUOUS
100
AcDbLine
 10
6.0571434645669289
 20
-3.5652580708661414
 30
0
 11
6.0571181102362202
 21
-3.5652238188976377
 31
0
  0
LINE
  5
103A
330
1B
100
AcDbEntity
  8
F.Silkscreen
  6
CONTINUOUS
100
AcDbLine
 10
6.0571181102362202
 20
-3.5652238188976377
 30
0
 11
6.0569453937007873
 21
-3.5647404330708659
 31
0
  0
LINE
  5
103B
330
1B
100
AcDbEntity
  8
F.Silkscreen
  6
CONTINUOUS
100
AcDbLine
 10
6.0569453937007873
 20
-3.5647404330708659
 30
0
 11
6.0567620078740152
 21
-3.5642611417322834
 31
0
  0
LINE
  5
103C
330
1B
100
AcDbEntity
  8
F.Silkscreen
  6
CONTINUOUS
100
AcDbLine
 10
6.0567620078740152
 20
-3.5642611417322834
 30
0
 11
6.056758976377953
 21
-3.5642185826771651
 31
0
  0
LINE
  5
103D
330
1B
100
AcDbEntity
  8
F.Silkscreen
  6
CONTINUOUS
100
AcDbLine
 10
6.056758976377953
 20
-3.5642185826771651
 30
0
 11
6.0567286220472436
 21
-3.5641336220472439
 31
0
  0
LINE
  5
103E
330
1B
100
AcDbEntity
  8
F.Silkscreen
  6
CONTINUOUS
100
AcDbLine
 10
6.0567286220472436
 20
-3.5641336220472439
 30
0
 11
6.0539164960629916
 21
-3.5528850393700786
 31
0
  0
LINE
  5
103F
330
1B
100
AcDbEntity
  8
F.Silkscreen
  6
CONTINUOUS
100
AcDbLine
 10
6.0539164960629916
 20
-3.5528850393700786
 30
0
 11
6.0538869685039369
 21
-3.5526853543307086
 31
0
  0
LINE
  5
1040
330
1B
100
AcDbEntity
  8
F.Silkscreen
  6
CONTINUOUS
100
AcDbLine
 10
6.0538869685039369
 20
-3.5526853543307086
 30
0
 11
6.0538536220472441
 21
-3.5526048818897635
 31
0
  0
LINE
  5
1041
330
1B
100
AcDbEntity
  8
F.Silkscreen
  6
CONTINUOUS
100
AcDbLine
 10
6.0538536220472441
 20
-3.5526048818897635
 30
0
 11
6.053810866141732
 21
-3.5521709055118111
 31
0
  0
LINE
  5
1042
330
1B
100
AcDbEntity
  8
F.Silkscreen
  6
CONTINUOUS
100
AcDbLine
 10
6.053810866141732
 20
-3.5521709055118111
 30
0
 11
6.0537471259842519
 21
-3.5517398031496064
 31
0
  0
LINE
  5
1043
330
1B
100
AcDbEntity
  8
F.Silkscreen
  6
CONTINUOUS
100
AcDbLine
 10
6.0537471259842519
 20
-3.5517398031496064
 30
0
 11
6.0537599212598421
 21
-3.5516536614173226
 31
0
  0
LINE
  5
1044
330
1B
100
AcDbEntity
  8
F.Silkscreen
  6
CONTINUOUS
100
AcDbLine
 10
6.0537599212598421
 20
-3.5516536614173226
 30
0
 11
6.0537401574803145
 21
-3.5514527559055118
 31
0
  0
LINE
  5
1045
330
1B
100
AcDbEntity
  8
F.Silkscreen
  6
CONTINUOUS
100
AcDbLine
 10
6.0537401574803145
 20
-3.5514527559055118
 30
0
 11
6.0537401574803145
 21
-3.5373920078740158
 31
0
  0
LINE
  5
1046
330
1B
100
AcDbEntity
  8
F.Silkscreen
  6
CONTINUOUS
100
AcDbLine
 10
6.0537401574803145
 20
-3.5373920078740158
 30
0
 11
6.0537599212598421
 21
-3.5371910629921257
 31
0
  0
LINE
  5
1047
330
1B
100
AcDbEntity
  8
F.Silkscreen
  6
CONTINUOUS
100
AcDbLine
 10
6.0537599212598421
 20
-3.5371910629921257
 30
0
 11
6.0537471259842519
 21
-3.5371049606299212
 31
0
  0
LINE
  5
1048
330
1B
100
AcDbEntity
  8
F.Silkscreen
  6
CONTINUOUS
100
AcDbLine
 10
6.0537471259842519
 20
-3.5371049606299212
 30
0
 11
6.053810866141732
 21
-3.5366738188976377
 31
0
  0
LINE
  5
1049
330
1B
100
AcDbEntity
  8
F.Silkscreen
  6
CONTINUOUS
100
AcDbLine
 10
6.053810866141732
 20
-3.5366738188976377
 30
0
 11
6.0538536220472441
 21
-3.5362398818897636
 31
0
  0
LINE
  5
104A
330
1B
100
AcDbEntity
  8
F.Silkscreen
  6
CONTINUOUS
100
AcDbLine
 10
6.0538536220472441
 20
-3.5362398818897636
 30
0
 11
6.0538869685039369
 21
-3.5361593700787401
 31
0
  0
LINE
  5
104B
330
1B
100
AcDbEntity
  8
F.Silkscreen
  6
CONTINUOUS
100
AcDbLine
 10
6.0538869685039369
 20
-3.5361593700787401
 30
0
 11
6.0539164960629916
 21
-3.5359597244094489
 31
0
  0
LINE
  5
104C
330
1B
100
AcDbEntity
  8
F.Silkscreen
  6
CONTINUOUS
100
AcDbLine
 10
6.0539164960629916
 20
-3.5359597244094489
 30
0
 11
6.0567286220472436
 21
-3.5247111023622049
 31
0
  0
LINE
  5
104D
330
1B
100
AcDbEntity
  8
F.Silkscreen
  6
CONTINUOUS
100
AcDbLine
 10
6.0567286220472436
 20
-3.5247111023622049
 30
0
 11
6.056758976377953
 21
-3.5246261023622045
 31
0
  0
LINE
  5
104E
330
1B
100
AcDbEntity
  8
F.Silkscreen
  6
CONTINUOUS
100
AcDbLine
 10
6.056758976377953
 20
-3.5246261023622045
 30
0
 11
6.0567620078740152
 21
-3.5245835826771654
 31
0
  0
LINE
  5
104F
330
1B
100
AcDbEntity
  8
F.Silkscreen
  6
CONTINUOUS
100
AcDbLine
 10
6.0567620078740152
 20
-3.5245835826771654
 30
0
 11
6.0569453937007873
 21
-3.5241042519685037
 31
0
  0
LINE
  5
1050
330
1B
100
AcDbEntity
  8
F.Silkscreen
  6
CONTINUOUS
100
AcDbLine
 10
6.0569453937007873
 20
-3.5241042519685037
 30
0
 11
6.0571181102362202
 21
-3.5236209055118111
 31
0
  0
LINE
  5
1051
330
1B
100
AcDbEntity
  8
F.Silkscreen
  6
CONTINUOUS
100
AcDbLine
 10
6.0571181102362202
 20
-3.5236209055118111
 30
0
 11
6.0571434645669289
 21
-3.5235866141732282
 31
0
  0
LINE
  5
1052
330
1B
100
AcDbEntity
  8
F.Silkscreen
  6
CONTINUOUS
100
AcDbLine
 10
6.0571434645669289
 20
-3.5235866141732282
 30
0
 11
6.0571757480314963
 21
-3.5235023622047241
 31
0
  0
LINE
  5
1053
330
1B
100
AcDbEntity
  8
F.Silkscreen
  6
CONTINUOUS
100
AcDbLine
 10
6.0571757480314963
 20
-3.5235023622047241
 30
0
 11
6.059987913385827
 21
-3.5178780708661415
 31
0
  0
LINE
  5
1054
330
1B
100
AcDbEntity
  8
F.Silkscreen
  6
CONTINUOUS
100
AcDbLine
 10
6.059987913385827
 20
-3.5178780708661415
 30
0
 11
6.0603000393700786
 21
-3.5173821653543307
 31
0
  0
LINE
  5
1055
330
1B
100
AcDbEntity
  8
F.Silkscreen
  6
CONTINUOUS
100
AcDbLine
 10
6.0603000393700786
 20
-3.5173821653543307
 30
0
 11
6.0603597244094489
 21
-3.5172381496062992
 31
0
  0
LINE
  5
1056
330
1B
100
AcDbEntity
  8
F.Silkscreen
  6
CONTINUOUS
100
AcDbLine
 10
6.0603597244094489
 20
-3.5172381496062992
 30
0
 11
6.0604927559055115
 21
-3.5170760236220473
 31
0
  0
LINE
  5
1057
330
1B
100
AcDbEntity
  8
F.Silkscreen
  6
CONTINUOUS
100
AcDbLine
 10
6.0604927559055115
 20
-3.5170760236220473
 30
0
 11
6.060604645669291
 21
-3.5168983070866142
 31
0
  0
LINE
  5
1058
330
1B
100
AcDbEntity
  8
F.Silkscreen
  6
CONTINUOUS
100
AcDbLine
 10
6.060604645669291
 20
-3.5168983070866142
 30
0
 11
6.0607225196850392
 21
-3.516796062992126
 31
0
  0
LINE
  5
1059
330
1B
100
AcDbEntity
  8
F.Silkscreen
  6
CONTINUOUS
100
AcDbLine
 10
6.0607225196850392
 20
-3.516796062992126
 30
0
 11
6.0610941732283461
 21
-3.5163432283464564
 31
0
  0
LINE
  5
105A
330
1B
100
AcDbEntity
  8
F.Silkscreen
  6
CONTINUOUS
100
AcDbLine
 10
6.0610941732283461
 20
-3.5163432283464564
 30
0
 11
6.0639063385826768
 21
-3.5135311023622045
 31
0
  0
LINE
  5
105B
330
1B
100
AcDbEntity
  8
F.Silkscreen
  6
CONTINUOUS
100
AcDbLine
 10
6.0639063385826768
 20
-3.5135311023622045
 30
0
 11
6.0643590944881884
 21
-3.5131594881889763
 31
0
  0
LINE
  5
105C
330
1B
100
AcDbEntity
  8
F.Silkscreen
  6
CONTINUOUS
100
AcDbLine
 10
6.0643590944881884
 20
-3.5131594881889763
 30
0
 11
6.0644613385826771
 21
-3.5130416535433069
 31
0
  0
LINE
  5
105D
330
1B
100
AcDbEntity
  8
F.Silkscreen
  6
CONTINUOUS
100
AcDbLine
 10
6.0644613385826771
 20
-3.5130416535433069
 30
0
 11
6.0646389763779522
 21
-3.5129298031496061
 31
0
  0
LINE
  5
105E
330
1B
100
AcDbEntity
  8
F.Silkscreen
  6
CONTINUOUS
100
AcDbLine
 10
6.0646389763779522
 20
-3.5129298031496061
 30
0
 11
6.0648012204724404
 21
-3.5127966929133856
 31
0
  0
LINE
  5
105F
330
1B
100
AcDbEntity
  8
F.Silkscreen
  6
CONTINUOUS
100
AcDbLine
 10
6.0648012204724404
 20
-3.5127966929133856
 30
0
 11
6.0649452755905511
 21
-3.5127370078740157
 31
0
  0
LINE
  5
1060
330
1B
100
AcDbEntity
  8
F.Silkscreen
  6
CONTINUOUS
100
AcDbLine
 10
6.0649452755905511
 20
-3.5127370078740157
 30
0
 11
6.0654411023622048
 21
-3.5124249212598424
 31
0
  0
LINE
  5
1061
330
1B
100
AcDbEntity
  8
F.Silkscreen
  6
CONTINUOUS
100
AcDbLine
 10
6.0654411023622048
 20
-3.5124249212598424
 30
0
 11
6.0710653543307087
 21
-3.5096127559055117
 31
0
  0
LINE
  5
1062
330
1B
100
AcDbEntity
  8
F.Silkscreen
  6
CONTINUOUS
100
AcDbLine
 10
6.0710653543307087
 20
-3.5096127559055117
 30
0
 11
6.0721466141732279
 21
-3.5091990157480315
 31
0
  0
LINE
  5
1063
330
1B
100
AcDbEntity
  8
F.Silkscreen
  6
CONTINUOUS
100
AcDbLine
 10
6.0721466141732279
 20
-3.5091990157480315
 30
0
 11
6.072358188976378
 21
-3.5091839763779529
 31
0
  0
LINE
  5
1064
330
1B
100
AcDbEntity
  8
F.Silkscreen
  6
CONTINUOUS
100
AcDbLine
 10
6.072358188976378
 20
-3.5091839763779529
 30
0
 11
6.0725542913385828
 21
-3.5091027559055119
 31
0
  0
LINE
  5
1065
330
1B
100
AcDbEntity
  8
F.Silkscreen
  6
CONTINUOUS
100
AcDbLine
 10
6.0725542913385828
 20
-3.5091027559055119
 30
0
 11
6.0737064173228346
 21
-3.5089892913385827
 31
0
  0
LINE
  5
1066
330
1B
100
AcDbEntity
  8
F.Silkscreen
  6
CONTINUOUS
100
AcDbLine
 10
6.0737064173228346
 20
-3.5089892913385827
 30
0
 11
6.0793307086614172
 21
-3.5089892913385827
 31
0
  0
LINE
  5
1067
330
1B
100
AcDbEntity
  8
F.Silkscreen
  6
CONTINUOUS
100
AcDbLine
 10
6.0793307086614172
 20
-3.5089892913385827
 30
0
 11
6.080482834645669
 21
-3.5091027559055119
 31
0
  0
LINE
  5
1068
330
1B
100
AcDbEntity
  8
F.Silkscreen
  6
CONTINUOUS
100
AcDbLine
 10
6.0715802755905512
 20
-3.5225604330708662
 30
0
 11
6.0701234251968499
 21
-3.5240172440944879
 31
0
  0
LINE
  5
1069
330
1B
100
AcDbEntity
  8
F.Silkscreen
  6
CONTINUOUS
100
AcDbLine
 10
6.0701234251968499
 20
-3.5240172440944879
 30
0
 11
6.0680296850393702
 21
-3.528204645669291
 31
0
  0
LINE
  5
106A
330
1B
100
AcDbEntity
  8
F.Silkscreen
  6
CONTINUOUS
100
AcDbLine
 10
6.0680296850393702
 20
-3.528204645669291
 30
0
 11
6.0655511811023617
 21
-3.5381188976377951
 31
0
  0
LINE
  5
106B
330
1B
100
AcDbEntity
  8
F.Silkscreen
  6
CONTINUOUS
100
AcDbLine
 10
6.0655511811023617
 20
-3.5381188976377951
 30
0
 11
6.0655511811023617
 21
-3.5507258267716533
 31
0
  0
LINE
  5
106C
330
1B
100
AcDbEntity
  8
F.Silkscreen
  6
CONTINUOUS
100
AcDbLine
 10
6.0655511811023617
 20
-3.5507258267716533
 30
0
 11
6.0680296850393702
 21
-3.5606400393700786
 31
0
  0
LINE
  5
106D
330
1B
100
AcDbEntity
  8
F.Silkscreen
  6
CONTINUOUS
100
AcDbLine
 10
6.0680296850393702
 20
-3.5606400393700786
 30
0
 11
6.0701234251968499
 21
-3.5648274409448817
 31
0
  0
LINE
  5
106E
330
1B
100
AcDbEntity
  8
F.Silkscreen
  6
CONTINUOUS
100
AcDbLine
 10
6.0701234251968499
 20
-3.5648274409448817
 30
0
 11
6.0715802755905512
 21
-3.5662842913385826
 31
0
  0
LINE
  5
106F
330
1B
100
AcDbEntity
  8
F.Silkscreen
  6
CONTINUOUS
100
AcDbLine
 10
6.0715802755905512
 20
-3.5662842913385826
 30
0
 11
6.0751005118110237
 21
-3.5680444094488188
 31
0
  0
LINE
  5
1070
330
1B
100
AcDbEntity
  8
F.Silkscreen
  6
CONTINUOUS
100
AcDbLine
 10
6.0751005118110237
 20
-3.5680444094488188
 30
0
 11
6.0779366141732281
 21
-3.5680444094488188
 31
0
  0
LINE
  5
1071
330
1B
100
AcDbEntity
  8
F.Silkscreen
  6
CONTINUOUS
100
AcDbLine
 10
6.0779366141732281
 20
-3.5680444094488188
 30
0
 11
6.081456771653543
 21
-3.5662843307086614
 31
0
  0
LINE
  5
1072
330
1B
100
AcDbEntity
  8
F.Silkscreen
  6
CONTINUOUS
100
AcDbLine
 10
6.081456771653543
 20
-3.5662843307086614
 30
0
 11
6.0829136614173223
 21
-3.5648274409448817
 31
0
  0
LINE
  5
1073
330
1B
100
AcDbEntity
  8
F.Silkscreen
  6
CONTINUOUS
100
AcDbLine
 10
6.0829136614173223
 20
-3.5648274409448817
 30
0
 11
6.0850073228346453
 21
-3.5606401181102361
 31
0
  0
LINE
  5
1074
330
1B
100
AcDbEntity
  8
F.Silkscreen
  6
CONTINUOUS
100
AcDbLine
 10
6.0850073228346453
 20
-3.5606401181102361
 30
0
 11
6.0874859448818892
 21
-3.5507257874015745
 31
0
  0
LINE
  5
1075
330
1B
100
AcDbEntity
  8
F.Silkscreen
  6
CONTINUOUS
100
AcDbLine
 10
6.0874859448818892
 20
-3.5507257874015745
 30
0
 11
6.0874859448818892
 21
-3.5381189370078738
 31
0
  0
LINE
  5
1076
330
1B
100
AcDbEntity
  8
F.Silkscreen
  6
CONTINUOUS
100
AcDbLine
 10
6.0874859448818892
 20
-3.5381189370078738
 30
0
 11
6.0850073228346453
 21
-3.5282046062992127
 31
0
  0
LINE
  5
1077
330
1B
100
AcDbEntity
  8
F.Silkscreen
  6
CONTINUOUS
100
AcDbLine
 10
6.0850073228346453
 20
-3.5282046062992127
 30
0
 11
6.082913700787401
 21
-3.5240172834645667
 31
0
  0
LINE
  5
1078
330
1B
100
AcDbEntity
  8
F.Silkscreen
  6
CONTINUOUS
100
AcDbLine
 10
6.082913700787401
 20
-3.5240172834645667
 30
0
 11
6.0814568503937005
 21
-3.5225604330708662
 31
0
  0
LINE
  5
1079
330
1B
100
AcDbEntity
  8
F.Silkscreen
  6
CONTINUOUS
100
AcDbLine
 10
6.0814568503937005
 20
-3.5225604330708662
 30
0
 11
6.0779366141732281
 21
-3.52080031496063
 31
0
  0
LINE
  5
107A
330
1B
100
AcDbEntity
  8
F.Silkscreen
  6
CONTINUOUS
100
AcDbLine
 10
6.0779366141732281
 20
-3.52080031496063
 30
0
 11
6.0751005118110237
 21
-3.52080031496063
 31
0
  0
LINE
  5
107B
330
1B
100
AcDbEntity
  8
F.Silkscreen
  6
CONTINUOUS
100
AcDbLine
 10
6.0751005118110237
 20
-3.52080031496063
 30
0
 11
6.0715802755905512
 21
-3.5225604330708662
 31
0
  0
LINE
  5
107C
330
1B
100
AcDbEntity
  8
F.Silkscreen
  6
CONTINUOUS
100
AcDbLine
 10
6.1367257874015744
 20
-3.5091027559055119
 30
0
 11
6.1369218503937004
 21
-3.5091839763779529
 31
0
  0
LINE
  5
107D
330
1B
100
AcDbEntity
  8
F.Silkscreen
  6
CONTINUOUS
100
AcDbLine
 10
6.1369218503937004
 20
-3.5091839763779529
 30
0
 11
6.1371334645669293
 21
-3.5091990157480315
 31
0
  0
LINE
  5
107E
330
1B
100
AcDbEntity
  8
F.Silkscreen
  6
CONTINUOUS
100
AcDbLine
 10
6.1371334645669293
 20
-3.5091990157480315
 30
0
 11
6.1382146850393697
 21
-3.5096127559055117
 31
0
  0
LINE
  5
107F
330
1B
100
AcDbEntity
  8
F.Silkscreen
  6
CONTINUOUS
100
AcDbLine
 10
6.1382146850393697
 20
-3.5096127559055117
 30
0
 11
6.1438389763779524
 21
-3.5124249212598424
 31
0
  0
LINE
  5
1080
330
1B
100
AcDbEntity
  8
F.Silkscreen
  6
CONTINUOUS
100
AcDbLine
 10
6.1438389763779524
 20
-3.5124249212598424
 30
0
 11
6.1443348425196849
 21
-3.5127370472440944
 31
0
  0
LINE
  5
1081
330
1B
100
AcDbEntity
  8
F.Silkscreen
  6
CONTINUOUS
100
AcDbLine
 10
6.1443348425196849
 20
-3.5127370472440944
 30
0
 11
6.144478818897638
 21
-3.5127966929133856
 31
0
  0
LINE
  5
1082
330
1B
100
AcDbEntity
  8
F.Silkscreen
  6
CONTINUOUS
100
AcDbLine
 10
6.144478818897638
 20
-3.5127966929133856
 30
0
 11
6.1446409055118112
 21
-3.5129297244094486
 31
0
  0
LINE
  5
1083
330
1B
100
AcDbEntity
  8
F.Silkscreen
  6
CONTINUOUS
100
AcDbLine
 10
6.1446409055118112
 20
-3.5129297244094486
 30
0
 11
6.1448187401574801
 21
-3.5130416535433069
 31
0
  0
LINE
  5
1084
330
1B
100
AcDbEntity
  8
F.Silkscreen
  6
CONTINUOUS
100
AcDbLine
 10
6.1448187401574801
 20
-3.5130416535433069
 30
0
 11
6.1449209842519688
 21
-3.513159527559055
 31
0
  0
LINE
  5
1085
330
1B
100
AcDbEntity
  8
F.Silkscreen
  6
CONTINUOUS
100
AcDbLine
 10
6.1449209842519688
 20
-3.513159527559055
 30
0
 11
6.1453737401574804
 21
-3.5135311023622045
 31
0
  0
LINE
  5
1086
330
1B
100
AcDbEntity
  8
F.Silkscreen
  6
CONTINUOUS
100
AcDbLine
 10
6.1453737401574804
 20
-3.5135311023622045
 30
0
 11
6.1481859055118111
 21
-3.5163432283464564
 31
0
  0
LINE
  5
1087
330
1B
100
AcDbEntity
  8
F.Silkscreen
  6
CONTINUOUS
100
AcDbLine
 10
6.1481859055118111
 20
-3.5163432283464564
 30
0
 11
6.1485576377952755
 21
-3.5167961811023623
 31
0
  0
LINE
  5
1088
330
1B
100
AcDbEntity
  8
F.Silkscreen
  6
CONTINUOUS
100
AcDbLine
 10
6.1485576377952755
 20
-3.5167961811023623
 30
0
 11
6.1486754330708662
 21
-3.516898346456693
 31
0
  0
LINE
  5
1089
330
1B
100
AcDbEntity
  8
F.Silkscreen
  6
CONTINUOUS
100
AcDbLine
 10
6.1486754330708662
 20
-3.516898346456693
 30
0
 11
6.1487872047244094
 21
-3.517075905511811
 31
0
  0
LINE
  5
108A
330
1B
100
AcDbEntity
  8
F.Silkscreen
  6
CONTINUOUS
100
AcDbLine
 10
6.1487872047244094
 20
-3.517075905511811
 30
0
 11
6.1489203543307083
 21
-3.5172381496062992
 31
0
  0
LINE
  5
108B
330
1B
100
AcDbEntity
  8
F.Silkscreen
  6
CONTINUOUS
100
AcDbLine
 10
6.1489203543307083
 20
-3.5172381496062992
 30
0
 11
6.1489799999999999
 21
-3.5173822047244094
 31
0
  0
LINE
  5
108C
330
1B
100
AcDbEntity
  8
F.Silkscreen
  6
CONTINUOUS
100
AcDbLine
 10
6.1489799999999999
 20
-3.5173822047244094
 30
0
 11
6.1492921653543302
 21
-3.5178780708661415
 31
0
  0
LINE
  5
108D
330
1B
100
AcDbEntity
  8
F.Silkscreen
  6
CONTINUOUS
100
AcDbLine
 10
6.1492921653543302
 20
-3.5178780708661415
 30
0
 11
6.1521042913385822
 21
-3.5235024015748029
 31
0
  0
LINE
  5
108E
330
1B
100
AcDbEntity
  8
F.Silkscreen
  6
CONTINUOUS
100
AcDbLine
 10
6.1521042913385822
 20
-3.5235024015748029
 30
0
 11
6.1521364566929133
 21
-3.5235864960629919
 31
0
  0
LINE
  5
108F
330
1B
100
AcDbEntity
  8
F.Silkscreen
  6
CONTINUOUS
100
AcDbLine
 10
6.1521364566929133
 20
-3.5235864960629919
 30
0
 11
6.1521619291338583
 21
-3.5236208661417323
 31
0
  0
LINE
  5
1090
330
1B
100
AcDbEntity
  8
F.Silkscreen
  6
CONTINUOUS
100
AcDbLine
 10
6.1521619291338583
 20
-3.5236208661417323
 30
0
 11
6.1523346062992124
 21
-3.5241042913385825
 31
0
  0
LINE
  5
1091
330
1B
100
AcDbEntity
  8
F.Silkscreen
  6
CONTINUOUS
100
AcDbLine
 10
6.1523346062992124
 20
-3.5241042913385825
 30
0
 11
6.152518070866142
 21
-3.5245836220472442
 31
0
  0
LINE
  5
1092
330
1B
100
AcDbEntity
  8
F.Silkscreen
  6
CONTINUOUS
100
AcDbLine
 10
6.152518070866142
 20
-3.5245836220472442
 30
0
 11
6.1525210629921254
 21
-3.5246262204724408
 31
0
  0
LINE
  5
1093
330
1B
100
AcDbEntity
  8
F.Silkscreen
  6
CONTINUOUS
100
AcDbLine
 10
6.1525210629921254
 20
-3.5246262204724408
 30
0
 11
6.1525514173228348
 21
-3.5247111023622049
 31
0
  0
LINE
  5
1094
330
1B
100
AcDbEntity
  8
F.Silkscreen
  6
CONTINUOUS
100
AcDbLine
 10
6.1525514173228348
 20
-3.5247111023622049
 30
0
 11
6.1553635826771655
 21
-3.5359596850393702
 31
0
  0
LINE
  5
1095
330
1B
100
AcDbEntity
  8
F.Silkscreen
  6
CONTINUOUS
100
AcDbLine
 10
6.1553635826771655
 20
-3.5359596850393702
 30
0
 11
6.1553931102362203
 21
-3.5361593700787401
 31
0
  0
LINE
  5
1096
330
1B
100
AcDbEntity
  8
F.Silkscreen
  6
CONTINUOUS
100
AcDbLine
 10
6.1553931102362203
 20
-3.5361593700787401
 30
0
 11
6.1554264566929131
 21
-3.5362398818897636
 31
0
  0
LINE
  5
1097
330
1B
100
AcDbEntity
  8
F.Silkscreen
  6
CONTINUOUS
100
AcDbLine
 10
6.1554264566929131
 20
-3.5362398818897636
 30
0
 11
6.1554691732283464
 21
-3.5366737007874014
 31
0
  0
LINE
  5
1098
330
1B
100
AcDbEntity
  8
F.Silkscreen
  6
CONTINUOUS
100
AcDbLine
 10
6.1554691732283464
 20
-3.5366737007874014
 30
0
 11
6.1555329527559053
 21
-3.5371049212598424
 31
0
  0
LINE
  5
1099
330
1B
100
AcDbEntity
  8
F.Silkscreen
  6
CONTINUOUS
100
AcDbLine
 10
6.1555329527559053
 20
-3.5371049212598424
 30
0
 11
6.1555201181102364
 21
-3.5371910629921257
 31
0
  0
LINE
  5
109A
330
1B
100
AcDbEntity
  8
F.Silkscreen
  6
CONTINUOUS
100
AcDbLine
 10
6.1555201181102364
 20
-3.5371910629921257
 30
0
 11
6.1555399212598427
 21
-3.5373920078740158
 31
0
  0
LINE
  5
109B
330
1B
100
AcDbEntity
  8
F.Silkscreen
  6
CONTINUOUS
100
AcDbLine
 10
6.1555399212598427
 20
-3.5373920078740158
 30
0
 11
6.1555399212598427
 21
-3.5514527559055118
 31
0
  0
LINE
  5
109C
330
1B
100
AcDbEntity
  8
F.Silkscreen
  6
CONTINUOUS
100
AcDbLine
 10
6.1555399212598427
 20
-3.5514527559055118
 30
0
 11
6.1555201181102364
 21
-3.5516536614173226
 31
0
  0
LINE
  5
109D
330
1B
100
AcDbEntity
  8
F.Silkscreen
  6
CONTINUOUS
100
AcDbLine
 10
6.1555201181102364
 20
-3.5516536614173226
 30
0
 11
6.1555329527559053
 21
-3.5517398425196851
 31
0
  0
LINE
  5
109E
330
1B
100
AcDbEntity
  8
F.Silkscreen
  6
CONTINUOUS
100
AcDbLine
 10
6.1555329527559053
 20
-3.5517398425196851
 30
0
 11
6.1554691732283464
 21
-3.552171023622047
 31
0
  0
LINE
  5
109F
330
1B
100
AcDbEntity
  8
F.Silkscreen
  6
CONTINUOUS
100
AcDbLine
 10
6.1554691732283464
 20
-3.552171023622047
 30
0
 11
6.1554264566929131
 21
-3.5526048818897635
 31
0
  0
LINE
  5
10A0
330
1B
100
AcDbEntity
  8
F.Silkscreen
  6
CONTINUOUS
100
AcDbLine
 10
6.1554264566929131
 20
-3.5526048818897635
 30
0
 11
6.1553931102362203
 21
-3.5526853543307086
 31
0
  0
LINE
  5
10A1
330
1B
100
AcDbEntity
  8
F.Silkscreen
  6
CONTINUOUS
100
AcDbLine
 10
6.1553931102362203
 20
-3.5526853543307086
 30
0
 11
6.1553635826771655
 21
-3.5528850787401574
 31
0
  0
LINE
  5
10A2
330
1B
100
AcDbEntity
  8
F.Silkscreen
  6
CONTINUOUS
100
AcDbLine
 10
6.1553635826771655
 20
-3.5528850787401574
 30
0
 11
6.1525514173228348
 21
-3.5641336614173227
 31
0
  0
LINE
  5
10A3
330
1B
100
AcDbEntity
  8
F.Silkscreen
  6
CONTINUOUS
100
AcDbLine
 10
6.1525514173228348
 20
-3.5641336614173227
 30
0
 11
6.1525210629921254
 21
-3.564218503937008
 31
0
  0
LINE
  5
10A4
330
1B
100
AcDbEntity
  8
F.Silkscreen
  6
CONTINUOUS
100
AcDbLine
 10
6.1525210629921254
 20
-3.564218503937008
 30
0
 11
6.152518070866142
 21
-3.5642611023622046
 31
0
  0
LINE
  5
10A5
330
1B
100
AcDbEntity
  8
F.Silkscreen
  6
CONTINUOUS
100
AcDbLine
 10
6.152518070866142
 20
-3.5642611023622046
 30
0
 11
6.1523347244094486
 21
-3.5647401181102363
 31
0
  0
LINE
  5
10A6
330
1B
100
AcDbEntity
  8
F.Silkscreen
  6
CONTINUOUS
100
AcDbLine
 10
6.1523347244094486
 20
-3.5647401181102363
 30
0
 11
6.1521619291338583
 21
-3.5652238582677165
 31
0
  0
LINE
  5
10A7
330
1B
100
AcDbEntity
  8
F.Silkscreen
  6
CONTINUOUS
100
AcDbLine
 10
6.1521619291338583
 20
-3.5652238582677165
 30
0
 11
6.1521364566929133
 21
-3.5652581889763777
 31
0
  0
LINE
  5
10A8
330
1B
100
AcDbEntity
  8
F.Silkscreen
  6
CONTINUOUS
100
AcDbLine
 10
6.1521364566929133
 20
-3.5652581889763777
 30
0
 11
6.1521042913385822
 21
-3.5653423228346455
 31
0
  0
LINE
  5
10A9
330
1B
100
AcDbEntity
  8
F.Silkscreen
  6
CONTINUOUS
100
AcDbLine
 10
6.1521042913385822
 20
-3.5653423228346455
 30
0
 11
6.1492921653543302
 21
-3.5709666535433069
 31
0
  0
LINE
  5
10AA
330
1B
100
AcDbEntity
  8
F.Silkscreen
  6
CONTINUOUS
100
AcDbLine
 10
6.1492921653543302
 20
-3.5709666535433069
 30
0
 11
6.1489800787401574
 21
-3.5714623622047244
 31
0
  0
LINE
  5
10AB
330
1B
100
AcDbEntity
  8
F.Silkscreen
  6
CONTINUOUS
100
AcDbLine
 10
6.1489800787401574
 20
-3.5714623622047244
 30
0
 11
6.148920393700787
 21
-3.5716065354330708
 31
0
  0
LINE
  5
10AC
330
1B
100
AcDbEntity
  8
F.Silkscreen
  6
CONTINUOUS
100
AcDbLine
 10
6.148920393700787
 20
-3.5716065354330708
 30
0
 11
6.1487871653543307
 21
-3.5717688188976378
 31
0
  0
LINE
  5
10AD
330
1B
100
AcDbEntity
  8
F.Silkscreen
  6
CONTINUOUS
100
AcDbLine
 10
6.1487871653543307
 20
-3.5717688188976378
 30
0
 11
6.1486754330708662
 21
-3.5719463779527558
 31
0
  0
LINE
  5
10AE
330
1B
100
AcDbEntity
  8
F.Silkscreen
  6
CONTINUOUS
100
AcDbLine
 10
6.1486754330708662
 20
-3.5719463779527558
 30
0
 11
6.1485576377952755
 21
-3.5720485039370078
 31
0
  0
LINE
  5
10AF
330
1B
100
AcDbEntity
  8
F.Silkscreen
  6
CONTINUOUS
100
AcDbLine
 10
6.1485576377952755
 20
-3.5720485039370078
 30
0
 11
6.1481859448818899
 21
-3.5725014566929132
 31
0
  0
LINE
  5
10B0
330
1B
100
AcDbEntity
  8
F.Silkscreen
  6
CONTINUOUS
100
AcDbLine
 10
6.1481859448818899
 20
-3.5725014566929132
 30
0
 11
6.1453737795275591
 21
-3.5753136220472439
 31
0
  0
LINE
  5
10B1
330
1B
100
AcDbEntity
  8
F.Silkscreen
  6
CONTINUOUS
100
AcDbLine
 10
6.1453737795275591
 20
-3.5753136220472439
 30
0
 11
6.14492094488189
 21
-3.5756852362204725
 31
0
  0
LINE
  5
10B2
330
1B
100
AcDbEntity
  8
F.Silkscreen
  6
CONTINUOUS
100
AcDbLine
 10
6.14492094488189
 20
-3.5756852362204725
 30
0
 11
6.1448187401574801
 21
-3.5758031102362202
 31
0
  0
LINE
  5
10B3
330
1B
100
AcDbEntity
  8
F.Silkscreen
  6
CONTINUOUS
100
AcDbLine
 10
6.1448187401574801
 20
-3.5758031102362202
 30
0
 11
6.1446410236220474
 21
-3.5759149212598422
 31
0
  0
LINE
  5
10B4
330
1B
100
AcDbEntity
  8
F.Silkscreen
  6
CONTINUOUS
100
AcDbLine
 10
6.1446410236220474
 20
-3.5759149212598422
 30
0
 11
6.1444788582677168
 21
-3.5760480708661415
 31
0
  0
LINE
  5
10B5
330
1B
100
AcDbEntity
  8
F.Silkscreen
  6
CONTINUOUS
100
AcDbLine
 10
6.1444788582677168
 20
-3.5760480708661415
 30
0
 11
6.1443347637795274
 21
-3.5761077165354331
 31
0
  0
LINE
  5
10B6
330
1B
100
AcDbEntity
  8
F.Silkscreen
  6
CONTINUOUS
100
AcDbLine
 10
6.1443347637795274
 20
-3.5761077165354331
 30
0
 11
6.1438389763779524
 21
-3.5764198425196851
 31
0
  0
LINE
  5
10B7
330
1B
100
AcDbEntity
  8
F.Silkscreen
  6
CONTINUOUS
100
AcDbLine
 10
6.1438389763779524
 20
-3.5764198425196851
 30
0
 11
6.1382146850393697
 21
-3.5792319685039371
 31
0
  0
LINE
  5
10B8
330
1B
100
AcDbEntity
  8
F.Silkscreen
  6
CONTINUOUS
100
AcDbLine
 10
6.1382146850393697
 20
-3.5792319685039371
 30
0
 11
6.1371334251968506
 21
-3.579645748031496
 31
0
  0
LINE
  5
10B9
330
1B
100
AcDbEntity
  8
F.Silkscreen
  6
CONTINUOUS
100
AcDbLine
 10
6.1371334251968506
 20
-3.579645748031496
 30
0
 11
6.1369217716535429
 21
-3.5796607480314959
 31
0
  0
LINE
  5
10BA
330
1B
100
AcDbEntity
  8
F.Silkscreen
  6
CONTINUOUS
100
AcDbLine
 10
6.1369217716535429
 20
-3.5796607480314959
 30
0
 11
6.1367257874015744
 21
-3.5797419685039369
 31
0
  0
LINE
  5
10BB
330
1B
100
AcDbEntity
  8
F.Silkscreen
  6
CONTINUOUS
100
AcDbLine
 10
6.1367257874015744
 20
-3.5797419685039369
 30
0
 11
6.1355736614173226
 21
-3.5798554330708661
 31
0
  0
LINE
  5
10BC
330
1B
100
AcDbEntity
  8
F.Silkscreen
  6
CONTINUOUS
100
AcDbLine
 10
6.1355736614173226
 20
-3.5798554330708661
 30
0
 11
6.12994937007874
 21
-3.5798554330708661
 31
0
  0
LINE
  5
10BD
330
1B
100
AcDbEntity
  8
F.Silkscreen
  6
CONTINUOUS
100
AcDbLine
 10
6.12994937007874
 20
-3.5798554330708661
 30
0
 11
6.1287972440944882
 21
-3.5797419685039369
 31
0
  0
LINE
  5
10BE
330
1B
100
AcDbEntity
  8
F.Silkscreen
  6
CONTINUOUS
100
AcDbLine
 10
6.1287972440944882
 20
-3.5797419685039369
 30
0
 11
6.1286012204724409
 21
-3.5796607480314959
 31
0
  0
LINE
  5
10BF
330
1B
100
AcDbEntity
  8
F.Silkscreen
  6
CONTINUOUS
100
AcDbLine
 10
6.1286012204724409
 20
-3.5796607480314959
 30
0
 11
6.128389606299212
 21
-3.579645748031496
 31
0
  0
LINE
  5
10C0
330
1B
100
AcDbEntity
  8
F.Silkscreen
  6
CONTINUOUS
100
AcDbLine
 10
6.128389606299212
 20
-3.579645748031496
 30
0
 11
6.1273083858267716
 21
-3.5792319685039371
 31
0
  0
LINE
  5
10C1
330
1B
100
AcDbEntity
  8
F.Silkscreen
  6
CONTINUOUS
100
AcDbLine
 10
6.1273083858267716
 20
-3.5792319685039371
 30
0
 11
6.1216840551181102
 21
-3.5764198425196851
 31
0
  0
LINE
  5
10C2
330
1B
100
AcDbEntity
  8
F.Silkscreen
  6
CONTINUOUS
100
AcDbLine
 10
6.1216840551181102
 20
-3.5764198425196851
 30
0
 11
6.121188307086614
 21
-3.5761077559055119
 31
0
  0
LINE
  5
10C3
330
1B
100
AcDbEntity
  8
F.Silkscreen
  6
CONTINUOUS
100
AcDbLine
 10
6.121188307086614
 20
-3.5761077559055119
 30
0
 11
6.1210441732283467
 21
-3.5760480708661415
 31
0
  0
LINE
  5
10C4
330
1B
100
AcDbEntity
  8
F.Silkscreen
  6
CONTINUOUS
100
AcDbLine
 10
6.1210441732283467
 20
-3.5760480708661415
 30
0
 11
6.120881850393701
 21
-3.5759148425196852
 31
0
  0
LINE
  5
10C5
330
1B
100
AcDbEntity
  8
F.Silkscreen
  6
CONTINUOUS
100
AcDbLine
 10
6.120881850393701
 20
-3.5759148425196852
 30
0
 11
6.1207043307086613
 21
-3.5758031102362202
 31
0
  0
LINE
  5
10C6
330
1B
100
AcDbEntity
  8
F.Silkscreen
  6
CONTINUOUS
100
AcDbLine
 10
6.1207043307086613
 20
-3.5758031102362202
 30
0
 11
6.120602165354331
 21
-3.57568531496063
 31
0
  0
LINE
  5
10C7
330
1B
100
AcDbEntity
  8
F.Silkscreen
  6
CONTINUOUS
100
AcDbLine
 10
6.120602165354331
 20
-3.57568531496063
 30
0
 11
6.1201492519685035
 21
-3.5753136220472439
 31
0
  0
LINE
  5
10C8
330
1B
100
AcDbEntity
  8
F.Silkscreen
  6
CONTINUOUS
100
AcDbLine
 10
6.1201492519685035
 20
-3.5753136220472439
 30
0
 11
6.1173370866141727
 21
-3.5725014566929132
 31
0
  0
LINE
  5
10C9
330
1B
100
AcDbEntity
  8
F.Silkscreen
  6
CONTINUOUS
100
AcDbLine
 10
6.1173370866141727
 20
-3.5725014566929132
 30
0
 11
6.1169654330708658
 21
-3.572048622047244
 31
0
  0
LINE
  5
10CA
330
1B
100
AcDbEntity
  8
F.Silkscreen
  6
CONTINUOUS
100
AcDbLine
 10
6.1169654330708658
 20
-3.572048622047244
 30
0
 11
6.1168475984251964
 21
-3.5719464173228346
 31
0
  0
LINE
  5
10CB
330
1B
100
AcDbEntity
  8
F.Silkscreen
  6
CONTINUOUS
100
AcDbLine
 10
6.1168475984251964
 20
-3.5719464173228346
 30
0
 11
6.1167357480314957
 21
-3.5717687007874015
 31
0
  0
LINE
  5
10CC
330
1B
100
AcDbEntity
  8
F.Silkscreen
  6
CONTINUOUS
100
AcDbLine
 10
6.1167357480314957
 20
-3.5717687007874015
 30
0
 11
6.1166026377952756
 21
-3.5716065354330708
 31
0
  0
LINE
  5
10CD
330
1B
100
AcDbEntity
  8
F.Silkscreen
  6
CONTINUOUS
100
AcDbLine
 10
6.1166026377952756
 20
-3.5716065354330708
 30
0
 11
6.1165429527559052
 21
-3.5714624409448819
 31
0
  0
LINE
  5
10CE
330
1B
100
AcDbEntity
  8
F.Silkscreen
  6
CONTINUOUS
100
AcDbLine
 10
6.1165429527559052
 20
-3.5714624409448819
 30
0
 11
6.1162308661417324
 21
-3.5709666535433069
 31
0
  0
LINE
  5
10CF
330
1B
100
AcDbEntity
  8
F.Silkscreen
  6
CONTINUOUS
100
AcDbLine
 10
6.1162308661417324
 20
-3.5709666535433069
 30
0
 11
6.1134187007874017
 21
-3.5653423622047242
 31
0
  0
LINE
  5
10D0
330
1B
100
AcDbEntity
  8
F.Silkscreen
  6
CONTINUOUS
100
AcDbLine
 10
6.1134187007874017
 20
-3.5653423622047242
 30
0
 11
6.1133864173228343
 21
-3.5652580708661414
 31
0
  0
LINE
  5
10D1
330
1B
100
AcDbEntity
  8
F.Silkscreen
  6
CONTINUOUS
100
AcDbLine
 10
6.1133864173228343
 20
-3.5652580708661414
 30
0
 11
6.1133610629921256
 21
-3.5652238188976377
 31
0
  0
LINE
  5
10D2
330
1B
100
AcDbEntity
  8
F.Silkscreen
  6
CONTINUOUS
100
AcDbLine
 10
6.1133610629921256
 20
-3.5652238188976377
 30
0
 11
6.1131883464566927
 21
-3.5647404330708659
 31
0
  0
LINE
  5
10D3
330
1B
100
AcDbEntity
  8
F.Silkscreen
  6
CONTINUOUS
100
AcDbLine
 10
6.1131883464566927
 20
-3.5647404330708659
 30
0
 11
6.1130049606299215
 21
-3.5642611417322834
 31
0
  0
LINE
  5
10D4
330
1B
100
AcDbEntity
  8
F.Silkscreen
  6
CONTINUOUS
100
AcDbLine
 10
6.1130049606299215
 20
-3.5642611417322834
 30
0
 11
6.1130019291338584
 21
-3.5642185826771651
 31
0
  0
LINE
  5
10D5
330
1B
100
AcDbEntity
  8
F.Silkscreen
  6
CONTINUOUS
100
AcDbLine
 10
6.1130019291338584
 20
-3.5642185826771651
 30
0
 11
6.1129715748031499
 21
-3.5641336220472439
 31
0
  0
LINE
  5
10D6
330
1B
100
AcDbEntity
  8
F.Silkscreen
  6
CONTINUOUS
100
AcDbLine
 10
6.1129715748031499
 20
-3.5641336220472439
 30
0
 11
6.1101594488188979
 21
-3.5528850393700786
 31
0
  0
LINE
  5
10D7
330
1B
100
AcDbEntity
  8
F.Silkscreen
  6
CONTINUOUS
100
AcDbLine
 10
6.1101594488188979
 20
-3.5528850393700786
 30
0
 11
6.1101299212598423
 21
-3.5526853543307086
 31
0
  0
LINE
  5
10D8
330
1B
100
AcDbEntity
  8
F.Silkscreen
  6
CONTINUOUS
100
AcDbLine
 10
6.1101299212598423
 20
-3.5526853543307086
 30
0
 11
6.1100965748031495
 21
-3.5526048818897635
 31
0
  0
LINE
  5
10D9
330
1B
100
AcDbEntity
  8
F.Silkscreen
  6
CONTINUOUS
100
AcDbLine
 10
6.1100965748031495
 20
-3.5526048818897635
 30
0
 11
6.1100538188976374
 21
-3.5521709055118111
 31
0
  0
LINE
  5
10DA
330
1B
100
AcDbEntity
  8
F.Silkscreen
  6
CONTINUOUS
100
AcDbLine
 10
6.1100538188976374
 20
-3.5521709055118111
 30
0
 11
6.1099900787401573
 21
-3.5517398031496064
 31
0
  0
LINE
  5
10DB
330
1B
100
AcDbEntity
  8
F.Silkscreen
  6
CONTINUOUS
100
AcDbLine
 10
6.1099900787401573
 20
-3.5517398031496064
 30
0
 11
6.1100028740157475
 21
-3.5516536614173226
 31
0
  0
LINE
  5
10DC
330
1B
100
AcDbEntity
  8
F.Silkscreen
  6
CONTINUOUS
100
AcDbLine
 10
6.1100028740157475
 20
-3.5516536614173226
 30
0
 11
6.1099831102362208
 21
-3.5514527559055118
 31
0
  0
LINE
  5
10DD
330
1B
100
AcDbEntity
  8
F.Silkscreen
  6
CONTINUOUS
100
AcDbLine
 10
6.1099831102362208
 20
-3.5514527559055118
 30
0
 11
6.1099831102362208
 21
-3.5373920078740158
 31
0
  0
LINE
  5
10DE
330
1B
100
AcDbEntity
  8
F.Silkscreen
  6
CONTINUOUS
100
AcDbLine
 10
6.1099831102362208
 20
-3.5373920078740158
 30
0
 11
6.1100028740157475
 21
-3.5371910629921257
 31
0
  0
LINE
  5
10DF
330
1B
100
AcDbEntity
  8
F.Silkscreen
  6
CONTINUOUS
100
AcDbLine
 10
6.1100028740157475
 20
-3.5371910629921257
 30
0
 11
6.1099900787401573
 21
-3.5371049606299212
 31
0
  0
LINE
  5
10E0
330
1B
100
AcDbEntity
  8
F.Silkscreen
  6
CONTINUOUS
100
AcDbLine
 10
6.1099900787401573
 20
-3.5371049606299212
 30
0
 11
6.1100538188976374
 21
-3.5366738188976377
 31
0
  0
LINE
  5
10E1
330
1B
100
AcDbEntity
  8
F.Silkscreen
  6
CONTINUOUS
100
AcDbLine
 10
6.1100538188976374
 20
-3.5366738188976377
 30
0
 11
6.1100965748031495
 21
-3.5362398818897636
 31
0
  0
LINE
  5
10E2
330
1B
100
AcDbEntity
  8
F.Silkscreen
  6
CONTINUOUS
100
AcDbLine
 10
6.1100965748031495
 20
-3.5362398818897636
 30
0
 11
6.1101299212598423
 21
-3.5361593700787401
 31
0
  0
LINE
  5
10E3
330
1B
100
AcDbEntity
  8
F.Silkscreen
  6
CONTINUOUS
100
AcDbLine
 10
6.1101299212598423
 20
-3.5361593700787401
 30
0
 11
6.1101594488188979
 21
-3.5359597244094489
 31
0
  0
LINE
  5
10E4
330
1B
100
AcDbEntity
  8
F.Silkscreen
  6
CONTINUOUS
100
AcDbLine
 10
6.1101594488188979
 20
-3.5359597244094489
 30
0
 11
6.1129715748031499
 21
-3.5247111023622049
 31
0
  0
LINE
  5
10E5
330
1B
100
AcDbEntity
  8
F.Silkscreen
  6
CONTINUOUS
100
AcDbLine
 10
6.1129715748031499
 20
-3.5247111023622049
 30
0
 11
6.1130019291338584
 21
-3.5246261023622045
 31
0
  0
LINE
  5
10E6
330
1B
100
AcDbEntity
  8
F.Silkscreen
  6
CONTINUOUS
100
AcDbLine
 10
6.1130019291338584
 20
-3.5246261023622045
 30
0
 11
6.1130049606299215
 21
-3.5245835826771654
 31
0
  0
LINE
  5
10E7
330
1B
100
AcDbEntity
  8
F.Silkscreen
  6
CONTINUOUS
100
AcDbLine
 10
6.1130049606299215
 20
-3.5245835826771654
 30
0
 11
6.1131883464566927
 21
-3.5241042519685037
 31
0
  0
LINE
  5
10E8
330
1B
100
AcDbEntity
  8
F.Silkscreen
  6
CONTINUOUS
100
AcDbLine
 10
6.1131883464566927
 20
-3.5241042519685037
 30
0
 11
6.1133610629921256
 21
-3.5236209055118111
 31
0
  0
LINE
  5
10E9
330
1B
100
AcDbEntity
  8
F.Silkscreen
  6
CONTINUOUS
100
AcDbLine
 10
6.1133610629921256
 20
-3.5236209055118111
 30
0
 11
6.1133864173228343
 21
-3.5235866141732282
 31
0
  0
LINE
  5
10EA
330
1B
100
AcDbEntity
  8
F.Silkscreen
  6
CONTINUOUS
100
AcDbLine
 10
6.1133864173228343
 20
-3.5235866141732282
 30
0
 11
6.1134187007874017
 21
-3.5235023622047241
 31
0
  0
LINE
  5
10EB
330
1B
100
AcDbEntity
  8
F.Silkscreen
  6
CONTINUOUS
100
AcDbLine
 10
6.1134187007874017
 20
-3.5235023622047241
 30
0
 11
6.1162308661417324
 21
-3.5178780708661415
 31
0
  0
LINE
  5
10EC
330
1B
100
AcDbEntity
  8
F.Silkscreen
  6
CONTINUOUS
100
AcDbLine
 10
6.1162308661417324
 20
-3.5178780708661415
 30
0
 11
6.116542992125984
 21
-3.5173821653543307
 31
0
  0
LINE
  5
10ED
330
1B
100
AcDbEntity
  8
F.Silkscreen
  6
CONTINUOUS
100
AcDbLine
 10
6.116542992125984
 20
-3.5173821653543307
 30
0
 11
6.1166026771653543
 21
-3.5172381496062992
 31
0
  0
LINE
  5
10EE
330
1B
100
AcDbEntity
  8
F.Silkscreen
  6
CONTINUOUS
100
AcDbLine
 10
6.1166026771653543
 20
-3.5172381496062992
 30
0
 11
6.1167357086614169
 21
-3.5170760236220473
 31
0
  0
LINE
  5
10EF
330
1B
100
AcDbEntity
  8
F.Silkscreen
  6
CONTINUOUS
100
AcDbLine
 10
6.1167357086614169
 20
-3.5170760236220473
 30
0
 11
6.1168475984251964
 21
-3.5168983070866142
 31
0
  0
LINE
  5
10F0
330
1B
100
AcDbEntity
  8
F.Silkscreen
  6
CONTINUOUS
100
AcDbLine
 10
6.1168475984251964
 20
-3.5168983070866142
 30
0
 11
6.1169654724409446
 21
-3.516796062992126
 31
0
  0
LINE
  5
10F1
330
1B
100
AcDbEntity
  8
F.Silkscreen
  6
CONTINUOUS
100
AcDbLine
 10
6.1169654724409446
 20
-3.516796062992126
 30
0
 11
6.1173371259842515
 21
-3.5163432283464564
 31
0
  0
LINE
  5
10F2
330
1B
100
AcDbEntity
  8
F.Silkscreen
  6
CONTINUOUS
100
AcDbLine
 10
6.1173371259842515
 20
-3.5163432283464564
 30
0
 11
6.1201492913385822
 21
-3.5135311023622045
 31
0
  0
LINE
  5
10F3
330
1B
100
AcDbEntity
  8
F.Silkscreen
  6
CONTINUOUS
100
AcDbLine
 10
6.1201492913385822
 20
-3.5135311023622045
 30
0
 11
6.1206020472440947
 21
-3.5131594881889763
 31
0
  0
LINE
  5
10F4
330
1B
100
AcDbEntity
  8
F.Silkscreen
  6
CONTINUOUS
100
AcDbLine
 10
6.1206020472440947
 20
-3.5131594881889763
 30
0
 11
6.1207042913385825
 21
-3.5130416535433069
 31
0
  0
LINE
  5
10F5
330
1B
100
AcDbEntity
  8
F.Silkscreen
  6
CONTINUOUS
100
AcDbLine
 10
6.1207042913385825
 20
-3.5130416535433069
 30
0
 11
6.1208819291338585
 21
-3.5129298031496061
 31
0
  0
LINE
  5
10F6
330
1B
100
AcDbEntity
  8
F.Silkscreen
  6
CONTINUOUS
100
AcDbLine
 10
6.1208819291338585
 20
-3.5129298031496061
 30
0
 11
6.1210441732283467
 21
-3.5127966929133856
 31
0
  0
LINE
  5
10F7
330
1B
100
AcDbEntity
  8
F.Silkscreen
  6
CONTINUOUS
100
AcDbLine
 10
6.1210441732283467
 20
-3.5127966929133856
 30
0
 11
6.1211882283464565
 21
-3.5127370078740157
 31
0
  0
LINE
  5
10F8
330
1B
100
AcDbEntity
  8
F.Silkscreen
  6
CONTINUOUS
100
AcDbLine
 10
6.1211882283464565
 20
-3.5127370078740157
 30
0
 11
6.1216840551181102
 21
-3.5124249212598424
 31
0
  0
LINE
  5
10F9
330
1B
100
AcDbEntity
  8
F.Silkscreen
  6
CONTINUOUS
100
AcDbLine
 10
6.1216840551181102
 20
-3.5124249212598424
 30
0
 11
6.1273083070866141
 21
-3.5096127559055117
 31
0
  0
LINE
  5
10FA
330
1B
100
AcDbEntity
  8
F.Silkscreen
  6
CONTINUOUS
100
AcDbLine
 10
6.1273083070866141
 20
-3.5096127559055117
 30
0
 11
6.1283895669291333
 21
-3.5091990157480315
 31
0
  0
LINE
  5
10FB
330
1B
100
AcDbEntity
  8
F.Silkscreen
  6
CONTINUOUS
100
AcDbLine
 10
6.1283895669291333
 20
-3.5091990157480315
 30
0
 11
6.1286011417322834
 21
-3.5091839763779529
 31
0
  0
LINE
  5
10FC
330
1B
100
AcDbEntity
  8
F.Silkscreen
  6
CONTINUOUS
100
AcDbLine
 10
6.1286011417322834
 20
-3.5091839763779529
 30
0
 11
6.1287972440944882
 21
-3.5091027559055119
 31
0
  0
LINE
  5
10FD
330
1B
100
AcDbEntity
  8
F.Silkscreen
  6
CONTINUOUS
100
AcDbLine
 10
6.1287972440944882
 20
-3.5091027559055119
 30
0
 11
6.12994937007874
 21
-3.5089892913385827
 31
0
  0
LINE
  5
10FE
330
1B
100
AcDbEntity
  8
F.Silkscreen
  6
CONTINUOUS
100
AcDbLine
 10
6.12994937007874
 20
-3.5089892913385827
 30
0
 11
6.1355736614173226
 21
-3.5089892913385827
 31
0
  0
LINE
  5
10FF
330
1B
100
AcDbEntity
  8
F.Silkscreen
  6
CONTINUOUS
100
AcDbLine
 10
6.1355736614173226
 20
-3.5089892913385827
 30
0
 11
6.1367257874015744
 21
-3.5091027559055119
 31
0
  0
LINE
  5
1100
330
1B
100
AcDbEntity
  8
F.Silkscreen
  6
CONTINUOUS
100
AcDbLine
 10
6.1278232283464567
 20
-3.5225604330708662
 30
0
 11
6.1263663779527562
 21
-3.5240172440944879
 31
0
  0
LINE
  5
1101
330
1B
100
AcDbEntity
  8
F.Silkscreen
  6
CONTINUOUS
100
AcDbLine
 10
6.1263663779527562
 20
-3.5240172440944879
 30
0
 11
6.1242726377952756
 21
-3.528204645669291
 31
0
  0
LINE
  5
1102
330
1B
100
AcDbEntity
  8
F.Silkscreen
  6
CONTINUOUS
100
AcDbLine
 10
6.1242726377952756
 20
-3.528204645669291
 30
0
 11
6.121794133858268
 21
-3.5381188976377951
 31
0
  0
LINE
  5
1103
330
1B
100
AcDbEntity
  8
F.Silkscreen
  6
CONTINUOUS
100
AcDbLine
 10
6.121794133858268
 20
-3.5381188976377951
 30
0
 11
6.121794133858268
 21
-3.5507258267716533
 31
0
  0
LINE
  5
1104
330
1B
100
AcDbEntity
  8
F.Silkscreen
  6
CONTINUOUS
100
AcDbLine
 10
6.121794133858268
 20
-3.5507258267716533
 30
0
 11
6.1242726377952756
 21
-3.5606400393700786
 31
0
  0
LINE
  5
1105
330
1B
100
AcDbEntity
  8
F.Silkscreen
  6
CONTINUOUS
100
AcDbLine
 10
6.1242726377952756
 20
-3.5606400393700786
 30
0
 11
6.1263663779527562
 21
-3.5648274409448817
 31
0
  0
LINE
  5
1106
330
1B
100
AcDbEntity
  8
F.Silkscreen
  6
CONTINUOUS
100
AcDbLine
 10
6.1263663779527562
 20
-3.5648274409448817
 30
0
 11
6.1278232283464567
 21
-3.5662842913385826
 31
0
  0
LINE
  5
1107
330
1B
100
AcDbEntity
  8
F.Silkscreen
  6
CONTINUOUS
100
AcDbLine
 10
6.1278232283464567
 20
-3.5662842913385826
 30
0
 11
6.1313434645669291
 21
-3.5680444094488188
 31
0
  0
LINE
  5
1108
330
1B
100
AcDbEntity
  8
F.Silkscreen
  6
CONTINUOUS
100
AcDbLine
 10
6.1313434645669291
 20
-3.5680444094488188
 30
0
 11
6.1341795669291335
 21
-3.5680444094488188
 31
0
  0
LINE
  5
1109
330
1B
100
AcDbEntity
  8
F.Silkscreen
  6
CONTINUOUS
100
AcDbLine
 10
6.1341795669291335
 20
-3.5680444094488188
 30
0
 11
6.1376997244094484
 21
-3.5662843307086614
 31
0
  0
LINE
  5
110A
330
1B
100
AcDbEntity
  8
F.Silkscreen
  6
CONTINUOUS
100
AcDbLine
 10
6.1376997244094484
 20
-3.5662843307086614
 30
0
 11
6.1391566141732286
 21
-3.5648274409448817
 31
0
  0
LINE
  5
110B
330
1B
100
AcDbEntity
  8
F.Silkscreen
  6
CONTINUOUS
100
AcDbLine
 10
6.1391566141732286
 20
-3.5648274409448817
 30
0
 11
6.1412502755905507
 21
-3.5606401181102361
 31
0
  0
LINE
  5
110C
330
1B
100
AcDbEntity
  8
F.Silkscreen
  6
CONTINUOUS
100
AcDbLine
 10
6.1412502755905507
 20
-3.5606401181102361
 30
0
 11
6.1437288976377955
 21
-3.5507257874015745
 31
0
  0
LINE
  5
110D
330
1B
100
AcDbEntity
  8
F.Silkscreen
  6
CONTINUOUS
100
AcDbLine
 10
6.1437288976377955
 20
-3.5507257874015745
 30
0
 11
6.1437288976377955
 21
-3.5381189370078738
 31
0
  0
LINE
  5
110E
330
1B
100
AcDbEntity
  8
F.Silkscreen
  6
CONTINUOUS
100
AcDbLine
 10
6.1437288976377955
 20
-3.5381189370078738
 30
0
 11
6.1412502755905507
 21
-3.5282046062992127
 31
0
  0
LINE
  5
110F
330
1B
100
AcDbEntity
  8
F.Silkscreen
  6
CONTINUOUS
100
AcDbLine
 10
6.1412502755905507
 20
-3.5282046062992127
 30
0
 11
6.1391566535433073
 21
-3.5240172834645667
 31
0
  0
LINE
  5
1110
330
1B
100
AcDbEntity
  8
F.Silkscreen
  6
CONTINUOUS
100
AcDbLine
 10
6.1391566535433073
 20
-3.5240172834645667
 30
0
 11
6.1376998031496059
 21
-3.5225604330708662
 31
0
  0
LINE
  5
1111
330
1B
100
AcDbEntity
  8
F.Silkscreen
  6
CONTINUOUS
100
AcDbLine
 10
6.1376998031496059
 20
-3.5225604330708662
 30
0
 11
6.1341795669291335
 21
-3.52080031496063
 31
0
  0
LINE
  5
1112
330
1B
100
AcDbEntity
  8
F.Silkscreen
  6
CONTINUOUS
100
AcDbLine
 10
6.1341795669291335
 20
-3.52080031496063
 30
0
 11
6.1313434645669291
 21
-3.52080031496063
 31
0
  0
LINE
  5
1113
330
1B
100
AcDbEntity
  8
F.Silkscreen
  6
CONTINUOUS
100
AcDbLine
 10
6.1313434645669291
 20
-3.52080031496063
 30
0
 11
6.1278232283464567
 21
-3.5225604330708662
 31
0
  0
LINE
  5
1114
330
1B
100
AcDbEntity
  8
F.Silkscreen
  6
CONTINUOUS
100
AcDbLine
 10
6.0411127559055116
 20
-3.5091027559055119
 30
0
 11
6.0411466535433069
 21
-3.5091167716535434
 31
0
  0
LINE
  5
1115
330
1B
100
AcDbEntity
  8
F.Silkscreen
  6
CONTINUOUS
100
AcDbLine
 10
6.0411466535433069
 20
-3.5091167716535434
 30
0
 11
6.0411832677165354
 21
-3.509117244094488
 31
0
  0
LINE
  5
1116
330
1B
100
AcDbEntity
  8
F.Silkscreen
  6
CONTINUOUS
100
AcDbLine
 10
6.0411832677165354
 20
-3.509117244094488
 30
0
 11
6.0422092913385823
 21
-3.5095569685039369
 31
0
  0
LINE
  5
1117
330
1B
100
AcDbEntity
  8
F.Silkscreen
  6
CONTINUOUS
100
AcDbLine
 10
6.0422092913385823
 20
-3.5095569685039369
 30
0
 11
6.0432415748031492
 21
-3.5099845669291336
 31
0
  0
LINE
  5
1118
330
1B
100
AcDbEntity
  8
F.Silkscreen
  6
CONTINUOUS
100
AcDbLine
 10
6.0432415748031492
 20
-3.5099845669291336
 30
0
 11
6.0432674803149604
 21
-3.5100104724409449
 31
0
  0
LINE
  5
1119
330
1B
100
AcDbEntity
  8
F.Silkscreen
  6
CONTINUOUS
100
AcDbLine
 10
6.0432674803149604
 20
-3.5100104724409449
 30
0
 11
6.043301181102362
 21
-3.5100249212598422
 31
0
  0
LINE
  5
111A
330
1B
100
AcDbEntity
  8
F.Silkscreen
  6
CONTINUOUS
100
AcDbLine
 10
6.043301181102362
 20
-3.5100249212598422
 30
0
 11
6.0440803149606301
 21
-3.5108233070866142
 31
0
  0
LINE
  5
111B
330
1B
100
AcDbEntity
  8
F.Silkscreen
  6
CONTINUOUS
100
AcDbLine
 10
6.0440803149606301
 20
-3.5108233070866142
 30
0
 11
6.0448708661417321
 21
-3.5116138582677165
 31
0
  0
LINE
  5
111C
330
1B
100
AcDbEntity
  8
F.Silkscreen
  6
CONTINUOUS
100
AcDbLine
 10
6.0448708661417321
 20
-3.5116138582677165
 30
0
 11
6.0448849212598423
 21
-3.5116477952755907
 31
0
  0
LINE
  5
111D
330
1B
100
AcDbEntity
  8
F.Silkscreen
  6
CONTINUOUS
100
AcDbLine
 10
6.0448849212598423
 20
-3.5116477952755907
 30
0
 11
6.0449105118110236
 21
-3.5116740157480315
 31
0
  0
LINE
  5
111E
330
1B
100
AcDbEntity
  8
F.Silkscreen
  6
CONTINUOUS
100
AcDbLine
 10
6.0449105118110236
 20
-3.5116740157480315
 30
0
 11
6.0453246062992125
 21
-3.5127092519685039
 31
0
  0
LINE
  5
111F
330
1B
100
AcDbEntity
  8
F.Silkscreen
  6
CONTINUOUS
100
AcDbLine
 10
6.0453246062992125
 20
-3.5127092519685039
 30
0
 11
6.0457526771653542
 21
-3.5137426771653542
 31
0
  0
LINE
  5
1120
330
1B
100
AcDbEntity
  8
F.Silkscreen
  6
CONTINUOUS
100
AcDbLine
 10
6.0457526771653542
 20
-3.5137426771653542
 30
0
 11
6.0457526771653542
 21
-3.5137794094488188
 31
0
  0
LINE
  5
1121
330
1B
100
AcDbEntity
  8
F.Silkscreen
  6
CONTINUOUS
100
AcDbLine
 10
6.0457526771653542
 20
-3.5137794094488188
 30
0
 11
6.0457662598425195
 21
-3.5138133858267717
 31
0
  0
LINE
  5
1122
330
1B
100
AcDbEntity
  8
F.Silkscreen
  6
CONTINUOUS
100
AcDbLine
 10
6.0457662598425195
 20
-3.5138133858267717
 30
0
 11
6.0457526771653542
 21
-3.5149282283464567
 31
0
  0
LINE
  5
1123
330
1B
100
AcDbEntity
  8
F.Silkscreen
  6
CONTINUOUS
100
AcDbLine
 10
6.0457526771653542
 20
-3.5149282283464567
 30
0
 11
6.0457526771653542
 21
-3.5160469291338581
 31
0
  0
LINE
  5
1124
330
1B
100
AcDbEntity
  8
F.Silkscreen
  6
CONTINUOUS
100
AcDbLine
 10
6.0457526771653542
 20
-3.5160469291338581
 30
0
 11
6.045738622047244
 21
-3.5160808267716535
 31
0
  0
LINE
  5
1125
330
1B
100
AcDbEntity
  8
F.Silkscreen
  6
CONTINUOUS
100
AcDbLine
 10
6.045738622047244
 20
-3.5160808267716535
 30
0
 11
6.0457381889763777
 21
-3.5161174409448819
 31
0
  0
LINE
  5
1126
330
1B
100
AcDbEntity
  8
F.Silkscreen
  6
CONTINUOUS
100
AcDbLine
 10
6.0457381889763777
 20
-3.5161174409448819
 30
0
 11
6.0453886614173227
 21
-3.5172211023622046
 31
0
  0
LINE
  5
1127
330
1B
100
AcDbEntity
  8
F.Silkscreen
  6
CONTINUOUS
100
AcDbLine
 10
6.0453886614173227
 20
-3.5172211023622046
 30
0
 11
6.0200793307086613
 21
-3.5762762204724408
 31
0
  0
LINE
  5
1128
330
1B
100
AcDbEntity
  8
F.Silkscreen
  6
CONTINUOUS
100
AcDbLine
 10
6.0200793307086613
 20
-3.5762762204724408
 30
0
 11
6.0195211811023617
 21
-3.5772904724409447
 31
0
  0
LINE
  5
1129
330
1B
100
AcDbEntity
  8
F.Silkscreen
  6
CONTINUOUS
100
AcDbLine
 10
6.0195211811023617
 20
-3.5772904724409447
 30
0
 11
6.0178720866141733
 21
-3.5788998031496062
 31
0
  0
LINE
  5
112A
330
1B
100
AcDbEntity
  8
F.Silkscreen
  6
CONTINUOUS
100
AcDbLine
 10
6.0178720866141733
 20
-3.5788998031496062
 30
0
 11
6.0157327165354326
 21
-3.5797555511811021
 31
0
  0
LINE
  5
112B
330
1B
100
AcDbEntity
  8
F.Silkscreen
  6
CONTINUOUS
100
AcDbLine
 10
6.0157327165354326
 20
-3.5797555511811021
 30
0
 11
6.0134286614173229
 21
-3.5797274803149604
 31
0
  0
LINE
  5
112C
330
1B
100
AcDbEntity
  8
F.Silkscreen
  6
CONTINUOUS
100
AcDbLine
 10
6.0134286614173229
 20
-3.5797274803149604
 30
0
 11
6.0113107480314962
 21
-3.5788198031496061
 31
0
  0
LINE
  5
112D
330
1B
100
AcDbEntity
  8
F.Silkscreen
  6
CONTINUOUS
100
AcDbLine
 10
6.0113107480314962
 20
-3.5788198031496061
 30
0
 11
6.0097014173228347
 21
-3.5771707086614173
 31
0
  0
LINE
  5
112E
330
1B
100
AcDbEntity
  8
F.Silkscreen
  6
CONTINUOUS
100
AcDbLine
 10
6.0097014173228347
 20
-3.5771707086614173
 30
0
 11
6.0088456692913388
 21
-3.5750313385826771
 31
0
  0
LINE
  5
112F
330
1B
100
AcDbEntity
  8
F.Silkscreen
  6
CONTINUOUS
100
AcDbLine
 10
6.0088456692913388
 20
-3.5750313385826771
 30
0
 11
6.0088737401574805
 21
-3.5727272834645669
 31
0
  0
LINE
  5
1130
330
1B
100
AcDbEntity
  8
F.Silkscreen
  6
CONTINUOUS
100
AcDbLine
 10
6.0088737401574805
 20
-3.5727272834645669
 30
0
 11
6.0092232677165356
 21
-3.5716236220472442
 31
0
  0
LINE
  5
1131
330
1B
100
AcDbEntity
  8
F.Silkscreen
  6
CONTINUOUS
100
AcDbLine
 10
6.0092232677165356
 20
-3.5716236220472442
 30
0
 11
6.0310046850393704
 21
-3.52080031496063
 31
0
  0
LINE
  5
1132
330
1B
100
AcDbEntity
  8
F.Silkscreen
  6
CONTINUOUS
100
AcDbLine
 10
6.0310046850393704
 20
-3.52080031496063
 30
0
 11
6.0005905511811024
 21
-3.52080031496063
 31
0
  0
LINE
  5
1133
330
1B
100
AcDbEntity
  8
F.Silkscreen
  6
CONTINUOUS
100
AcDbLine
 10
6.0005905511811024
 20
-3.52080031496063
 30
0
 11
5.9994384251968507
 21
-3.5206868503937008
 31
0
  0
LINE
  5
1134
330
1B
100
AcDbEntity
  8
F.Silkscreen
  6
CONTINUOUS
100
AcDbLine
 10
5.9994384251968507
 20
-3.5206868503937008
 30
0
 11
5.9973096062992122
 21
-3.5198050393700786
 31
0
  0
LINE
  5
1135
330
1B
100
AcDbEntity
  8
F.Silkscreen
  6
CONTINUOUS
100
AcDbLine
 10
5.9973096062992122
 20
-3.5198050393700786
 30
0
 11
5.9956803149606301
 21
-3.5181757480314961
 31
0
  0
LINE
  5
1136
330
1B
100
AcDbEntity
  8
F.Silkscreen
  6
CONTINUOUS
100
AcDbLine
 10
5.9956803149606301
 20
-3.5181757480314961
 30
0
 11
5.994798503937008
 21
-3.5160469291338581
 31
0
  0
LINE
  5
1137
330
1B
100
AcDbEntity
  8
F.Silkscreen
  6
CONTINUOUS
100
AcDbLine
 10
5.994798503937008
 20
-3.5160469291338581
 30
0
 11
5.994798503937008
 21
-3.5137426771653542
 31
0
  0
LINE
  5
1138
330
1B
100
AcDbEntity
  8
F.Silkscreen
  6
CONTINUOUS
100
AcDbLine
 10
5.994798503937008
 20
-3.5137426771653542
 30
0
 11
5.9956803149606301
 21
-3.5116138582677165
 31
0
  0
LINE
  5
1139
330
1B
100
AcDbEntity
  8
F.Silkscreen
  6
CONTINUOUS
100
AcDbLine
 10
5.9956803149606301
 20
-3.5116138582677165
 30
0
 11
5.9973096062992122
 21
-3.5099845669291336
 31
0
  0
LINE
  5
113A
330
1B
100
AcDbEntity
  8
F.Silkscreen
  6
CONTINUOUS
100
AcDbLine
 10
5.9973096062992122
 20
-3.5099845669291336
 30
0
 11
5.9994384251968507
 21
-3.5091027559055119
 31
0
  0
LINE
  5
113B
330
1B
100
AcDbEntity
  8
F.Silkscreen
  6
CONTINUOUS
100
AcDbLine
 10
5.9994384251968507
 20
-3.5091027559055119
 30
0
 11
6.0005905511811024
 21
-3.5089892913385827
 31
0
  0
LINE
  5
113C
330
1B
100
AcDbEntity
  8
F.Silkscreen
  6
CONTINUOUS
100
AcDbLine
 10
6.0005905511811024
 20
-3.5089892913385827
 30
0
 11
6.0399606299212598
 21
-3.5089892913385827
 31
0
  0
LINE
  5
113D
330
1B
100
AcDbEntity
  8
F.Silkscreen
  6
CONTINUOUS
100
AcDbLine
 10
6.0399606299212598
 20
-3.5089892913385827
 30
0
 11
6.0411127559055116
 21
-3.5091027559055119
 31
0
  0
LINE
  5
113E
330
1B
100
AcDbEntity
  8
F.Silkscreen
  6
CONTINUOUS
100
AcDbLine
 10
5.8797806692913381
 20
-3.5069522047244095
 30
0
 11
5.8815213779527555
 21
-3.5084619685039371
 31
0
  0
LINE
  5
113F
330
1B
100
AcDbEntity
  8
F.Silkscreen
  6
CONTINUOUS
100
AcDbLine
 10
5.8815213779527555
 20
-3.5084619685039371
 30
0
 11
5.8825518503937007
 21
-3.5105228740157481
 31
0
  0
LINE
  5
1140
330
1B
100
AcDbEntity
  8
F.Silkscreen
  6
CONTINUOUS
100
AcDbLine
 10
5.8825518503937007
 20
-3.5105228740157481
 30
0
 11
5.8827151968503939
 21
-3.5128212992125984
 31
0
  0
LINE
  5
1141
330
1B
100
AcDbEntity
  8
F.Silkscreen
  6
CONTINUOUS
100
AcDbLine
 10
5.8827151968503939
 20
-3.5128212992125984
 30
0
 11
5.8824585039370074
 21
-3.5139501968503937
 31
0
  0
LINE
  5
1142
330
1B
100
AcDbEntity
  8
F.Silkscreen
  6
CONTINUOUS
100
AcDbLine
 10
5.8824585039370074
 20
-3.5139501968503937
 30
0
 11
5.8709887401574798
 21
-3.5483593700787401
 31
0
  0
LINE
  5
1143
330
1B
100
AcDbEntity
  8
F.Silkscreen
  6
CONTINUOUS
100
AcDbLine
 10
5.8709887401574798
 20
-3.5483593700787401
 30
0
 11
5.8850112992125982
 21
-3.5483593700787401
 31
0
  0
LINE
  5
1144
330
1B
100
AcDbEntity
  8
F.Silkscreen
  6
CONTINUOUS
100
AcDbLine
 10
5.8850112992125982
 20
-3.5483593700787401
 30
0
 11
5.8850112992125982
 21
-3.534579842519685
 31
0
  0
LINE
  5
1145
330
1B
100
AcDbEntity
  8
F.Silkscreen
  6
CONTINUOUS
100
AcDbLine
 10
5.8850112992125982
 20
-3.534579842519685
 30
0
 11
5.8851247637795279
 21
-3.5334277165354329
 31
0
  0
LINE
  5
1146
330
1B
100
AcDbEntity
  8
F.Silkscreen
  6
CONTINUOUS
100
AcDbLine
 10
5.8851247637795279
 20
-3.5334277165354329
 30
0
 11
5.8860065748031491
 21
-3.5312988976377953
 31
0
  0
LINE
  5
1147
330
1B
100
AcDbEntity
  8
F.Silkscreen
  6
CONTINUOUS
100
AcDbLine
 10
5.8860065748031491
 20
-3.5312988976377953
 30
0
 11
5.8876358661417321
 21
-3.5296696062992123
 31
0
  0
LINE
  5
1148
330
1B
100
AcDbEntity
  8
F.Silkscreen
  6
CONTINUOUS
100
AcDbLine
 10
5.8876358661417321
 20
-3.5296696062992123
 30
0
 11
5.8897646850393697
 21
-3.5287877952755906
 31
0
  0
LINE
  5
1149
330
1B
100
AcDbEntity
  8
F.Silkscreen
  6
CONTINUOUS
100
AcDbLine
 10
5.8897646850393697
 20
-3.5287877952755906
 30
0
 11
5.892068937007874
 21
-3.5287877952755906
 31
0
  0
LINE
  5
114A
330
1B
100
AcDbEntity
  8
F.Silkscreen
  6
CONTINUOUS
100
AcDbLine
 10
5.892068937007874
 20
-3.5287877952755906
 30
0
 11
5.8941977559055116
 21
-3.5296696062992123
 31
0
  0
LINE
  5
114B
330
1B
100
AcDbEntity
  8
F.Silkscreen
  6
CONTINUOUS
100
AcDbLine
 10
5.8941977559055116
 20
-3.5296696062992123
 30
0
 11
5.8958270472440946
 21
-3.5312988976377953
 31
0
  0
LINE
  5
114C
330
1B
100
AcDbEntity
  8
F.Silkscreen
  6
CONTINUOUS
100
AcDbLine
 10
5.8958270472440946
 20
-3.5312988976377953
 30
0
 11
5.8967088582677167
 21
-3.5334277165354329
 31
0
  0
LINE
  5
114D
330
1B
100
AcDbEntity
  8
F.Silkscreen
  6
CONTINUOUS
100
AcDbLine
 10
5.8967088582677167
 20
-3.5334277165354329
 30
0
 11
5.8968223228346455
 21
-3.534579842519685
 31
0
  0
LINE
  5
114E
330
1B
100
AcDbEntity
  8
F.Silkscreen
  6
CONTINUOUS
100
AcDbLine
 10
5.8968223228346455
 20
-3.534579842519685
 30
0
 11
5.8968223228346455
 21
-3.5483593700787401
 31
0
  0
LINE
  5
114F
330
1B
100
AcDbEntity
  8
F.Silkscreen
  6
CONTINUOUS
100
AcDbLine
 10
5.8968223228346455
 20
-3.5483593700787401
 30
0
 11
5.8993532283464569
 21
-3.5483593700787401
 31
0
  0
LINE
  5
1150
330
1B
100
AcDbEntity
  8
F.Silkscreen
  6
CONTINUOUS
100
AcDbLine
 10
5.8993532283464569
 20
-3.5483593700787401
 30
0
 11
5.9005053543307087
 21
-3.5484728346456693
 31
0
  0
LINE
  5
1151
330
1B
100
AcDbEntity
  8
F.Silkscreen
  6
CONTINUOUS
100
AcDbLine
 10
5.9005053543307087
 20
-3.5484728346456693
 30
0
 11
5.9026341732283463
 21
-3.549354645669291
 31
0
  0
LINE
  5
1152
330
1B
100
AcDbEntity
  8
F.Silkscreen
  6
CONTINUOUS
100
AcDbLine
 10
5.9026341732283463
 20
-3.549354645669291
 30
0
 11
5.9042634645669292
 21
-3.550983937007874
 31
0
  0
LINE
  5
1153
330
1B
100
AcDbEntity
  8
F.Silkscreen
  6
CONTINUOUS
100
AcDbLine
 10
5.9042634645669292
 20
-3.550983937007874
 30
0
 11
5.9051452755905514
 21
-3.5531127559055116
 31
0
  0
LINE
  5
1154
330
1B
100
AcDbEntity
  8
F.Silkscreen
  6
CONTINUOUS
100
AcDbLine
 10
5.9051452755905514
 20
-3.5531127559055116
 30
0
 11
5.9051452755905514
 21
-3.5554170078740155
 31
0
  0
LINE
  5
1155
330
1B
100
AcDbEntity
  8
F.Silkscreen
  6
CONTINUOUS
100
AcDbLine
 10
5.9051452755905514
 20
-3.5554170078740155
 30
0
 11
5.9042634645669292
 21
-3.5575458267716535
 31
0
  0
LINE
  5
1156
330
1B
100
AcDbEntity
  8
F.Silkscreen
  6
CONTINUOUS
100
AcDbLine
 10
5.9042634645669292
 20
-3.5575458267716535
 30
0
 11
5.9026341732283463
 21
-3.559175118110236
 31
0
  0
LINE
  5
1157
330
1B
100
AcDbEntity
  8
F.Silkscreen
  6
CONTINUOUS
100
AcDbLine
 10
5.9026341732283463
 20
-3.559175118110236
 30
0
 11
5.9005053543307087
 21
-3.5600569291338582
 31
0
  0
LINE
  5
1158
330
1B
100
AcDbEntity
  8
F.Silkscreen
  6
CONTINUOUS
100
AcDbLine
 10
5.9005053543307087
 20
-3.5600569291338582
 30
0
 11
5.8993532283464569
 21
-3.5601703937007874
 31
0
  0
LINE
  5
1159
330
1B
100
AcDbEntity
  8
F.Silkscreen
  6
CONTINUOUS
100
AcDbLine
 10
5.8993532283464569
 20
-3.5601703937007874
 30
0
 11
5.8968223228346455
 21
-3.5601703937007874
 31
0
  0
LINE
  5
115A
330
1B
100
AcDbEntity
  8
F.Silkscreen
  6
CONTINUOUS
100
AcDbLine
 10
5.8968223228346455
 20
-3.5601703937007874
 30
0
 11
5.8968223228346455
 21
-3.5739499212598425
 31
0
  0
LINE
  5
115B
330
1B
100
AcDbEntity
  8
F.Silkscreen
  6
CONTINUOUS
100
AcDbLine
 10
5.8968223228346455
 20
-3.5739499212598425
 30
0
 11
5.8967088582677167
 21
-3.5751020472440942
 31
0
  0
LINE
  5
115C
330
1B
100
AcDbEntity
  8
F.Silkscreen
  6
CONTINUOUS
100
AcDbLine
 10
5.8967088582677167
 20
-3.5751020472440942
 30
0
 11
5.8958270472440946
 21
-3.5772308661417322
 31
0
  0
LINE
  5
115D
330
1B
100
AcDbEntity
  8
F.Silkscreen
  6
CONTINUOUS
100
AcDbLine
 10
5.8958270472440946
 20
-3.5772308661417322
 30
0
 11
5.8941977559055116
 21
-3.5788601574803147
 31
0
  0
LINE
  5
115E
330
1B
100
AcDbEntity
  8
F.Silkscreen
  6
CONTINUOUS
100
AcDbLine
 10
5.8941977559055116
 20
-3.5788601574803147
 30
0
 11
5.892068937007874
 21
-3.5797419685039369
 31
0
  0
LINE
  5
115F
330
1B
100
AcDbEntity
  8
F.Silkscreen
  6
CONTINUOUS
100
AcDbLine
 10
5.892068937007874
 20
-3.5797419685039369
 30
0
 11
5.8897646850393697
 21
-3.5797419685039369
 31
0
  0
LINE
  5
1160
330
1B
100
AcDbEntity
  8
F.Silkscreen
  6
CONTINUOUS
100
AcDbLine
 10
5.8897646850393697
 20
-3.5797419685039369
 30
0
 11
5.8876358661417321
 21
-3.5788601574803147
 31
0
  0
LINE
  5
1161
330
1B
100
AcDbEntity
  8
F.Silkscreen
  6
CONTINUOUS
100
AcDbLine
 10
5.8876358661417321
 20
-3.5788601574803147
 30
0
 11
5.8860065748031491
 21
-3.5772308661417322
 31
0
  0
LINE
  5
1162
330
1B
100
AcDbEntity
  8
F.Silkscreen
  6
CONTINUOUS
100
AcDbLine
 10
5.8860065748031491
 20
-3.5772308661417322
 30
0
 11
5.8851247637795279
 21
-3.5751020472440942
 31
0
  0
LINE
  5
1163
330
1B
100
AcDbEntity
  8
F.Silkscreen
  6
CONTINUOUS
100
AcDbLine
 10
5.8851247637795279
 20
-3.5751020472440942
 30
0
 11
5.8850112992125982
 21
-3.5739499212598425
 31
0
  0
LINE
  5
1164
330
1B
100
AcDbEntity
  8
F.Silkscreen
  6
CONTINUOUS
100
AcDbLine
 10
5.8850112992125982
 20
-3.5739499212598425
 30
0
 11
5.8850112992125982
 21
-3.5601703937007874
 31
0
  0
LINE
  5
1165
330
1B
100
AcDbEntity
  8
F.Silkscreen
  6
CONTINUOUS
100
AcDbLine
 10
5.8850112992125982
 20
-3.5601703937007874
 30
0
 11
5.8627953149606302
 21
-3.5601703937007874
 31
0
  0
LINE
  5
1166
330
1B
100
AcDbEntity
  8
F.Silkscreen
  6
CONTINUOUS
100
AcDbLine
 10
5.8627953149606302
 20
-3.5601703937007874
 30
0
 11
5.8622121653543307
 21
-3.5601129527559054
 31
0
  0
LINE
  5
1167
330
1B
100
AcDbEntity
  8
F.Silkscreen
  6
CONTINUOUS
100
AcDbLine
 10
5.8622121653543307
 20
-3.5601129527559054
 30
0
 11
5.8620566929133853
 21
-3.5601240157480314
 31
0
  0
LINE
  5
1168
330
1B
100
AcDbEntity
  8
F.Silkscreen
  6
CONTINUOUS
100
AcDbLine
 10
5.8620566929133853
 20
-3.5601240157480314
 30
0
 11
5.8619444094488191
 21
-3.5600865748031496
 31
0
  0
LINE
  5
1169
330
1B
100
AcDbEntity
  8
F.Silkscreen
  6
CONTINUOUS
100
AcDbLine
 10
5.8619444094488191
 20
-3.5600865748031496
 30
0
 11
5.8616431889763776
 21
-3.5600569291338582
 31
0
  0
LINE
  5
116A
330
1B
100
AcDbEntity
  8
F.Silkscreen
  6
CONTINUOUS
100
AcDbLine
 10
5.8616431889763776
 20
-3.5600569291338582
 30
0
 11
5.8607685826771654
 21
-3.5596946456692913
 31
0
  0
LINE
  5
116B
330
1B
100
AcDbEntity
  8
F.Silkscreen
  6
CONTINUOUS
100
AcDbLine
 10
5.8607685826771654
 20
-3.5596946456692913
 30
0
 11
5.8598707086614175
 21
-3.5593953543307086
 31
0
  0
LINE
  5
116C
330
1B
100
AcDbEntity
  8
F.Silkscreen
  6
CONTINUOUS
100
AcDbLine
 10
5.8598707086614175
 20
-3.5593953543307086
 30
0
 11
5.8597103937007873
 21
-3.5592562992125982
 31
0
  0
LINE
  5
116D
330
1B
100
AcDbEntity
  8
F.Silkscreen
  6
CONTINUOUS
100
AcDbLine
 10
5.8597103937007873
 20
-3.5592562992125982
 30
0
 11
5.85951437007874
 21
-3.559175118110236
 31
0
  0
LINE
  5
116E
330
1B
100
AcDbEntity
  8
F.Silkscreen
  6
CONTINUOUS
100
AcDbLine
 10
5.85951437007874
 20
-3.559175118110236
 30
0
 11
5.8588449999999996
 21
-3.5585057480314961
 31
0
  0
LINE
  5
116F
330
1B
100
AcDbEntity
  8
F.Silkscreen
  6
CONTINUOUS
100
AcDbLine
 10
5.8588449999999996
 20
-3.5585057480314961
 30
0
 11
5.8581300000000001
 21
-3.5578856299212598
 31
0
  0
LINE
  5
1170
330
1B
100
AcDbEntity
  8
F.Silkscreen
  6
CONTINUOUS
100
AcDbLine
 10
5.8581300000000001
 20
-3.5578856299212598
 30
0
 11
5.8580350787401576
 21
-3.5576958267716536
 31
0
  0
LINE
  5
1171
330
1B
100
AcDbEntity
  8
F.Silkscreen
  6
CONTINUOUS
100
AcDbLine
 10
5.8580350787401576
 20
-3.5576958267716536
 30
0
 11
5.8578850787401571
 21
-3.5575458267716535
 31
0
  0
LINE
  5
1172
330
1B
100
AcDbEntity
  8
F.Silkscreen
  6
CONTINUOUS
100
AcDbLine
 10
5.8578850787401571
 20
-3.5575458267716535
 30
0
 11
5.8575228346456694
 21
-3.5566713385826771
 31
0
  0
LINE
  5
1173
330
1B
100
AcDbEntity
  8
F.Silkscreen
  6
CONTINUOUS
100
AcDbLine
 10
5.8575228346456694
 20
-3.5566713385826771
 30
0
 11
5.8570995275590549
 21
-3.5558247244094487
 31
0
  0
LINE
  5
1174
330
1B
100
AcDbEntity
  8
F.Silkscreen
  6
CONTINUOUS
100
AcDbLine
 10
5.8570995275590549
 20
-3.5558247244094487
 30
0
 11
5.8570844488188971
 21
-3.5556130708661415
 31
0
  0
LINE
  5
1175
330
1B
100
AcDbEntity
  8
F.Silkscreen
  6
CONTINUOUS
100
AcDbLine
 10
5.8570844488188971
 20
-3.5556130708661415
 30
0
 11
5.8570032677165349
 21
-3.5554170078740155
 31
0
  0
LINE
  5
1176
330
1B
100
AcDbEntity
  8
F.Silkscreen
  6
CONTINUOUS
100
AcDbLine
 10
5.8570032677165349
 20
-3.5554170078740155
 30
0
 11
5.8570032677165349
 21
-3.5544702362204723
 31
0
  0
LINE
  5
1177
330
1B
100
AcDbEntity
  8
F.Silkscreen
  6
CONTINUOUS
100
AcDbLine
 10
5.8570032677165349
 20
-3.5544702362204723
 30
0
 11
5.8569361811023617
 21
-3.5535262598425197
 31
0
  0
LINE
  5
1178
330
1B
100
AcDbEntity
  8
F.Silkscreen
  6
CONTINUOUS
100
AcDbLine
 10
5.8569361811023617
 20
-3.5535262598425197
 30
0
 11
5.8570032677165349
 21
-3.553231220472441
 31
0
  0
LINE
  5
1179
330
1B
100
AcDbEntity
  8
F.Silkscreen
  6
CONTINUOUS
100
AcDbLine
 10
5.8570032677165349
 20
-3.553231220472441
 30
0
 11
5.8570032677165349
 21
-3.5531127559055116
 31
0
  0
LINE
  5
117A
330
1B
100
AcDbEntity
  8
F.Silkscreen
  6
CONTINUOUS
100
AcDbLine
 10
5.8570032677165349
 20
-3.5531127559055116
 30
0
 11
5.857062992125984
 21
-3.5529685433070863
 31
0
  0
LINE
  5
117B
330
1B
100
AcDbEntity
  8
F.Silkscreen
  6
CONTINUOUS
100
AcDbLine
 10
5.857062992125984
 20
-3.5529685433070863
 30
0
 11
5.8571928740157482
 21
-3.5523974015748032
 31
0
  0
LINE
  5
117C
330
1B
100
AcDbEntity
  8
F.Silkscreen
  6
CONTINUOUS
100
AcDbLine
 10
5.8571928740157482
 20
-3.5523974015748032
 30
0
 11
5.8712535826771655
 21
-3.5102151968503934
 31
0
  0
LINE
  5
117D
330
1B
100
AcDbEntity
  8
F.Silkscreen
  6
CONTINUOUS
100
AcDbLine
 10
5.8712535826771655
 20
-3.5102151968503934
 30
0
 11
5.8717255905511809
 21
-3.5091580708661416
 31
0
  0
LINE
  5
117E
330
1B
100
AcDbEntity
  8
F.Silkscreen
  6
CONTINUOUS
100
AcDbLine
 10
5.8717255905511809
 20
-3.5091580708661416
 30
0
 11
5.8732353149606302
 21
-3.5074173622047242
 31
0
  0
LINE
  5
117F
330
1B
100
AcDbEntity
  8
F.Silkscreen
  6
CONTINUOUS
100
AcDbLine
 10
5.8732353149606302
 20
-3.5074173622047242
 30
0
 11
5.8752962204724408
 21
-3.5063868897637795
 31
0
  0
LINE
  5
1180
330
1B
100
AcDbEntity
  8
F.Silkscreen
  6
CONTINUOUS
100
AcDbLine
 10
5.8752962204724408
 20
-3.5063868897637795
 30
0
 11
5.8775946456692916
 21
-3.5062235433070867
 31
0
  0
LINE
  5
1181
330
1B
100
AcDbEntity
  8
F.Silkscreen
  6
CONTINUOUS
100
AcDbLine
 10
5.8775946456692916
 20
-3.5062235433070867
 30
0
 11
5.8797806692913381
 21
-3.5069522047244095
 31
0
  0
LINE
  5
1182
330
1B
100
AcDbEntity
  8
F.Silkscreen
  6
CONTINUOUS
100
AcDbLine
 10
5.9238842913385827
 20
-3.5628988188976378
 30
0
 11
5.9251312992125982
 21
-3.5634153543307088
 31
0
  0
LINE
  5
1183
330
1B
100
AcDbEntity
  8
F.Silkscreen
  6
CONTINUOUS
100
AcDbLine
 10
5.9251312992125982
 20
-3.5634153543307088
 30
0
 11
5.9260262204724405
 21
-3.5641498031496064
 31
0
  0
LINE
  5
1184
330
1B
100
AcDbEntity
  8
F.Silkscreen
  6
CONTINUOUS
100
AcDbLine
 10
5.9260262204724405
 20
-3.5641498031496064
 30
0
 11
5.9288383858267713
 21
-3.5669619685039371
 31
0
  0
LINE
  5
1185
330
1B
100
AcDbEntity
  8
F.Silkscreen
  6
CONTINUOUS
100
AcDbLine
 10
5.9288383858267713
 20
-3.5669619685039371
 30
0
 11
5.9295728346456693
 21
-3.5678568897637795
 31
0
  0
LINE
  5
1186
330
1B
100
AcDbEntity
  8
F.Silkscreen
  6
CONTINUOUS
100
AcDbLine
 10
5.9295728346456693
 20
-3.5678568897637795
 30
0
 11
5.9304546062992127
 21
-3.5699857086614171
 31
0
  0
LINE
  5
1187
330
1B
100
AcDbEntity
  8
F.Silkscreen
  6
CONTINUOUS
100
AcDbLine
 10
5.9304546062992127
 20
-3.5699857086614171
 30
0
 11
5.9304546062992127
 21
-3.5722898818897635
 31
0
  0
LINE
  5
1188
330
1B
100
AcDbEntity
  8
F.Silkscreen
  6
CONTINUOUS
100
AcDbLine
 10
5.9304546062992127
 20
-3.5722898818897635
 30
0
 11
5.9295728346456693
 21
-3.5744187007874015
 31
0
  0
LINE
  5
1189
330
1B
100
AcDbEntity
  8
F.Silkscreen
  6
CONTINUOUS
100
AcDbLine
 10
5.9295728346456693
 20
-3.5744187007874015
 30
0
 11
5.9295727952755906
 21
-3.5744187401574803
 31
0
  0
LINE
  5
118A
330
1B
100
AcDbEntity
  8
F.Silkscreen
  6
CONTINUOUS
100
AcDbLine
 10
5.9295727952755906
 20
-3.5744187401574803
 30
0
 11
5.9288383464566925
 21
-3.5753136614173227
 31
0
  0
LINE
  5
118B
330
1B
100
AcDbEntity
  8
F.Silkscreen
  6
CONTINUOUS
100
AcDbLine
 10
5.9288383464566925
 20
-3.5753136614173227
 30
0
 11
5.9260261811023618
 21
-3.5781257874015746
 31
0
  0
LINE
  5
118C
330
1B
100
AcDbEntity
  8
F.Silkscreen
  6
CONTINUOUS
100
AcDbLine
 10
5.9260261811023618
 20
-3.5781257874015746
 30
0
 11
5.9251314566929132
 21
-3.5788599999999997
 31
0
  0
LINE
  5
118D
330
1B
100
AcDbEntity
  8
F.Silkscreen
  6
CONTINUOUS
100
AcDbLine
 10
5.9251314566929132
 20
-3.5788599999999997
 30
0
 11
5.9251312992125982
 21
-3.5788601968503935
 31
0
  0
LINE
  5
118E
330
1B
100
AcDbEntity
  8
F.Silkscreen
  6
CONTINUOUS
100
AcDbLine
 10
5.9251312992125982
 20
-3.5788601968503935
 30
0
 11
5.9245996456692911
 21
-3.5790803937007873
 31
0
  0
LINE
  5
118F
330
1B
100
AcDbEntity
  8
F.Silkscreen
  6
CONTINUOUS
100
AcDbLine
 10
5.9245996456692911
 20
-3.5790803937007873
 30
0
 11
5.9230025196850393
 21
-3.5797419685039369
 31
0
  0
LINE
  5
1190
330
1B
100
AcDbEntity
  8
F.Silkscreen
  6
CONTINUOUS
100
AcDbLine
 10
5.9230025196850393
 20
-3.5797419685039369
 30
0
 11
5.920698267716535
 21
-3.5797419685039369
 31
0
  0
LINE
  5
1191
330
1B
100
AcDbEntity
  8
F.Silkscreen
  6
CONTINUOUS
100
AcDbLine
 10
5.920698267716535
 20
-3.5797419685039369
 30
0
 11
5.9194512204724408
 21
-3.5792253937007872
 31
0
  0
LINE
  5
1192
330
1B
100
AcDbEntity
  8
F.Silkscreen
  6
CONTINUOUS
100
AcDbLine
 10
5.9194512204724408
 20
-3.5792253937007872
 30
0
 11
5.9185694488188973
 21
-3.5788601968503935
 31
0
  0
LINE
  5
1193
330
1B
100
AcDbEntity
  8
F.Silkscreen
  6
CONTINUOUS
100
AcDbLine
 10
5.9185694488188973
 20
-3.5788601968503935
 30
0
 11
5.9176745669291337
 21
-3.5781257480314959
 31
0
  0
LINE
  5
1194
330
1B
100
AcDbEntity
  8
F.Silkscreen
  6
CONTINUOUS
100
AcDbLine
 10
5.9176745669291337
 20
-3.5781257480314959
 30
0
 11
5.9148624409448818
 21
-3.5753136220472439
 31
0
  0
LINE
  5
1195
330
1B
100
AcDbEntity
  8
F.Silkscreen
  6
CONTINUOUS
100
AcDbLine
 10
5.9148624409448818
 20
-3.5753136220472439
 30
0
 11
5.9141279921259837
 21
-3.5744187007874015
 31
0
  0
LINE
  5
1196
330
1B
100
AcDbEntity
  8
F.Silkscreen
  6
CONTINUOUS
100
AcDbLine
 10
5.9141279921259837
 20
-3.5744187007874015
 30
0
 11
5.9133338582677162
 21
-3.5725014566929132
 31
0
  0
LINE
  5
1197
330
1B
100
AcDbEntity
  8
F.Silkscreen
  6
CONTINUOUS
100
AcDbLine
 10
5.9133338582677162
 20
-3.5725014566929132
 30
0
 11
5.9132462204724412
 21
-3.5722899212598422
 31
0
  0
LINE
  5
1198
330
1B
100
AcDbEntity
  8
F.Silkscreen
  6
CONTINUOUS
100
AcDbLine
 10
5.9132462204724412
 20
-3.5722899212598422
 30
0
 11
5.9132462204724412
 21
-3.5699857480314958
 31
0
  0
LINE
  5
1199
330
1B
100
AcDbEntity
  8
F.Silkscreen
  6
CONTINUOUS
100
AcDbLine
 10
5.9132462204724412
 20
-3.5699857480314958
 30
0
 11
5.9133338976377949
 21
-3.5697740944881891
 31
0
  0
LINE
  5
119A
330
1B
100
AcDbEntity
  8
F.Silkscreen
  6
CONTINUOUS
100
AcDbLine
 10
5.9133338976377949
 20
-3.5697740944881891
 30
0
 11
5.9141279921259837
 21
-3.5678568897637795
 31
0
  0
LINE
  5
119B
330
1B
100
AcDbEntity
  8
F.Silkscreen
  6
CONTINUOUS
100
AcDbLine
 10
5.9141279921259837
 20
-3.5678568897637795
 30
0
 11
5.9141281496062987
 21
-3.5678566929133857
 31
0
  0
LINE
  5
119C
330
1B
100
AcDbEntity
  8
F.Silkscreen
  6
CONTINUOUS
100
AcDbLine
 10
5.9141281496062987
 20
-3.5678566929133857
 30
0
 11
5.914862401574803
 21
-3.5669620078740158
 31
0
  0
LINE
  5
119D
330
1B
100
AcDbEntity
  8
F.Silkscreen
  6
CONTINUOUS
100
AcDbLine
 10
5.914862401574803
 20
-3.5669620078740158
 30
0
 11
5.917674527559055
 21
-3.5641498425196851
 31
0
  0
LINE
  5
119E
330
1B
100
AcDbEntity
  8
F.Silkscreen
  6
CONTINUOUS
100
AcDbLine
 10
5.917674527559055
 20
-3.5641498425196851
 30
0
 11
5.9185694488188973
 21
-3.5634153937007875
 31
0
  0
LINE
  5
119F
330
1B
100
AcDbEntity
  8
F.Silkscreen
  6
CONTINUOUS
100
AcDbLine
 10
5.9185694488188973
 20
-3.5634153937007875
 30
0
 11
5.9185694881889761
 21
-3.5634153543307088
 31
0
  0
LINE
  5
11A0
330
1B
100
AcDbEntity
  8
F.Silkscreen
  6
CONTINUOUS
100
AcDbLine
 10
5.9185694881889761
 20
-3.5634153543307088
 30
0
 11
5.9198164960629924
 21
-3.5628988188976378
 31
0
  0
LINE
  5
11A1
330
1B
100
AcDbEntity
  8
F.Silkscreen
  6
CONTINUOUS
100
AcDbLine
 10
5.9198164960629924
 20
-3.5628988188976378
 30
0
 11
5.920698267716535
 21
-3.5625335826771654
 31
0
  0
LINE
  5
11A2
330
1B
100
AcDbEntity
  8
F.Silkscreen
  6
CONTINUOUS
100
AcDbLine
 10
5.920698267716535
 20
-3.5625335826771654
 30
0
 11
5.9230025196850393
 21
-3.5625335826771654
 31
0
  0
LINE
  5
11A3
330
1B
100
AcDbEntity
  8
F.Silkscreen
  6
CONTINUOUS
100
AcDbLine
 10
5.9230025196850393
 20
-3.5625335826771654
 30
0
 11
5.9238842913385827
 21
-3.5628988188976378
 31
0
  0
LINE
  5
11A4
330
1B
100
AcDbEntity
  8
F.Silkscreen
  6
CONTINUOUS
100
AcDbLine
 10
6.2379631102362207
 20
-3.5287877952755906
 30
0
 11
6.2381591732283459
 21
-3.5288690157480316
 31
0
  0
LINE
  5
11A5
330
1B
100
AcDbEntity
  8
F.Silkscreen
  6
CONTINUOUS
100
AcDbLine
 10
6.2381591732283459
 20
-3.5288690157480316
 30
0
 11
6.2383707874015748
 21
-3.5288840551181102
 31
0
  0
LINE
  5
11A6
330
1B
100
AcDbEntity
  8
F.Silkscreen
  6
CONTINUOUS
100
AcDbLine
 10
6.2383707874015748
 20
-3.5288840551181102
 30
0
 11
6.2394520078740152
 21
-3.5292977952755904
 31
0
  0
LINE
  5
11A7
330
1B
100
AcDbEntity
  8
F.Silkscreen
  6
CONTINUOUS
100
AcDbLine
 10
6.2394520078740152
 20
-3.5292977952755904
 30
0
 11
6.2450762992125979
 21
-3.5321099606299211
 31
0
  0
LINE
  5
11A8
330
1B
100
AcDbEntity
  8
F.Silkscreen
  6
CONTINUOUS
100
AcDbLine
 10
6.2450762992125979
 20
-3.5321099606299211
 30
0
 11
6.2452474015748027
 21
-3.5322176377952754
 31
0
  0
LINE
  5
11A9
330
1B
100
AcDbEntity
  8
F.Silkscreen
  6
CONTINUOUS
100
AcDbLine
 10
6.2452474015748027
 20
-3.5322176377952754
 30
0
 11
6.2454185433070863
 21
-3.5321099606299211
 31
0
  0
LINE
  5
11AA
330
1B
100
AcDbEntity
  8
F.Silkscreen
  6
CONTINUOUS
100
AcDbLine
 10
6.2454185433070863
 20
-3.5321099606299211
 30
0
 11
6.2510427952755903
 21
-3.5292977952755904
 31
0
  0
LINE
  5
11AB
330
1B
100
AcDbEntity
  8
F.Silkscreen
  6
CONTINUOUS
100
AcDbLine
 10
6.2510427952755903
 20
-3.5292977952755904
 30
0
 11
6.2521240551181103
 21
-3.5288840551181102
 31
0
  0
LINE
  5
11AC
330
1B
100
AcDbEntity
  8
F.Silkscreen
  6
CONTINUOUS
100
AcDbLine
 10
6.2521240551181103
 20
-3.5288840551181102
 30
0
 11
6.2523356299212596
 21
-3.5288690157480316
 31
0
  0
LINE
  5
11AD
330
1B
100
AcDbEntity
  8
F.Silkscreen
  6
CONTINUOUS
100
AcDbLine
 10
6.2523356299212596
 20
-3.5288690157480316
 30
0
 11
6.2525317322834644
 21
-3.5287877952755906
 31
0
  0
LINE
  5
11AE
330
1B
100
AcDbEntity
  8
F.Silkscreen
  6
CONTINUOUS
100
AcDbLine
 10
6.2525317322834644
 20
-3.5287877952755906
 30
0
 11
6.2536838582677161
 21
-3.5286743307086614
 31
0
  0
LINE
  5
11AF
330
1B
100
AcDbEntity
  8
F.Silkscreen
  6
CONTINUOUS
100
AcDbLine
 10
6.2536838582677161
 20
-3.5286743307086614
 30
0
 11
6.2621203149606295
 21
-3.5286743307086614
 31
0
  0
LINE
  5
11B0
330
1B
100
AcDbEntity
  8
F.Silkscreen
  6
CONTINUOUS
100
AcDbLine
 10
6.2621203149606295
 20
-3.5286743307086614
 30
0
 11
6.2632724409448821
 21
-3.5287877952755906
 31
0
  0
LINE
  5
11B1
330
1B
100
AcDbEntity
  8
F.Silkscreen
  6
CONTINUOUS
100
AcDbLine
 10
6.2632724409448821
 20
-3.5287877952755906
 30
0
 11
6.2634685039370082
 21
-3.5288690157480316
 31
0
  0
LINE
  5
11B2
330
1B
100
AcDbEntity
  8
F.Silkscreen
  6
CONTINUOUS
100
AcDbLine
 10
6.2634685039370082
 20
-3.5288690157480316
 30
0
 11
6.2636801181102362
 21
-3.5288840551181102
 31
0
  0
LINE
  5
11B3
330
1B
100
AcDbEntity
  8
F.Silkscreen
  6
CONTINUOUS
100
AcDbLine
 10
6.2636801181102362
 20
-3.5288840551181102
 30
0
 11
6.2647613385826766
 21
-3.5292977952755904
 31
0
  0
LINE
  5
11B4
330
1B
100
AcDbEntity
  8
F.Silkscreen
  6
CONTINUOUS
100
AcDbLine
 10
6.2647613385826766
 20
-3.5292977952755904
 30
0
 11
6.2703856299212601
 21
-3.5321099606299211
 31
0
  0
LINE
  5
11B5
330
1B
100
AcDbEntity
  8
F.Silkscreen
  6
CONTINUOUS
100
AcDbLine
 10
6.2703856299212601
 20
-3.5321099606299211
 30
0
 11
6.2705781496062993
 21
-3.5322311417322836
 31
0
  0
LINE
  5
11B6
330
1B
100
AcDbEntity
  8
F.Silkscreen
  6
CONTINUOUS
100
AcDbLine
 10
6.2705781496062993
 20
-3.5322311417322836
 30
0
 11
6.2706691732283462
 21
-3.5322614960629921
 31
0
  0
LINE
  5
11B7
330
1B
100
AcDbEntity
  8
F.Silkscreen
  6
CONTINUOUS
100
AcDbLine
 10
6.2706691732283462
 20
-3.5322614960629921
 30
0
 11
6.2707824803149608
 21
-3.5323597637795277
 31
0
  0
LINE
  5
11B8
330
1B
100
AcDbEntity
  8
F.Silkscreen
  6
CONTINUOUS
100
AcDbLine
 10
6.2707824803149608
 20
-3.5323597637795277
 30
0
 11
6.2713653937007869
 21
-3.5327266929133856
 31
0
  0
LINE
  5
11B9
330
1B
100
AcDbEntity
  8
F.Silkscreen
  6
CONTINUOUS
100
AcDbLine
 10
6.2713653937007869
 20
-3.5327266929133856
 30
0
 11
6.2718504724409447
 21
-3.5332860236220474
 31
0
  0
LINE
  5
11BA
330
1B
100
AcDbEntity
  8
F.Silkscreen
  6
CONTINUOUS
100
AcDbLine
 10
6.2718504724409447
 20
-3.5332860236220474
 30
0
 11
6.2724099212598423
 21
-3.533771220472441
 31
0
  0
LINE
  5
11BB
330
1B
100
AcDbEntity
  8
F.Silkscreen
  6
CONTINUOUS
100
AcDbLine
 10
6.2724099212598423
 20
-3.533771220472441
 30
0
 11
6.2727769291338582
 21
-3.5343542519685038
 31
0
  0
LINE
  5
11BC
330
1B
100
AcDbEntity
  8
F.Silkscreen
  6
CONTINUOUS
100
AcDbLine
 10
6.2727769291338582
 20
-3.5343542519685038
 30
0
 11
6.2728750787401575
 21
-3.5344674409448817
 31
0
  0
LINE
  5
11BD
330
1B
100
AcDbEntity
  8
F.Silkscreen
  6
CONTINUOUS
100
AcDbLine
 10
6.2728750787401575
 20
-3.5344674409448817
 30
0
 11
6.2729053543307085
 21
-3.5345582677165353
 31
0
  0
LINE
  5
11BE
330
1B
100
AcDbEntity
  8
F.Silkscreen
  6
CONTINUOUS
100
AcDbLine
 10
6.2729053543307085
 20
-3.5345582677165353
 30
0
 11
6.2730266535433072
 21
-3.5347509842519682
 31
0
  0
LINE
  5
11BF
330
1B
100
AcDbEntity
  8
F.Silkscreen
  6
CONTINUOUS
100
AcDbLine
 10
6.2730266535433072
 20
-3.5347509842519682
 30
0
 11
6.2758388188976379
 21
-3.5403752362204726
 31
0
  0
LINE
  5
11C0
330
1B
100
AcDbEntity
  8
F.Silkscreen
  6
CONTINUOUS
100
AcDbLine
 10
6.2758388188976379
 20
-3.5403752362204726
 30
0
 11
6.2762525590551181
 21
-3.5414564960629922
 31
0
  0
LINE
  5
11C1
330
1B
100
AcDbEntity
  8
F.Silkscreen
  6
CONTINUOUS
100
AcDbLine
 10
6.2762525590551181
 20
-3.5414564960629922
 30
0
 11
6.2762675590551176
 21
-3.5416680708661414
 31
0
  0
LINE
  5
11C2
330
1B
100
AcDbEntity
  8
F.Silkscreen
  6
CONTINUOUS
100
AcDbLine
 10
6.2762675590551176
 20
-3.5416680708661414
 30
0
 11
6.2763488188976373
 21
-3.5418641732283462
 31
0
  0
LINE
  5
11C3
330
1B
100
AcDbEntity
  8
F.Silkscreen
  6
CONTINUOUS
100
AcDbLine
 10
6.2763488188976373
 20
-3.5418641732283462
 30
0
 11
6.2764622834645669
 21
-3.5430162992125984
 31
0
  0
LINE
  5
11C4
330
1B
100
AcDbEntity
  8
F.Silkscreen
  6
CONTINUOUS
100
AcDbLine
 10
6.2764622834645669
 20
-3.5430162992125984
 30
0
 11
6.2764622834645669
 21
-3.5739499212598425
 31
0
  0
LINE
  5
11C5
330
1B
100
AcDbEntity
  8
F.Silkscreen
  6
CONTINUOUS
100
AcDbLine
 10
6.2764622834645669
 20
-3.5739499212598425
 30
0
 11
6.2763488188976373
 21
-3.5751020472440942
 31
0
  0
LINE
  5
11C6
330
1B
100
AcDbEntity
  8
F.Silkscreen
  6
CONTINUOUS
100
AcDbLine
 10
6.2763488188976373
 20
-3.5751020472440942
 30
0
 11
6.275467007874016
 21
-3.5772308661417322
 31
0
  0
LINE
  5
11C7
330
1B
100
AcDbEntity
  8
F.Silkscreen
  6
CONTINUOUS
100
AcDbLine
 10
6.275467007874016
 20
-3.5772308661417322
 30
0
 11
6.2738377165354331
 21
-3.5788601574803147
 31
0
  0
LINE
  5
11C8
330
1B
100
AcDbEntity
  8
F.Silkscreen
  6
CONTINUOUS
100
AcDbLine
 10
6.2738377165354331
 20
-3.5788601574803147
 30
0
 11
6.2717088976377955
 21
-3.5797419685039369
 31
0
  0
LINE
  5
11C9
330
1B
100
AcDbEntity
  8
F.Silkscreen
  6
CONTINUOUS
100
AcDbLine
 10
6.2717088976377955
 20
-3.5797419685039369
 30
0
 11
6.2694046456692911
 21
-3.5797419685039369
 31
0
  0
LINE
  5
11CA
330
1B
100
AcDbEntity
  8
F.Silkscreen
  6
CONTINUOUS
100
AcDbLine
 10
6.2694046456692911
 20
-3.5797419685039369
 30
0
 11
6.2672758267716535
 21
-3.5788601574803147
 31
0
  0
LINE
  5
11CB
330
1B
100
AcDbEntity
  8
F.Silkscreen
  6
CONTINUOUS
100
AcDbLine
 10
6.2672758267716535
 20
-3.5788601574803147
 30
0
 11
6.2656465354330706
 21
-3.5772308661417322
 31
0
  0
LINE
  5
11CC
330
1B
100
AcDbEntity
  8
F.Silkscreen
  6
CONTINUOUS
100
AcDbLine
 10
6.2656465354330706
 20
-3.5772308661417322
 30
0
 11
6.2647647244094484
 21
-3.5751020472440942
 31
0
  0
LINE
  5
11CD
330
1B
100
AcDbEntity
  8
F.Silkscreen
  6
CONTINUOUS
100
AcDbLine
 10
6.2647647244094484
 20
-3.5751020472440942
 30
0
 11
6.2646512598425197
 21
-3.5739499212598425
 31
0
  0
LINE
  5
11CE
330
1B
100
AcDbEntity
  8
F.Silkscreen
  6
CONTINUOUS
100
AcDbLine
 10
6.2646512598425197
 20
-3.5739499212598425
 30
0
 11
6.2646512598425197
 21
-3.5444103937007871
 31
0
  0
LINE
  5
11CF
330
1B
100
AcDbEntity
  8
F.Silkscreen
  6
CONTINUOUS
100
AcDbLine
 10
6.2646512598425197
 20
-3.5444103937007871
 30
0
 11
6.2633429133858263
 21
-3.5417937007874016
 31
0
  0
LINE
  5
11D0
330
1B
100
AcDbEntity
  8
F.Silkscreen
  6
CONTINUOUS
100
AcDbLine
 10
6.2633429133858263
 20
-3.5417937007874016
 30
0
 11
6.2607262204724412
 21
-3.5404853543307087
 31
0
  0
LINE
  5
11D1
330
1B
100
AcDbEntity
  8
F.Silkscreen
  6
CONTINUOUS
100
AcDbLine
 10
6.2607262204724412
 20
-3.5404853543307087
 30
0
 11
6.2550779527559053
 21
-3.5404853543307087
 31
0
  0
LINE
  5
11D2
330
1B
100
AcDbEntity
  8
F.Silkscreen
  6
CONTINUOUS
100
AcDbLine
 10
6.2550779527559053
 20
-3.5404853543307087
 30
0
 11
6.2524612598425193
 21
-3.5417937007874016
 31
0
  0
LINE
  5
11D3
330
1B
100
AcDbEntity
  8
F.Silkscreen
  6
CONTINUOUS
100
AcDbLine
 10
6.2524612598425193
 20
-3.5417937007874016
 30
0
 11
6.2511529527559055
 21
-3.5444103543307084
 31
0
  0
LINE
  5
11D4
330
1B
100
AcDbEntity
  8
F.Silkscreen
  6
CONTINUOUS
100
AcDbLine
 10
6.2511529527559055
 20
-3.5444103543307084
 30
0
 11
6.2511529527559055
 21
-3.5739499212598425
 31
0
  0
LINE
  5
11D5
330
1B
100
AcDbEntity
  8
F.Silkscreen
  6
CONTINUOUS
100
AcDbLine
 10
6.2511529527559055
 20
-3.5739499212598425
 30
0
 11
6.2510394881889759
 21
-3.5751020472440942
 31
0
  0
LINE
  5
11D6
330
1B
100
AcDbEntity
  8
F.Silkscreen
  6
CONTINUOUS
100
AcDbLine
 10
6.2510394881889759
 20
-3.5751020472440942
 30
0
 11
6.2501576771653538
 21
-3.5772308661417322
 31
0
  0
LINE
  5
11D7
330
1B
100
AcDbEntity
  8
F.Silkscreen
  6
CONTINUOUS
100
AcDbLine
 10
6.2501576771653538
 20
-3.5772308661417322
 30
0
 11
6.2485283858267717
 21
-3.5788601574803147
 31
0
  0
LINE
  5
11D8
330
1B
100
AcDbEntity
  8
F.Silkscreen
  6
CONTINUOUS
100
AcDbLine
 10
6.2485283858267717
 20
-3.5788601574803147
 30
0
 11
6.2463995669291341
 21
-3.5797419685039369
 31
0
  0
LINE
  5
11D9
330
1B
100
AcDbEntity
  8
F.Silkscreen
  6
CONTINUOUS
100
AcDbLine
 10
6.2463995669291341
 20
-3.5797419685039369
 30
0
 11
6.2440953149606298
 21
-3.5797419685039369
 31
0
  0
LINE
  5
11DA
330
1B
100
AcDbEntity
  8
F.Silkscreen
  6
CONTINUOUS
100
AcDbLine
 10
6.2440953149606298
 20
-3.5797419685039369
 30
0
 11
6.2419664960629921
 21
-3.5788601574803147
 31
0
  0
LINE
  5
11DB
330
1B
100
AcDbEntity
  8
F.Silkscreen
  6
CONTINUOUS
100
AcDbLine
 10
6.2419664960629921
 20
-3.5788601574803147
 30
0
 11
6.2403372047244092
 21
-3.5772308661417322
 31
0
  0
LINE
  5
11DC
330
1B
100
AcDbEntity
  8
F.Silkscreen
  6
CONTINUOUS
100
AcDbLine
 10
6.2403372047244092
 20
-3.5772308661417322
 30
0
 11
6.2394553937007871
 21
-3.5751020472440942
 31
0
  0
LINE
  5
11DD
330
1B
100
AcDbEntity
  8
F.Silkscreen
  6
CONTINUOUS
100
AcDbLine
 10
6.2394553937007871
 20
-3.5751020472440942
 30
0
 11
6.2393419291338583
 21
-3.5739499212598425
 31
0
  0
LINE
  5
11DE
330
1B
100
AcDbEntity
  8
F.Silkscreen
  6
CONTINUOUS
100
AcDbLine
 10
6.2393419291338583
 20
-3.5739499212598425
 30
0
 11
6.2393419291338583
 21
-3.5444103937007871
 31
0
  0
LINE
  5
11DF
330
1B
100
AcDbEntity
  8
F.Silkscreen
  6
CONTINUOUS
100
AcDbLine
 10
6.2393419291338583
 20
-3.5444103937007871
 30
0
 11
6.2380335826771649
 21
-3.5417937007874016
 31
0
  0
LINE
  5
11E0
330
1B
100
AcDbEntity
  8
F.Silkscreen
  6
CONTINUOUS
100
AcDbLine
 10
6.2380335826771649
 20
-3.5417937007874016
 30
0
 11
6.2354168897637789
 21
-3.5404853543307087
 31
0
  0
LINE
  5
11E1
330
1B
100
AcDbEntity
  8
F.Silkscreen
  6
CONTINUOUS
100
AcDbLine
 10
6.2354168897637789
 20
-3.5404853543307087
 30
0
 11
6.2297686220472439
 21
-3.5404853543307087
 31
0
  0
LINE
  5
11E2
330
1B
100
AcDbEntity
  8
F.Silkscreen
  6
CONTINUOUS
100
AcDbLine
 10
6.2297686220472439
 20
-3.5404853543307087
 30
0
 11
6.2262483858267714
 21
-3.5422454724409449
 31
0
  0
LINE
  5
11E3
330
1B
100
AcDbEntity
  8
F.Silkscreen
  6
CONTINUOUS
100
AcDbLine
 10
6.2262483858267714
 20
-3.5422454724409449
 30
0
 11
6.2258435826771654
 21
-3.5426502755905509
 31
0
  0
LINE
  5
11E4
330
1B
100
AcDbEntity
  8
F.Silkscreen
  6
CONTINUOUS
100
AcDbLine
 10
6.2258435826771654
 20
-3.5426502755905509
 30
0
 11
6.2258435826771654
 21
-3.5739499212598425
 31
0
  0
LINE
  5
11E5
330
1B
100
AcDbEntity
  8
F.Silkscreen
  6
CONTINUOUS
100
AcDbLine
 10
6.2258435826771654
 20
-3.5739499212598425
 30
0
 11
6.2257301181102358
 21
-3.5751020472440942
 31
0
  0
LINE
  5
11E6
330
1B
100
AcDbEntity
  8
F.Silkscreen
  6
CONTINUOUS
100
AcDbLine
 10
6.2257301181102358
 20
-3.5751020472440942
 30
0
 11
6.2248483070866136
 21
-3.5772308661417322
 31
0
  0
LINE
  5
11E7
330
1B
100
AcDbEntity
  8
F.Silkscreen
  6
CONTINUOUS
100
AcDbLine
 10
6.2248483070866136
 20
-3.5772308661417322
 30
0
 11
6.2232190157480316
 21
-3.5788601574803147
 31
0
  0
LINE
  5
11E8
330
1B
100
AcDbEntity
  8
F.Silkscreen
  6
CONTINUOUS
100
AcDbLine
 10
6.2232190157480316
 20
-3.5788601574803147
 30
0
 11
6.221090196850394
 21
-3.5797419685039369
 31
0
  0
LINE
  5
11E9
330
1B
100
AcDbEntity
  8
F.Silkscreen
  6
CONTINUOUS
100
AcDbLine
 10
6.221090196850394
 20
-3.5797419685039369
 30
0
 11
6.2187859448818896
 21
-3.5797419685039369
 31
0
  0
LINE
  5
11EA
330
1B
100
AcDbEntity
  8
F.Silkscreen
  6
CONTINUOUS
100
AcDbLine
 10
6.2187859448818896
 20
-3.5797419685039369
 30
0
 11
6.216657125984252
 21
-3.5788601574803147
 31
0
  0
LINE
  5
11EB
330
1B
100
AcDbEntity
  8
F.Silkscreen
  6
CONTINUOUS
100
AcDbLine
 10
6.216657125984252
 20
-3.5788601574803147
 30
0
 11
6.2150278346456691
 21
-3.5772308661417322
 31
0
  0
LINE
  5
11EC
330
1B
100
AcDbEntity
  8
F.Silkscreen
  6
CONTINUOUS
100
AcDbLine
 10
6.2150278346456691
 20
-3.5772308661417322
 30
0
 11
6.2141460236220469
 21
-3.5751020472440942
 31
0
  0
LINE
  5
11ED
330
1B
100
AcDbEntity
  8
F.Silkscreen
  6
CONTINUOUS
100
AcDbLine
 10
6.2141460236220469
 20
-3.5751020472440942
 30
0
 11
6.2140325590551182
 21
-3.5739499212598425
 31
0
  0
LINE
  5
11EE
330
1B
100
AcDbEntity
  8
F.Silkscreen
  6
CONTINUOUS
100
AcDbLine
 10
6.2140325590551182
 20
-3.5739499212598425
 30
0
 11
6.2140325590551182
 21
-3.534579842519685
 31
0
  0
LINE
  5
11EF
330
1B
100
AcDbEntity
  8
F.Silkscreen
  6
CONTINUOUS
100
AcDbLine
 10
6.2140325590551182
 20
-3.534579842519685
 30
0
 11
6.2141460236220469
 21
-3.5334277165354329
 31
0
  0
LINE
  5
11F0
330
1B
100
AcDbEntity
  8
F.Silkscreen
  6
CONTINUOUS
100
AcDbLine
 10
6.2141460236220469
 20
-3.5334277165354329
 30
0
 11
6.2150278346456691
 21
-3.5312988976377953
 31
0
  0
LINE
  5
11F1
330
1B
100
AcDbEntity
  8
F.Silkscreen
  6
CONTINUOUS
100
AcDbLine
 10
6.2150278346456691
 20
-3.5312988976377953
 30
0
 11
6.216657125984252
 21
-3.5296696062992123
 31
0
  0
LINE
  5
11F2
330
1B
100
AcDbEntity
  8
F.Silkscreen
  6
CONTINUOUS
100
AcDbLine
 10
6.216657125984252
 20
-3.5296696062992123
 30
0
 11
6.2187859448818896
 21
-3.5287877952755906
 31
0
  0
LINE
  5
11F3
330
1B
100
AcDbEntity
  8
F.Silkscreen
  6
CONTINUOUS
100
AcDbLine
 10
6.2187859448818896
 20
-3.5287877952755906
 30
0
 11
6.221090196850394
 21
-3.5287877952755906
 31
0
  0
LINE
  5
11F4
330
1B
100
AcDbEntity
  8
F.Silkscreen
  6
CONTINUOUS
100
AcDbLine
 10
6.221090196850394
 20
-3.5287877952755906
 30
0
 11
6.2232190157480316
 21
-3.5296696062992123
 31
0
  0
LINE
  5
11F5
330
1B
100
AcDbEntity
  8
F.Silkscreen
  6
CONTINUOUS
100
AcDbLine
 10
6.2232190157480316
 20
-3.5296696062992123
 30
0
 11
6.2238092913385827
 21
-3.5302598818897639
 31
0
  0
LINE
  5
11F6
330
1B
100
AcDbEntity
  8
F.Silkscreen
  6
CONTINUOUS
100
AcDbLine
 10
6.2238092913385827
 20
-3.5302598818897639
 30
0
 11
6.2257334645669289
 21
-3.5292977952755904
 31
0
  0
LINE
  5
11F7
330
1B
100
AcDbEntity
  8
F.Silkscreen
  6
CONTINUOUS
100
AcDbLine
 10
6.2257334645669289
 20
-3.5292977952755904
 30
0
 11
6.2268147244094489
 21
-3.5288840551181102
 31
0
  0
LINE
  5
11F8
330
1B
100
AcDbEntity
  8
F.Silkscreen
  6
CONTINUOUS
100
AcDbLine
 10
6.2268147244094489
 20
-3.5288840551181102
 30
0
 11
6.2270262992125982
 21
-3.5288690157480316
 31
0
  0
LINE
  5
11F9
330
1B
100
AcDbEntity
  8
F.Silkscreen
  6
CONTINUOUS
100
AcDbLine
 10
6.2270262992125982
 20
-3.5288690157480316
 30
0
 11
6.227222401574803
 21
-3.5287877952755906
 31
0
  0
LINE
  5
11FA
330
1B
100
AcDbEntity
  8
F.Silkscreen
  6
CONTINUOUS
100
AcDbLine
 10
6.227222401574803
 20
-3.5287877952755906
 30
0
 11
6.2283745275590547
 21
-3.5286743307086614
 31
0
  0
LINE
  5
11FB
330
1B
100
AcDbEntity
  8
F.Silkscreen
  6
CONTINUOUS
100
AcDbLine
 10
6.2283745275590547
 20
-3.5286743307086614
 30
0
 11
6.2368109842519681
 21
-3.5286743307086614
 31
0
  0
LINE
  5
11FC
330
1B
100
AcDbEntity
  8
F.Silkscreen
  6
CONTINUOUS
100
AcDbLine
 10
6.2368109842519681
 20
-3.5286743307086614
 30
0
 11
6.2379631102362207
 21
-3.5287877952755906
 31
0
  0
LINE
  5
11FD
330
1B
100
AcDbEntity
  8
F.Silkscreen
  6
CONTINUOUS
100
AcDbLine
 10
6.3167032677165356
 20
-3.5287877952755906
 30
0
 11
6.3168993307086616
 21
-3.5288690157480316
 31
0
  0
LINE
  5
11FE
330
1B
100
AcDbEntity
  8
F.Silkscreen
  6
CONTINUOUS
100
AcDbLine
 10
6.3168993307086616
 20
-3.5288690157480316
 30
0
 11
6.3171109448818896
 21
-3.5288840551181102
 31
0
  0
LINE
  5
11FF
330
1B
100
AcDbEntity
  8
F.Silkscreen
  6
CONTINUOUS
100
AcDbLine
 10
6.3171109448818896
 20
-3.5288840551181102
 30
0
 11
6.3181921653543309
 21
-3.5292977952755904
 31
0
  0
LINE
  5
1200
330
1B
100
AcDbEntity
  8
F.Silkscreen
  6
CONTINUOUS
100
AcDbLine
 10
6.3181921653543309
 20
-3.5292977952755904
 30
0
 11
6.3238164566929136
 21
-3.5321099606299211
 31
0
  0
LINE
  5
1201
330
1B
100
AcDbEntity
  8
F.Silkscreen
  6
CONTINUOUS
100
AcDbLine
 10
6.3238164566929136
 20
-3.5321099606299211
 30
0
 11
6.3239875590551176
 21
-3.5322176377952754
 31
0
  0
LINE
  5
1202
330
1B
100
AcDbEntity
  8
F.Silkscreen
  6
CONTINUOUS
100
AcDbLine
 10
6.3239875590551176
 20
-3.5322176377952754
 30
0
 11
6.3241587007874012
 21
-3.5321099606299211
 31
0
  0
LINE
  5
1203
330
1B
100
AcDbEntity
  8
F.Silkscreen
  6
CONTINUOUS
100
AcDbLine
 10
6.3241587007874012
 20
-3.5321099606299211
 30
0
 11
6.3297829527559051
 21
-3.5292977952755904
 31
0
  0
LINE
  5
1204
330
1B
100
AcDbEntity
  8
F.Silkscreen
  6
CONTINUOUS
100
AcDbLine
 10
6.3297829527559051
 20
-3.5292977952755904
 30
0
 11
6.3308642125984251
 21
-3.5288840551181102
 31
0
  0
LINE
  5
1205
330
1B
100
AcDbEntity
  8
F.Silkscreen
  6
CONTINUOUS
100
AcDbLine
 10
6.3308642125984251
 20
-3.5288840551181102
 30
0
 11
6.3310757874015744
 21
-3.5288690157480316
 31
0
  0
LINE
  5
1206
330
1B
100
AcDbEntity
  8
F.Silkscreen
  6
CONTINUOUS
100
AcDbLine
 10
6.3310757874015744
 20
-3.5288690157480316
 30
0
 11
6.3312718897637792
 21
-3.5287877952755906
 31
0
  0
LINE
  5
1207
330
1B
100
AcDbEntity
  8
F.Silkscreen
  6
CONTINUOUS
100
AcDbLine
 10
6.3312718897637792
 20
-3.5287877952755906
 30
0
 11
6.3324240157480309
 21
-3.5286743307086614
 31
0
  0
LINE
  5
1208
330
1B
100
AcDbEntity
  8
F.Silkscreen
  6
CONTINUOUS
100
AcDbLine
 10
6.3324240157480309
 20
-3.5286743307086614
 30
0
 11
6.3408604724409443
 21
-3.5286743307086614
 31
0
  0
LINE
  5
1209
330
1B
100
AcDbEntity
  8
F.Silkscreen
  6
CONTINUOUS
100
AcDbLine
 10
6.3408604724409443
 20
-3.5286743307086614
 30
0
 11
6.3420125984251969
 21
-3.5287877952755906
 31
0
  0
LINE
  5
120A
330
1B
100
AcDbEntity
  8
F.Silkscreen
  6
CONTINUOUS
100
AcDbLine
 10
6.3420125984251969
 20
-3.5287877952755906
 30
0
 11
6.342208661417323
 21
-3.5288690157480316
 31
0
  0
LINE
  5
120B
330
1B
100
AcDbEntity
  8
F.Silkscreen
  6
CONTINUOUS
100
AcDbLine
 10
6.342208661417323
 20
-3.5288690157480316
 30
0
 11
6.342420275590551
 21
-3.5288840551181102
 31
0
  0
LINE
  5
120C
330
1B
100
AcDbEntity
  8
F.Silkscreen
  6
CONTINUOUS
100
AcDbLine
 10
6.342420275590551
 20
-3.5288840551181102
 30
0
 11
6.3435014960629923
 21
-3.5292977952755904
 31
0
  0
LINE
  5
120D
330
1B
100
AcDbEntity
  8
F.Silkscreen
  6
CONTINUOUS
100
AcDbLine
 10
6.3435014960629923
 20
-3.5292977952755904
 30
0
 11
6.349125787401575
 21
-3.5321099606299211
 31
0
  0
LINE
  5
120E
330
1B
100
AcDbEntity
  8
F.Silkscreen
  6
CONTINUOUS
100
AcDbLine
 10
6.349125787401575
 20
-3.5321099606299211
 30
0
 11
6.3493183070866142
 21
-3.5322311417322836
 31
0
  0
LINE
  5
120F
330
1B
100
AcDbEntity
  8
F.Silkscreen
  6
CONTINUOUS
100
AcDbLine
 10
6.3493183070866142
 20
-3.5322311417322836
 30
0
 11
6.349409330708661
 21
-3.5322614960629921
 31
0
  0
LINE
  5
1210
330
1B
100
AcDbEntity
  8
F.Silkscreen
  6
CONTINUOUS
100
AcDbLine
 10
6.349409330708661
 20
-3.5322614960629921
 30
0
 11
6.3495226377952756
 21
-3.5323597637795277
 31
0
  0
LINE
  5
1211
330
1B
100
AcDbEntity
  8
F.Silkscreen
  6
CONTINUOUS
100
AcDbLine
 10
6.3495226377952756
 20
-3.5323597637795277
 30
0
 11
6.3501055511811026
 21
-3.5327266929133856
 31
0
  0
LINE
  5
1212
330
1B
100
AcDbEntity
  8
F.Silkscreen
  6
CONTINUOUS
100
AcDbLine
 10
6.3501055511811026
 20
-3.5327266929133856
 30
0
 11
6.3505906299212596
 21
-3.5332860236220474
 31
0
  0
LINE
  5
1213
330
1B
100
AcDbEntity
  8
F.Silkscreen
  6
CONTINUOUS
100
AcDbLine
 10
6.3505906299212596
 20
-3.5332860236220474
 30
0
 11
6.3511500787401571
 21
-3.533771220472441
 31
0
  0
LINE
  5
1214
330
1B
100
AcDbEntity
  8
F.Silkscreen
  6
CONTINUOUS
100
AcDbLine
 10
6.3511500787401571
 20
-3.533771220472441
 30
0
 11
6.351517086614173
 21
-3.5343542519685038
 31
0
  0
LINE
  5
1215
330
1B
100
AcDbEntity
  8
F.Silkscreen
  6
CONTINUOUS
100
AcDbLine
 10
6.351517086614173
 20
-3.5343542519685038
 30
0
 11
6.3516152362204723
 21
-3.5344674409448817
 31
0
  0
LINE
  5
1216
330
1B
100
AcDbEntity
  8
F.Silkscreen
  6
CONTINUOUS
100
AcDbLine
 10
6.3516152362204723
 20
-3.5344674409448817
 30
0
 11
6.3516455118110233
 21
-3.5345582677165353
 31
0
  0
LINE
  5
1217
330
1B
100
AcDbEntity
  8
F.Silkscreen
  6
CONTINUOUS
100
AcDbLine
 10
6.3516455118110233
 20
-3.5345582677165353
 30
0
 11
6.3517668110236221
 21
-3.5347509842519682
 31
0
  0
LINE
  5
1218
330
1B
100
AcDbEntity
  8
F.Silkscreen
  6
CONTINUOUS
100
AcDbLine
 10
6.3517668110236221
 20
-3.5347509842519682
 30
0
 11
6.3545789763779528
 21
-3.5403752362204726
 31
0
  0
LINE
  5
1219
330
1B
100
AcDbEntity
  8
F.Silkscreen
  6
CONTINUOUS
100
AcDbLine
 10
6.3545789763779528
 20
-3.5403752362204726
 30
0
 11
6.354992716535433
 21
-3.5414564960629922
 31
0
  0
LINE
  5
121A
330
1B
100
AcDbEntity
  8
F.Silkscreen
  6
CONTINUOUS
100
AcDbLine
 10
6.354992716535433
 20
-3.5414564960629922
 30
0
 11
6.3550077165354333
 21
-3.5416680708661414
 31
0
  0
LINE
  5
121B
330
1B
100
AcDbEntity
  8
F.Silkscreen
  6
CONTINUOUS
100
AcDbLine
 10
6.3550077165354333
 20
-3.5416680708661414
 30
0
 11
6.355088976377953
 21
-3.5418641732283462
 31
0
  0
LINE
  5
121C
330
1B
100
AcDbEntity
  8
F.Silkscreen
  6
CONTINUOUS
100
AcDbLine
 10
6.355088976377953
 20
-3.5418641732283462
 30
0
 11
6.3552024409448817
 21
-3.5430162992125984
 31
0
  0
LINE
  5
121D
330
1B
100
AcDbEntity
  8
F.Silkscreen
  6
CONTINUOUS
100
AcDbLine
 10
6.3552024409448817
 20
-3.5430162992125984
 30
0
 11
6.3552024409448817
 21
-3.5739499212598425
 31
0
  0
LINE
  5
121E
330
1B
100
AcDbEntity
  8
F.Silkscreen
  6
CONTINUOUS
100
AcDbLine
 10
6.3552024409448817
 20
-3.5739499212598425
 30
0
 11
6.355088976377953
 21
-3.5751020472440942
 31
0
  0
LINE
  5
121F
330
1B
100
AcDbEntity
  8
F.Silkscreen
  6
CONTINUOUS
100
AcDbLine
 10
6.355088976377953
 20
-3.5751020472440942
 30
0
 11
6.3542071653543308
 21
-3.5772308661417322
 31
0
  0
LINE
  5
1220
330
1B
100
AcDbEntity
  8
F.Silkscreen
  6
CONTINUOUS
100
AcDbLine
 10
6.3542071653543308
 20
-3.5772308661417322
 30
0
 11
6.3525778740157479
 21
-3.5788601574803147
 31
0
  0
LINE
  5
1221
330
1B
100
AcDbEntity
  8
F.Silkscreen
  6
CONTINUOUS
100
AcDbLine
 10
6.3525778740157479
 20
-3.5788601574803147
 30
0
 11
6.3504490551181103
 21
-3.5797419685039369
 31
0
  0
LINE
  5
1222
330
1B
100
AcDbEntity
  8
F.Silkscreen
  6
CONTINUOUS
100
AcDbLine
 10
6.3504490551181103
 20
-3.5797419685039369
 30
0
 11
6.3481448031496059
 21
-3.5797419685039369
 31
0
  0
LINE
  5
1223
330
1B
100
AcDbEntity
  8
F.Silkscreen
  6
CONTINUOUS
100
AcDbLine
 10
6.3481448031496059
 20
-3.5797419685039369
 30
0
 11
6.3460159842519683
 21
-3.5788601574803147
 31
0
  0
LINE
  5
1224
330
1B
100
AcDbEntity
  8
F.Silkscreen
  6
CONTINUOUS
100
AcDbLine
 10
6.3460159842519683
 20
-3.5788601574803147
 30
0
 11
6.3443866929133854
 21
-3.5772308661417322
 31
0
  0
LINE
  5
1225
330
1B
100
AcDbEntity
  8
F.Silkscreen
  6
CONTINUOUS
100
AcDbLine
 10
6.3443866929133854
 20
-3.5772308661417322
 30
0
 11
6.3435048818897632
 21
-3.5751020472440942
 31
0
  0
LINE
  5
1226
330
1B
100
AcDbEntity
  8
F.Silkscreen
  6
CONTINUOUS
100
AcDbLine
 10
6.3435048818897632
 20
-3.5751020472440942
 30
0
 11
6.3433914173228345
 21
-3.5739499212598425
 31
0
  0
LINE
  5
1227
330
1B
100
AcDbEntity
  8
F.Silkscreen
  6
CONTINUOUS
100
AcDbLine
 10
6.3433914173228345
 20
-3.5739499212598425
 30
0
 11
6.3433914173228345
 21
-3.5444103937007871
 31
0
  0
LINE
  5
1228
330
1B
100
AcDbEntity
  8
F.Silkscreen
  6
CONTINUOUS
100
AcDbLine
 10
6.3433914173228345
 20
-3.5444103937007871
 30
0
 11
6.342083070866142
 21
-3.5417937007874016
 31
0
  0
LINE
  5
1229
330
1B
100
AcDbEntity
  8
F.Silkscreen
  6
CONTINUOUS
100
AcDbLine
 10
6.342083070866142
 20
-3.5417937007874016
 30
0
 11
6.339466377952756
 21
-3.5404853543307087
 31
0
  0
LINE
  5
122A
330
1B
100
AcDbEntity
  8
F.Silkscreen
  6
CONTINUOUS
100
AcDbLine
 10
6.339466377952756
 20
-3.5404853543307087
 30
0
 11
6.3338181102362201
 21
-3.5404853543307087
 31
0
  0
LINE
  5
122B
330
1B
100
AcDbEntity
  8
F.Silkscreen
  6
CONTINUOUS
100
AcDbLine
 10
6.3338181102362201
 20
-3.5404853543307087
 30
0
 11
6.3312014173228341
 21
-3.5417937007874016
 31
0
  0
LINE
  5
122C
330
1B
100
AcDbEntity
  8
F.Silkscreen
  6
CONTINUOUS
100
AcDbLine
 10
6.3312014173228341
 20
-3.5417937007874016
 30
0
 11
6.3298931102362204
 21
-3.5444103543307084
 31
0
  0
LINE
  5
122D
330
1B
100
AcDbEntity
  8
F.Silkscreen
  6
CONTINUOUS
100
AcDbLine
 10
6.3298931102362204
 20
-3.5444103543307084
 30
0
 11
6.3298931102362204
 21
-3.5739499212598425
 31
0
  0
LINE
  5
122E
330
1B
100
AcDbEntity
  8
F.Silkscreen
  6
CONTINUOUS
100
AcDbLine
 10
6.3298931102362204
 20
-3.5739499212598425
 30
0
 11
6.3297796456692916
 21
-3.5751020472440942
 31
0
  0
LINE
  5
122F
330
1B
100
AcDbEntity
  8
F.Silkscreen
  6
CONTINUOUS
100
AcDbLine
 10
6.3297796456692916
 20
-3.5751020472440942
 30
0
 11
6.3288978346456695
 21
-3.5772308661417322
 31
0
  0
LINE
  5
1230
330
1B
100
AcDbEntity
  8
F.Silkscreen
  6
CONTINUOUS
100
AcDbLine
 10
6.3288978346456695
 20
-3.5772308661417322
 30
0
 11
6.3272685433070865
 21
-3.5788601574803147
 31
0
  0
LINE
  5
1231
330
1B
100
AcDbEntity
  8
F.Silkscreen
  6
CONTINUOUS
100
AcDbLine
 10
6.3272685433070865
 20
-3.5788601574803147
 30
0
 11
6.3251397244094489
 21
-3.5797419685039369
 31
0
  0
LINE
  5
1232
330
1B
100
AcDbEntity
  8
F.Silkscreen
  6
CONTINUOUS
100
AcDbLine
 10
6.3251397244094489
 20
-3.5797419685039369
 30
0
 11
6.3228354724409446
 21
-3.5797419685039369
 31
0
  0
LINE
  5
1233
330
1B
100
AcDbEntity
  8
F.Silkscreen
  6
CONTINUOUS
100
AcDbLine
 10
6.3228354724409446
 20
-3.5797419685039369
 30
0
 11
6.320706653543307
 21
-3.5788601574803147
 31
0
  0
LINE
  5
1234
330
1B
100
AcDbEntity
  8
F.Silkscreen
  6
CONTINUOUS
100
AcDbLine
 10
6.320706653543307
 20
-3.5788601574803147
 30
0
 11
6.319077362204724
 21
-3.5772308661417322
 31
0
  0
LINE
  5
1235
330
1B
100
AcDbEntity
  8
F.Silkscreen
  6
CONTINUOUS
100
AcDbLine
 10
6.319077362204724
 20
-3.5772308661417322
 30
0
 11
6.3181955511811019
 21
-3.5751020472440942
 31
0
  0
LINE
  5
1236
330
1B
100
AcDbEntity
  8
F.Silkscreen
  6
CONTINUOUS
100
AcDbLine
 10
6.3181955511811019
 20
-3.5751020472440942
 30
0
 11
6.3180820866141731
 21
-3.5739499212598425
 31
0
  0
LINE
  5
1237
330
1B
100
AcDbEntity
  8
F.Silkscreen
  6
CONTINUOUS
100
AcDbLine
 10
6.3180820866141731
 20
-3.5739499212598425
 30
0
 11
6.3180820866141731
 21
-3.5444103937007871
 31
0
  0
LINE
  5
1238
330
1B
100
AcDbEntity
  8
F.Silkscreen
  6
CONTINUOUS
100
AcDbLine
 10
6.3180820866141731
 20
-3.5444103937007871
 30
0
 11
6.3167737401574806
 21
-3.5417937007874016
 31
0
  0
LINE
  5
1239
330
1B
100
AcDbEntity
  8
F.Silkscreen
  6
CONTINUOUS
100
AcDbLine
 10
6.3167737401574806
 20
-3.5417937007874016
 30
0
 11
6.3141570472440947
 21
-3.5404853543307087
 31
0
  0
LINE
  5
123A
330
1B
100
AcDbEntity
  8
F.Silkscreen
  6
CONTINUOUS
100
AcDbLine
 10
6.3141570472440947
 20
-3.5404853543307087
 30
0
 11
6.3085087795275587
 21
-3.5404853543307087
 31
0
  0
LINE
  5
123B
330
1B
100
AcDbEntity
  8
F.Silkscreen
  6
CONTINUOUS
100
AcDbLine
 10
6.3085087795275587
 20
-3.5404853543307087
 30
0
 11
6.3049885433070862
 21
-3.5422454724409449
 31
0
  0
LINE
  5
123C
330
1B
100
AcDbEntity
  8
F.Silkscreen
  6
CONTINUOUS
100
AcDbLine
 10
6.3049885433070862
 20
-3.5422454724409449
 30
0
 11
6.3045837401574802
 21
-3.5426502755905509
 31
0
  0
LINE
  5
123D
330
1B
100
AcDbEntity
  8
F.Silkscreen
  6
CONTINUOUS
100
AcDbLine
 10
6.3045837401574802
 20
-3.5426502755905509
 30
0
 11
6.3045837401574802
 21
-3.5739499212598425
 31
0
  0
LINE
  5
123E
330
1B
100
AcDbEntity
  8
F.Silkscreen
  6
CONTINUOUS
100
AcDbLine
 10
6.3045837401574802
 20
-3.5739499212598425
 30
0
 11
6.3044702755905506
 21
-3.5751020472440942
 31
0
  0
LINE
  5
123F
330
1B
100
AcDbEntity
  8
F.Silkscreen
  6
CONTINUOUS
100
AcDbLine
 10
6.3044702755905506
 20
-3.5751020472440942
 30
0
 11
6.3035884645669293
 21
-3.5772308661417322
 31
0
  0
LINE
  5
1240
330
1B
100
AcDbEntity
  8
F.Silkscreen
  6
CONTINUOUS
100
AcDbLine
 10
6.3035884645669293
 20
-3.5772308661417322
 30
0
 11
6.3019591732283464
 21
-3.5788601574803147
 31
0
  0
LINE
  5
1241
330
1B
100
AcDbEntity
  8
F.Silkscreen
  6
CONTINUOUS
100
AcDbLine
 10
6.3019591732283464
 20
-3.5788601574803147
 30
0
 11
6.2998303543307088
 21
-3.5797419685039369
 31
0
  0
LINE
  5
1242
330
1B
100
AcDbEntity
  8
F.Silkscreen
  6
CONTINUOUS
100
AcDbLine
 10
6.2998303543307088
 20
-3.5797419685039369
 30
0
 11
6.2975261023622044
 21
-3.5797419685039369
 31
0
  0
LINE
  5
1243
330
1B
100
AcDbEntity
  8
F.Silkscreen
  6
CONTINUOUS
100
AcDbLine
 10
6.2975261023622044
 20
-3.5797419685039369
 30
0
 11
6.2953972834645668
 21
-3.5788601574803147
 31
0
  0
LINE
  5
1244
330
1B
100
AcDbEntity
  8
F.Silkscreen
  6
CONTINUOUS
100
AcDbLine
 10
6.2953972834645668
 20
-3.5788601574803147
 30
0
 11
6.2937679921259839
 21
-3.5772308661417322
 31
0
  0
LINE
  5
1245
330
1B
100
AcDbEntity
  8
F.Silkscreen
  6
CONTINUOUS
100
AcDbLine
 10
6.2937679921259839
 20
-3.5772308661417322
 30
0
 11
6.2928861811023618
 21
-3.5751020472440942
 31
0
  0
LINE
  5
1246
330
1B
100
AcDbEntity
  8
F.Silkscreen
  6
CONTINUOUS
100
AcDbLine
 10
6.2928861811023618
 20
-3.5751020472440942
 30
0
 11
6.292772716535433
 21
-3.5739499212598425
 31
0
  0
LINE
  5
1247
330
1B
100
AcDbEntity
  8
F.Silkscreen
  6
CONTINUOUS
100
AcDbLine
 10
6.292772716535433
 20
-3.5739499212598425
 30
0
 11
6.292772716535433
 21
-3.534579842519685
 31
0
  0
LINE
  5
1248
330
1B
100
AcDbEntity
  8
F.Silkscreen
  6
CONTINUOUS
100
AcDbLine
 10
6.292772716535433
 20
-3.534579842519685
 30
0
 11
6.2928861811023618
 21
-3.5334277165354329
 31
0
  0
LINE
  5
1249
330
1B
100
AcDbEntity
  8
F.Silkscreen
  6
CONTINUOUS
100
AcDbLine
 10
6.2928861811023618
 20
-3.5334277165354329
 30
0
 11
6.2937679921259839
 21
-3.5312988976377953
 31
0
  0
LINE
  5
124A
330
1B
100
AcDbEntity
  8
F.Silkscreen
  6
CONTINUOUS
100
AcDbLine
 10
6.2937679921259839
 20
-3.5312988976377953
 30
0
 11
6.2953972834645668
 21
-3.5296696062992123
 31
0
  0
LINE
  5
124B
330
1B
100
AcDbEntity
  8
F.Silkscreen
  6
CONTINUOUS
100
AcDbLine
 10
6.2953972834645668
 20
-3.5296696062992123
 30
0
 11
6.2975261023622044
 21
-3.5287877952755906
 31
0
  0
LINE
  5
124C
330
1B
100
AcDbEntity
  8
F.Silkscreen
  6
CONTINUOUS
100
AcDbLine
 10
6.2975261023622044
 20
-3.5287877952755906
 30
0
 11
6.2998303543307088
 21
-3.5287877952755906
 31
0
  0
LINE
  5
124D
330
1B
100
AcDbEntity
  8
F.Silkscreen
  6
CONTINUOUS
100
AcDbLine
 10
6.2998303543307088
 20
-3.5287877952755906
 30
0
 11
6.3019591732283464
 21
-3.5296696062992123
 31
0
  0
LINE
  5
124E
330
1B
100
AcDbEntity
  8
F.Silkscreen
  6
CONTINUOUS
100
AcDbLine
 10
6.3019591732283464
 20
-3.5296696062992123
 30
0
 11
6.3025494488188976
 21
-3.5302598818897639
 31
0
  0
LINE
  5
124F
330
1B
100
AcDbEntity
  8
F.Silkscreen
  6
CONTINUOUS
100
AcDbLine
 10
6.3025494488188976
 20
-3.5302598818897639
 30
0
 11
6.3044736220472437
 21
-3.5292977952755904
 31
0
  0
LINE
  5
1250
330
1B
100
AcDbEntity
  8
F.Silkscreen
  6
CONTINUOUS
100
AcDbLine
 10
6.3044736220472437
 20
-3.5292977952755904
 30
0
 11
6.3055548818897638
 21
-3.5288840551181102
 31
0
  0
LINE
  5
1251
330
1B
100
AcDbEntity
  8
F.Silkscreen
  6
CONTINUOUS
100
AcDbLine
 10
6.3055548818897638
 20
-3.5288840551181102
 30
0
 11
6.305766456692913
 21
-3.5288690157480316
 31
0
  0
LINE
  5
1252
330
1B
100
AcDbEntity
  8
F.Silkscreen
  6
CONTINUOUS
100
AcDbLine
 10
6.305766456692913
 20
-3.5288690157480316
 30
0
 11
6.3059625590551178
 21
-3.5287877952755906
 31
0
  0
LINE
  5
1253
330
1B
100
AcDbEntity
  8
F.Silkscreen
  6
CONTINUOUS
100
AcDbLine
 10
6.3059625590551178
 20
-3.5287877952755906
 30
0
 11
6.3071146850393696
 21
-3.5286743307086614
 31
0
  0
LINE
  5
1254
330
1B
100
AcDbEntity
  8
F.Silkscreen
  6
CONTINUOUS
100
AcDbLine
 10
6.3071146850393696
 20
-3.5286743307086614
 30
0
 11
6.3155511417322829
 21
-3.5286743307086614
 31
0
  0
LINE
  5
1255
330
1B
100
AcDbEntity
  8
F.Silkscreen
  6
CONTINUOUS
100
AcDbLine
 10
6.3155511417322829
 20
-3.5286743307086614
 30
0
 11
6.3167032677165356
 21
-3.5287877952755906
 31
0
  0
LINE
  5
1256
330
1B
100
AcDbEntity
  8
F.Silkscreen
  6
CONTINUOUS
100
AcDbLine
 10
5.5112676377952754
 20
-5.3761607086614172
 30
0
 11
5.5190438582677164
 21
-5.3786873622047242
 31
0
  0
LINE
  5
1257
330
1B
100
AcDbEntity
  8
F.Silkscreen
  6
CONTINUOUS
100
AcDbLine
 10
5.5190438582677164
 20
-5.3786873622047242
 30
0
 11
5.5263290944881884
 21
-5.3823994094488183
 31
0
  0
LINE
  5
1258
330
1B
100
AcDbEntity
  8
F.Silkscreen
  6
CONTINUOUS
100
AcDbLine
 10
5.5263290944881884
 20
-5.3823994094488183
 30
0
 11
5.5329439763779522
 21
-5.3872053543307086
 31
0
  0
LINE
  5
1259
330
1B
100
AcDbEntity
  8
F.Silkscreen
  6
CONTINUOUS
100
AcDbLine
 10
5.5329439763779522
 20
-5.3872053543307086
 30
0
 11
5.5387255905511807
 21
-5.3929869685039371
 31
0
  0
LINE
  5
125A
330
1B
100
AcDbEntity
  8
F.Silkscreen
  6
CONTINUOUS
100
AcDbLine
 10
5.5387255905511807
 20
-5.3929869685039371
 30
0
 11
5.543531535433071
 21
-5.3996018503937009
 31
0
  0
LINE
  5
125B
330
1B
100
AcDbEntity
  8
F.Silkscreen
  6
CONTINUOUS
100
AcDbLine
 10
5.543531535433071
 20
-5.3996018503937009
 30
0
 11
5.5472435826771651
 21
-5.4068870866141729
 31
0
  0
LINE
  5
125C
330
1B
100
AcDbEntity
  8
F.Silkscreen
  6
CONTINUOUS
100
AcDbLine
 10
5.5472435826771651
 20
-5.4068870866141729
 30
0
 11
5.5497702362204722
 21
-5.4146633070866139
 31
0
  0
LINE
  5
125D
330
1B
100
AcDbEntity
  8
F.Silkscreen
  6
CONTINUOUS
100
AcDbLine
 10
5.5497702362204722
 20
-5.4146633070866139
 30
0
 11
5.5510492913385825
 21
-5.4227390551181101
 31
0
  0
LINE
  5
125E
330
1B
100
AcDbEntity
  8
F.Silkscreen
  6
CONTINUOUS
100
AcDbLine
 10
5.5510492913385825
 20
-5.4227390551181101
 30
0
 11
5.5510492913385825
 21
-5.4309155118110235
 31
0
  0
LINE
  5
125F
330
1B
100
AcDbEntity
  8
F.Silkscreen
  6
CONTINUOUS
100
AcDbLine
 10
5.5510492913385825
 20
-5.4309155118110235
 30
0
 11
5.5497702362204722
 21
-5.4389912598425196
 31
0
  0
LINE
  5
1260
330
1B
100
AcDbEntity
  8
F.Silkscreen
  6
CONTINUOUS
100
AcDbLine
 10
5.5497702362204722
 20
-5.4389912598425196
 30
0
 11
5.5472435826771651
 21
-5.4467674803149606
 31
0
  0
LINE
  5
1261
330
1B
100
AcDbEntity
  8
F.Silkscreen
  6
CONTINUOUS
100
AcDbLine
 10
5.5472435826771651
 20
-5.4467674803149606
 30
0
 11
5.543531535433071
 21
-5.4540527165354327
 31
0
  0
LINE
  5
1262
330
1B
100
AcDbEntity
  8
F.Silkscreen
  6
CONTINUOUS
100
AcDbLine
 10
5.543531535433071
 20
-5.4540527165354327
 30
0
 11
5.5387255905511807
 21
-5.4606675984251964
 31
0
  0
LINE
  5
1263
330
1B
100
AcDbEntity
  8
F.Silkscreen
  6
CONTINUOUS
100
AcDbLine
 10
5.5387255905511807
 20
-5.4606675984251964
 30
0
 11
5.5329439763779522
 21
-5.466449212598425
 31
0
  0
LINE
  5
1264
330
1B
100
AcDbEntity
  8
F.Silkscreen
  6
CONTINUOUS
100
AcDbLine
 10
5.5329439763779522
 20
-5.466449212598425
 30
0
 11
5.5263290944881884
 21
-5.4712551574803152
 31
0
  0
LINE
  5
1265
330
1B
100
AcDbEntity
  8
F.Silkscreen
  6
CONTINUOUS
100
AcDbLine
 10
5.5263290944881884
 20
-5.4712551574803152
 30
0
 11
5.5190438582677164
 21
-5.4749672047244093
 31
0
  0
LINE
  5
1266
330
1B
100
AcDbEntity
  8
F.Silkscreen
  6
CONTINUOUS
100
AcDbLine
 10
5.5190438582677164
 20
-5.4749672047244093
 30
0
 11
5.5112676377952754
 21
-5.4774938582677164
 31
0
  0
LINE
  5
1267
330
1B
100
AcDbEntity
  8
F.Silkscreen
  6
CONTINUOUS
100
AcDbLine
 10
5.5112676377952754
 20
-5.4774938582677164
 30
0
 11
5.5031918897637793
 21
-5.4787729133858267
 31
0
  0
LINE
  5
1268
330
1B
100
AcDbEntity
  8
F.Silkscreen
  6
CONTINUOUS
100
AcDbLine
 10
5.5031918897637793
 20
-5.4787729133858267
 30
0
 11
5.4950154330708658
 21
-5.4787729133858267
 31
0
  0
LINE
  5
1269
330
1B
100
AcDbEntity
  8
F.Silkscreen
  6
CONTINUOUS
100
AcDbLine
 10
5.4950154330708658
 20
-5.4787729133858267
 30
0
 11
5.4869396850393697
 21
-5.4774938582677164
 31
0
  0
LINE
  5
126A
330
1B
100
AcDbEntity
  8
F.Silkscreen
  6
CONTINUOUS
100
AcDbLine
 10
5.4869396850393697
 20
-5.4774938582677164
 30
0
 11
5.4791634645669287
 21
-5.4749672047244093
 31
0
  0
LINE
  5
126B
330
1B
100
AcDbEntity
  8
F.Silkscreen
  6
CONTINUOUS
100
AcDbLine
 10
5.4791634645669287
 20
-5.4749672047244093
 30
0
 11
5.4718782283464567
 21
-5.4712551574803152
 31
0
  0
LINE
  5
126C
330
1B
100
AcDbEntity
  8
F.Silkscreen
  6
CONTINUOUS
100
AcDbLine
 10
5.4718782283464567
 20
-5.4712551574803152
 30
0
 11
5.4652633464566929
 21
-5.466449212598425
 31
0
  0
LINE
  5
126D
330
1B
100
AcDbEntity
  8
F.Silkscreen
  6
CONTINUOUS
100
AcDbLine
 10
5.4652633464566929
 20
-5.466449212598425
 30
0
 11
5.4594817322834643
 21
-5.4606675984251964
 31
0
  0
LINE
  5
126E
330
1B
100
AcDbEntity
  8
F.Silkscreen
  6
CONTINUOUS
100
AcDbLine
 10
5.4594817322834643
 20
-5.4606675984251964
 30
0
 11
5.454675787401575
 21
-5.4540527165354327
 31
0
  0
LINE
  5
126F
330
1B
100
AcDbEntity
  8
F.Silkscreen
  6
CONTINUOUS
100
AcDbLine
 10
5.454675787401575
 20
-5.4540527165354327
 30
0
 11
5.45096374015748
 21
-5.4467674803149606
 31
0
  0
LINE
  5
1270
330
1B
100
AcDbEntity
  8
F.Silkscreen
  6
CONTINUOUS
100
AcDbLine
 10
5.45096374015748
 20
-5.4467674803149606
 30
0
 11
5.4484370866141729
 21
-5.4389912598425196
 31
0
  0
LINE
  5
1271
330
1B
100
AcDbEntity
  8
F.Silkscreen
  6
CONTINUOUS
100
AcDbLine
 10
5.4484370866141729
 20
-5.4389912598425196
 30
0
 11
5.4471580314960626
 21
-5.4309155118110235
 31
0
  0
LINE
  5
1272
330
1B
100
AcDbEntity
  8
F.Silkscreen
  6
CONTINUOUS
100
AcDbLine
 10
5.4471580314960626
 20
-5.4309155118110235
 30
0
 11
5.4471580314960626
 21
-5.4228813385826768
 31
0
  0
LINE
  5
1273
330
1B
100
AcDbEntity
  8
F.Silkscreen
  6
CONTINUOUS
100
AcDbLine
 10
5.4471580314960626
 20
-5.4228813385826768
 30
0
 11
5.4471580314960626
 21
-5.4227390551181101
 31
0
  0
LINE
  5
1274
330
1B
100
AcDbEntity
  8
F.Silkscreen
  6
CONTINUOUS
100
AcDbLine
 10
5.4471580314960626
 20
-5.4227390551181101
 30
0
 11
5.4484370866141729
 21
-5.4146633070866139
 31
0
  0
LINE
  5
1275
330
1B
100
AcDbEntity
  8
F.Silkscreen
  6
CONTINUOUS
100
AcDbLine
 10
5.4484370866141729
 20
-5.4146633070866139
 30
0
 11
5.45096374015748
 21
-5.4068870866141729
 31
0
  0
LINE
  5
1276
330
1B
100
AcDbEntity
  8
F.Silkscreen
  6
CONTINUOUS
100
AcDbLine
 10
5.45096374015748
 20
-5.4068870866141729
 30
0
 11
5.454675787401575
 21
-5.3996018503937009
 31
0
  0
LINE
  5
1277
330
1B
100
AcDbEntity
  8
F.Silkscreen
  6
CONTINUOUS
100
AcDbLine
 10
5.454675787401575
 20
-5.3996018503937009
 30
0
 11
5.4594817322834643
 21
-5.3929869685039371
 31
0
  0
LINE
  5
1278
330
1B
100
AcDbEntity
  8
F.Silkscreen
  6
CONTINUOUS
100
AcDbLine
 10
5.4594817322834643
 20
-5.3929869685039371
 30
0
 11
5.4652633464566929
 21
-5.3872053543307086
 31
0
  0
LINE
  5
1279
330
1B
100
AcDbEntity
  8
F.Silkscreen
  6
CONTINUOUS
100
AcDbLine
 10
5.4652633464566929
 20
-5.3872053543307086
 30
0
 11
5.4718782283464567
 21
-5.3823994094488183
 31
0
  0
LINE
  5
127A
330
1B
100
AcDbEntity
  8
F.Silkscreen
  6
CONTINUOUS
100
AcDbLine
 10
5.4718782283464567
 20
-5.3823994094488183
 30
0
 11
5.4791634645669287
 21
-5.3786873622047242
 31
0
  0
LINE
  5
127B
330
1B
100
AcDbEntity
  8
F.Silkscreen
  6
CONTINUOUS
100
AcDbLine
 10
5.4791634645669287
 20
-5.3786873622047242
 30
0
 11
5.4869396850393697
 21
-5.3761607086614172
 31
0
  0
LINE
  5
127C
330
1B
100
AcDbEntity
  8
F.Silkscreen
  6
CONTINUOUS
100
AcDbLine
 10
5.4869396850393697
 20
-5.3761607086614172
 30
0
 11
5.4950154330708658
 21
-5.3748816535433068
 31
0
  0
LINE
  5
127D
330
1B
100
AcDbEntity
  8
F.Silkscreen
  6
CONTINUOUS
100
AcDbLine
 10
5.4950154330708658
 20
-5.3748816535433068
 30
0
 11
5.5031918897637793
 21
-5.3748816535433068
 31
0
  0
LINE
  5
127E
330
1B
100
AcDbEntity
  8
F.Silkscreen
  6
CONTINUOUS
100
AcDbLine
 10
5.5031918897637793
 20
-5.3748816535433068
 30
0
 11
5.5112676377952754
 21
-5.3761607086614172
 31
0
  0
LINE
  5
127F
330
1B
100
AcDbEntity
  8
F.Silkscreen
  6
CONTINUOUS
100
AcDbLine
 10
5.4489659055118107
 20
-5.4307732283464567
 30
0
 11
5.4502004724409447
 21
-5.4385679133858265
 31
0
  0
LINE
  5
1280
330
1B
100
AcDbEntity
  8
F.Silkscreen
  6
CONTINUOUS
100
AcDbLine
 10
5.4502004724409447
 20
-5.4385679133858265
 30
0
 11
5.4526391732283459
 21
-5.4460735039370078
 31
0
  0
LINE
  5
1281
330
1B
100
AcDbEntity
  8
F.Silkscreen
  6
CONTINUOUS
100
AcDbLine
 10
5.4526391732283459
 20
-5.4460735039370078
 30
0
 11
5.4562220078740156
 21
-5.4531051968503936
 31
0
  0
LINE
  5
1282
330
1B
100
AcDbEntity
  8
F.Silkscreen
  6
CONTINUOUS
100
AcDbLine
 10
5.4562220078740156
 20
-5.4531051968503936
 30
0
 11
5.4608607086614169
 21
-5.4594898425196847
 31
0
  0
LINE
  5
1283
330
1B
100
AcDbEntity
  8
F.Silkscreen
  6
CONTINUOUS
100
AcDbLine
 10
5.4608607086614169
 20
-5.4594898425196847
 30
0
 11
5.4664411023622046
 21
-5.4650702362204724
 31
0
  0
LINE
  5
1284
330
1B
100
AcDbEntity
  8
F.Silkscreen
  6
CONTINUOUS
100
AcDbLine
 10
5.4664411023622046
 20
-5.4650702362204724
 30
0
 11
5.4728257480314957
 21
-5.4697089370078738
 31
0
  0
LINE
  5
1285
330
1B
100
AcDbEntity
  8
F.Silkscreen
  6
CONTINUOUS
100
AcDbLine
 10
5.4728257480314957
 20
-5.4697089370078738
 30
0
 11
5.4798574409448815
 21
-5.4732917716535434
 31
0
  0
LINE
  5
1286
330
1B
100
AcDbEntity
  8
F.Silkscreen
  6
CONTINUOUS
100
AcDbLine
 10
5.4798574409448815
 20
-5.4732917716535434
 30
0
 11
5.4873630314960629
 21
-5.4757304724409446
 31
0
  0
LINE
  5
1287
330
1B
100
AcDbEntity
  8
F.Silkscreen
  6
CONTINUOUS
100
AcDbLine
 10
5.4873630314960629
 20
-5.4757304724409446
 30
0
 11
5.4951577165354326
 21
-5.4769650393700786
 31
0
  0
LINE
  5
1288
330
1B
100
AcDbEntity
  8
F.Silkscreen
  6
CONTINUOUS
100
AcDbLine
 10
5.4951577165354326
 20
-5.4769650393700786
 30
0
 11
5.5030496062992125
 21
-5.4769650393700786
 31
0
  0
LINE
  5
1289
330
1B
100
AcDbEntity
  8
F.Silkscreen
  6
CONTINUOUS
100
AcDbLine
 10
5.5030496062992125
 20
-5.4769650393700786
 30
0
 11
5.5108442913385822
 21
-5.4757304724409446
 31
0
  0
LINE
  5
128A
330
1B
100
AcDbEntity
  8
F.Silkscreen
  6
CONTINUOUS
100
AcDbLine
 10
5.5108442913385822
 20
-5.4757304724409446
 30
0
 11
5.5183498818897636
 21
-5.4732917716535434
 31
0
  0
LINE
  5
128B
330
1B
100
AcDbEntity
  8
F.Silkscreen
  6
CONTINUOUS
100
AcDbLine
 10
5.5183498818897636
 20
-5.4732917716535434
 30
0
 11
5.5253815748031494
 21
-5.4697089370078738
 31
0
  0
LINE
  5
128C
330
1B
100
AcDbEntity
  8
F.Silkscreen
  6
CONTINUOUS
100
AcDbLine
 10
5.5253815748031494
 20
-5.4697089370078738
 30
0
 11
5.5317662204724405
 21
-5.4650702362204724
 31
0
  0
LINE
  5
128D
330
1B
100
AcDbEntity
  8
F.Silkscreen
  6
CONTINUOUS
100
AcDbLine
 10
5.5317662204724405
 20
-5.4650702362204724
 30
0
 11
5.5373466141732282
 21
-5.4594898425196847
 31
0
  0
LINE
  5
128E
330
1B
100
AcDbEntity
  8
F.Silkscreen
  6
CONTINUOUS
100
AcDbLine
 10
5.5373466141732282
 20
-5.4594898425196847
 30
0
 11
5.5419853149606295
 21
-5.4531051968503936
 31
0
  0
LINE
  5
128F
330
1B
100
AcDbEntity
  8
F.Silkscreen
  6
CONTINUOUS
100
AcDbLine
 10
5.5419853149606295
 20
-5.4531051968503936
 30
0
 11
5.5455681496062992
 21
-5.4460735039370078
 31
0
  0
LINE
  5
1290
330
1B
100
AcDbEntity
  8
F.Silkscreen
  6
CONTINUOUS
100
AcDbLine
 10
5.5455681496062992
 20
-5.4460735039370078
 30
0
 11
5.5480068503937003
 21
-5.4385679133858265
 31
0
  0
LINE
  5
1291
330
1B
100
AcDbEntity
  8
F.Silkscreen
  6
CONTINUOUS
100
AcDbLine
 10
5.5480068503937003
 20
-5.4385679133858265
 30
0
 11
5.5492414173228344
 21
-5.4307732283464567
 31
0
  0
LINE
  5
1292
330
1B
100
AcDbEntity
  8
F.Silkscreen
  6
CONTINUOUS
100
AcDbLine
 10
5.5492414173228344
 20
-5.4307732283464567
 30
0
 11
5.5492414173228344
 21
-5.4228813385826768
 31
0
  0
LINE
  5
1293
330
1B
100
AcDbEntity
  8
F.Silkscreen
  6
CONTINUOUS
100
AcDbLine
 10
5.5492414173228344
 20
-5.4228813385826768
 30
0
 11
5.5480068503937003
 21
-5.4150866535433071
 31
0
  0
LINE
  5
1294
330
1B
100
AcDbEntity
  8
F.Silkscreen
  6
CONTINUOUS
100
AcDbLine
 10
5.5480068503937003
 20
-5.4150866535433071
 30
0
 11
5.5455681496062992
 21
-5.4075810629921257
 31
0
  0
LINE
  5
1295
330
1B
100
AcDbEntity
  8
F.Silkscreen
  6
CONTINUOUS
100
AcDbLine
 10
5.5455681496062992
 20
-5.4075810629921257
 30
0
 11
5.5419853149606295
 21
-5.4005493700787399
 31
0
  0
LINE
  5
1296
330
1B
100
AcDbEntity
  8
F.Silkscreen
  6
CONTINUOUS
100
AcDbLine
 10
5.5419853149606295
 20
-5.4005493700787399
 30
0
 11
5.5373466141732282
 21
-5.3941647244094488
 31
0
  0
LINE
  5
1297
330
1B
100
AcDbEntity
  8
F.Silkscreen
  6
CONTINUOUS
100
AcDbLine
 10
5.5373466141732282
 20
-5.3941647244094488
 30
0
 11
5.5317662204724405
 21
-5.3885843307086612
 31
0
  0
LINE
  5
1298
330
1B
100
AcDbEntity
  8
F.Silkscreen
  6
CONTINUOUS
100
AcDbLine
 10
5.5317662204724405
 20
-5.3885843307086612
 30
0
 11
5.5253815748031494
 21
-5.3839456299212598
 31
0
  0
LINE
  5
1299
330
1B
100
AcDbEntity
  8
F.Silkscreen
  6
CONTINUOUS
100
AcDbLine
 10
5.5253815748031494
 20
-5.3839456299212598
 30
0
 11
5.5183498818897636
 21
-5.3803627952755901
 31
0
  0
LINE
  5
129A
330
1B
100
AcDbEntity
  8
F.Silkscreen
  6
CONTINUOUS
100
AcDbLine
 10
5.5183498818897636
 20
-5.3803627952755901
 30
0
 11
5.5108442913385822
 21
-5.377924094488189
 31
0
  0
LINE
  5
129B
330
1B
100
AcDbEntity
  8
F.Silkscreen
  6
CONTINUOUS
100
AcDbLine
 10
5.5108442913385822
 20
-5.377924094488189
 30
0
 11
5.5030496062992125
 21
-5.3766895275590549
 31
0
  0
LINE
  5
129C
330
1B
100
AcDbEntity
  8
F.Silkscreen
  6
CONTINUOUS
100
AcDbLine
 10
5.5030496062992125
 20
-5.3766895275590549
 30
0
 11
5.4951577165354326
 21
-5.3766895275590549
 31
0
  0
LINE
  5
129D
330
1B
100
AcDbEntity
  8
F.Silkscreen
  6
CONTINUOUS
100
AcDbLine
 10
5.4951577165354326
 20
-5.3766895275590549
 30
0
 11
5.4873630314960629
 21
-5.377924094488189
 31
0
  0
LINE
  5
129E
330
1B
100
AcDbEntity
  8
F.Silkscreen
  6
CONTINUOUS
100
AcDbLine
 10
5.4873630314960629
 20
-5.377924094488189
 30
0
 11
5.4798574409448815
 21
-5.3803627952755901
 31
0
  0
LINE
  5
129F
330
1B
100
AcDbEntity
  8
F.Silkscreen
  6
CONTINUOUS
100
AcDbLine
 10
5.4798574409448815
 20
-5.3803627952755901
 30
0
 11
5.4728257480314957
 21
-5.3839456299212598
 31
0
  0
LINE
  5
12A0
330
1B
100
AcDbEntity
  8
F.Silkscreen
  6
CONTINUOUS
100
AcDbLine
 10
5.4728257480314957
 20
-5.3839456299212598
 30
0
 11
5.4664411023622046
 21
-5.3885843307086612
 31
0
  0
LINE
  5
12A1
330
1B
100
AcDbEntity
  8
F.Silkscreen
  6
CONTINUOUS
100
AcDbLine
 10
5.4664411023622046
 20
-5.3885843307086612
 30
0
 11
5.4608607086614169
 21
-5.3941647244094488
 31
0
  0
LINE
  5
12A2
330
1B
100
AcDbEntity
  8
F.Silkscreen
  6
CONTINUOUS
100
AcDbLine
 10
5.4608607086614169
 20
-5.3941647244094488
 30
0
 11
5.4562220078740156
 21
-5.4005493700787399
 31
0
  0
LINE
  5
12A3
330
1B
100
AcDbEntity
  8
F.Silkscreen
  6
CONTINUOUS
100
AcDbLine
 10
5.4562220078740156
 20
-5.4005493700787399
 30
0
 11
5.4526391732283459
 21
-5.4075810629921257
 31
0
  0
LINE
  5
12A4
330
1B
100
AcDbEntity
  8
F.Silkscreen
  6
CONTINUOUS
100
AcDbLine
 10
5.4526391732283459
 20
-5.4075810629921257
 30
0
 11
5.4502004724409447
 21
-5.4150866535433071
 31
0
  0
LINE
  5
12A5
330
1B
100
AcDbEntity
  8
F.Silkscreen
  6
CONTINUOUS
100
AcDbLine
 10
5.4502004724409447
 20
-5.4150866535433071
 30
0
 11
5.4489659055118107
 21
-5.4228813385826768
 31
0
  0
LINE
  5
12A6
330
1B
100
AcDbEntity
  8
F.Silkscreen
  6
CONTINUOUS
100
AcDbLine
 10
5.4489659055118107
 20
-5.4228813385826768
 30
0
 11
5.4489659055118107
 21
-5.4307732283464567
 31
0
  0
LINE
  5
12A7
330
1B
100
AcDbEntity
  8
F.Silkscreen
  6
CONTINUOUS
100
AcDbLine
 10
6.6739144488188975
 20
-5.3761607086614172
 30
0
 11
6.6816906692913385
 21
-5.3786873622047242
 31
0
  0
LINE
  5
12A8
330
1B
100
AcDbEntity
  8
F.Silkscreen
  6
CONTINUOUS
100
AcDbLine
 10
6.6816906692913385
 20
-5.3786873622047242
 30
0
 11
6.6889759055118105
 21
-5.3823994094488183
 31
0
  0
LINE
  5
12A9
330
1B
100
AcDbEntity
  8
F.Silkscreen
  6
CONTINUOUS
100
AcDbLine
 10
6.6889759055118105
 20
-5.3823994094488183
 30
0
 11
6.6955907874015743
 21
-5.3872053543307086
 31
0
  0
LINE
  5
12AA
330
1B
100
AcDbEntity
  8
F.Silkscreen
  6
CONTINUOUS
100
AcDbLine
 10
6.6955907874015743
 20
-5.3872053543307086
 30
0
 11
6.7013724015748029
 21
-5.3929869685039371
 31
0
  0
LINE
  5
12AB
330
1B
100
AcDbEntity
  8
F.Silkscreen
  6
CONTINUOUS
100
AcDbLine
 10
6.7013724015748029
 20
-5.3929869685039371
 30
0
 11
6.7061783464566931
 21
-5.3996018503937009
 31
0
  0
LINE
  5
12AC
330
1B
100
AcDbEntity
  8
F.Silkscreen
  6
CONTINUOUS
100
AcDbLine
 10
6.7061783464566931
 20
-5.3996018503937009
 30
0
 11
6.7098903937007872
 21
-5.4068870866141729
 31
0
  0
LINE
  5
12AD
330
1B
100
AcDbEntity
  8
F.Silkscreen
  6
CONTINUOUS
100
AcDbLine
 10
6.7098903937007872
 20
-5.4068870866141729
 30
0
 11
6.7124170472440943
 21
-5.4146633070866139
 31
0
  0
LINE
  5
12AE
330
1B
100
AcDbEntity
  8
F.Silkscreen
  6
CONTINUOUS
100
AcDbLine
 10
6.7124170472440943
 20
-5.4146633070866139
 30
0
 11
6.7136961023622046
 21
-5.4227390551181101
 31
0
  0
LINE
  5
12AF
330
1B
100
AcDbEntity
  8
F.Silkscreen
  6
CONTINUOUS
100
AcDbLine
 10
6.7136961023622046
 20
-5.4227390551181101
 30
0
 11
6.7136961023622046
 21
-5.4309155118110235
 31
0
  0
LINE
  5
12B0
330
1B
100
AcDbEntity
  8
F.Silkscreen
  6
CONTINUOUS
100
AcDbLine
 10
6.7136961023622046
 20
-5.4309155118110235
 30
0
 11
6.7124170472440943
 21
-5.4389912598425196
 31
0
  0
LINE
  5
12B1
330
1B
100
AcDbEntity
  8
F.Silkscreen
  6
CONTINUOUS
100
AcDbLine
 10
6.7124170472440943
 20
-5.4389912598425196
 30
0
 11
6.7098903937007872
 21
-5.4467674803149606
 31
0
  0
LINE
  5
12B2
330
1B
100
AcDbEntity
  8
F.Silkscreen
  6
CONTINUOUS
100
AcDbLine
 10
6.7098903937007872
 20
-5.4467674803149606
 30
0
 11
6.7061783464566931
 21
-5.4540527165354327
 31
0
  0
LINE
  5
12B3
330
1B
100
AcDbEntity
  8
F.Silkscreen
  6
CONTINUOUS
100
AcDbLine
 10
6.7061783464566931
 20
-5.4540527165354327
 30
0
 11
6.7013724015748029
 21
-5.4606675984251964
 31
0
  0
LINE
  5
12B4
330
1B
100
AcDbEntity
  8
F.Silkscreen
  6
CONTINUOUS
100
AcDbLine
 10
6.7013724015748029
 20
-5.4606675984251964
 30
0
 11
6.6955907874015743
 21
-5.466449212598425
 31
0
  0
LINE
  5
12B5
330
1B
100
AcDbEntity
  8
F.Silkscreen
  6
CONTINUOUS
100
AcDbLine
 10
6.6955907874015743
 20
-5.466449212598425
 30
0
 11
6.6889759055118105
 21
-5.4712551574803152
 31
0
  0
LINE
  5
12B6
330
1B
100
AcDbEntity
  8
F.Silkscreen
  6
CONTINUOUS
100
AcDbLine
 10
6.6889759055118105
 20
-5.4712551574803152
 30
0
 11
6.6816906692913385
 21
-5.4749672047244093
 31
0
  0
LINE
  5
12B7
330
1B
100
AcDbEntity
  8
F.Silkscreen
  6
CONTINUOUS
100
AcDbLine
 10
6.6816906692913385
 20
-5.4749672047244093
 30
0
 11
6.6739144488188975
 21
-5.4774938582677164
 31
0
  0
LINE
  5
12B8
330
1B
100
AcDbEntity
  8
F.Silkscreen
  6
CONTINUOUS
100
AcDbLine
 10
6.6739144488188975
 20
-5.4774938582677164
 30
0
 11
6.6658387007874014
 21
-5.4787729133858267
 31
0
  0
LINE
  5
12B9
330
1B
100
AcDbEntity
  8
F.Silkscreen
  6
CONTINUOUS
100
AcDbLine
 10
6.6658387007874014
 20
-5.4787729133858267
 30
0
 11
6.6576622440944879
 21
-5.4787729133858267
 31
0
  0
LINE
  5
12BA
330
1B
100
AcDbEntity
  8
F.Silkscreen
  6
CONTINUOUS
100
AcDbLine
 10
6.6576622440944879
 20
-5.4787729133858267
 30
0
 11
6.6495864960629918
 21
-5.4774938582677164
 31
0
  0
LINE
  5
12BB
330
1B
100
AcDbEntity
  8
F.Silkscreen
  6
CONTINUOUS
100
AcDbLine
 10
6.6495864960629918
 20
-5.4774938582677164
 30
0
 11
6.6418102755905508
 21
-5.4749672047244093
 31
0
  0
LINE
  5
12BC
330
1B
100
AcDbEntity
  8
F.Silkscreen
  6
CONTINUOUS
100
AcDbLine
 10
6.6418102755905508
 20
-5.4749672047244093
 30
0
 11
6.6345250393700788
 21
-5.4712551574803152
 31
0
  0
LINE
  5
12BD
330
1B
100
AcDbEntity
  8
F.Silkscreen
  6
CONTINUOUS
100
AcDbLine
 10
6.6345250393700788
 20
-5.4712551574803152
 30
0
 11
6.627910157480315
 21
-5.466449212598425
 31
0
  0
LINE
  5
12BE
330
1B
100
AcDbEntity
  8
F.Silkscreen
  6
CONTINUOUS
100
AcDbLine
 10
6.627910157480315
 20
-5.466449212598425
 30
0
 11
6.6221285433070864
 21
-5.4606675984251964
 31
0
  0
LINE
  5
12BF
330
1B
100
AcDbEntity
  8
F.Silkscreen
  6
CONTINUOUS
100
AcDbLine
 10
6.6221285433070864
 20
-5.4606675984251964
 30
0
 11
6.6173225984251971
 21
-5.4540527165354327
 31
0
  0
LINE
  5
12C0
330
1B
100
AcDbEntity
  8
F.Silkscreen
  6
CONTINUOUS
100
AcDbLine
 10
6.6173225984251971
 20
-5.4540527165354327
 30
0
 11
6.6136105511811021
 21
-5.4467674803149606
 31
0
  0
LINE
  5
12C1
330
1B
100
AcDbEntity
  8
F.Silkscreen
  6
CONTINUOUS
100
AcDbLine
 10
6.6136105511811021
 20
-5.4467674803149606
 30
0
 11
6.611083897637795
 21
-5.4389912598425196
 31
0
  0
LINE
  5
12C2
330
1B
100
AcDbEntity
  8
F.Silkscreen
  6
CONTINUOUS
100
AcDbLine
 10
6.611083897637795
 20
-5.4389912598425196
 30
0
 11
6.6098048425196847
 21
-5.4309155118110235
 31
0
  0
LINE
  5
12C3
330
1B
100
AcDbEntity
  8
F.Silkscreen
  6
CONTINUOUS
100
AcDbLine
 10
6.6098048425196847
 20
-5.4309155118110235
 30
0
 11
6.6098048425196847
 21
-5.4228813385826768
 31
0
  0
LINE
  5
12C4
330
1B
100
AcDbEntity
  8
F.Silkscreen
  6
CONTINUOUS
100
AcDbLine
 10
6.6098048425196847
 20
-5.4228813385826768
 30
0
 11
6.6098048425196847
 21
-5.4227390551181101
 31
0
  0
LINE
  5
12C5
330
1B
100
AcDbEntity
  8
F.Silkscreen
  6
CONTINUOUS
100
AcDbLine
 10
6.6098048425196847
 20
-5.4227390551181101
 30
0
 11
6.611083897637795
 21
-5.4146633070866139
 31
0
  0
LINE
  5
12C6
330
1B
100
AcDbEntity
  8
F.Silkscreen
  6
CONTINUOUS
100
AcDbLine
 10
6.611083897637795
 20
-5.4146633070866139
 30
0
 11
6.6136105511811021
 21
-5.4068870866141729
 31
0
  0
LINE
  5
12C7
330
1B
100
AcDbEntity
  8
F.Silkscreen
  6
CONTINUOUS
100
AcDbLine
 10
6.6136105511811021
 20
-5.4068870866141729
 30
0
 11
6.6173225984251971
 21
-5.3996018503937009
 31
0
  0
LINE
  5
12C8
330
1B
100
AcDbEntity
  8
F.Silkscreen
  6
CONTINUOUS
100
AcDbLine
 10
6.6173225984251971
 20
-5.3996018503937009
 30
0
 11
6.6221285433070864
 21
-5.3929869685039371
 31
0
  0
LINE
  5
12C9
330
1B
100
AcDbEntity
  8
F.Silkscreen
  6
CONTINUOUS
100
AcDbLine
 10
6.6221285433070864
 20
-5.3929869685039371
 30
0
 11
6.627910157480315
 21
-5.3872053543307086
 31
0
  0
LINE
  5
12CA
330
1B
100
AcDbEntity
  8
F.Silkscreen
  6
CONTINUOUS
100
AcDbLine
 10
6.627910157480315
 20
-5.3872053543307086
 30
0
 11
6.6345250393700788
 21
-5.3823994094488183
 31
0
  0
LINE
  5
12CB
330
1B
100
AcDbEntity
  8
F.Silkscreen
  6
CONTINUOUS
100
AcDbLine
 10
6.6345250393700788
 20
-5.3823994094488183
 30
0
 11
6.6418102755905508
 21
-5.3786873622047242
 31
0
  0
LINE
  5
12CC
330
1B
100
AcDbEntity
  8
F.Silkscreen
  6
CONTINUOUS
100
AcDbLine
 10
6.6418102755905508
 20
-5.3786873622047242
 30
0
 11
6.6495864960629918
 21
-5.3761607086614172
 31
0
  0
LINE
  5
12CD
330
1B
100
AcDbEntity
  8
F.Silkscreen
  6
CONTINUOUS
100
AcDbLine
 10
6.6495864960629918
 20
-5.3761607086614172
 30
0
 11
6.6576622440944879
 21
-5.3748816535433068
 31
0
  0
LINE
  5
12CE
330
1B
100
AcDbEntity
  8
F.Silkscreen
  6
CONTINUOUS
100
AcDbLine
 10
6.6576622440944879
 20
-5.3748816535433068
 30
0
 11
6.6658387007874014
 21
-5.3748816535433068
 31
0
  0
LINE
  5
12CF
330
1B
100
AcDbEntity
  8
F.Silkscreen
  6
CONTINUOUS
100
AcDbLine
 10
6.6658387007874014
 20
-5.3748816535433068
 30
0
 11
6.6739144488188975
 21
-5.3761607086614172
 31
0
  0
LINE
  5
12D0
330
1B
100
AcDbEntity
  8
F.Silkscreen
  6
CONTINUOUS
100
AcDbLine
 10
6.6116127165354328
 20
-5.4307732283464567
 30
0
 11
6.6128472834645668
 21
-5.4385679133858265
 31
0
  0
LINE
  5
12D1
330
1B
100
AcDbEntity
  8
F.Silkscreen
  6
CONTINUOUS
100
AcDbLine
 10
6.6128472834645668
 20
-5.4385679133858265
 30
0
 11
6.615285984251968
 21
-5.4460735039370078
 31
0
  0
LINE
  5
12D2
330
1B
100
AcDbEntity
  8
F.Silkscreen
  6
CONTINUOUS
100
AcDbLine
 10
6.615285984251968
 20
-5.4460735039370078
 30
0
 11
6.6188688188976377
 21
-5.4531051968503936
 31
0
  0
LINE
  5
12D3
330
1B
100
AcDbEntity
  8
F.Silkscreen
  6
CONTINUOUS
100
AcDbLine
 10
6.6188688188976377
 20
-5.4531051968503936
 30
0
 11
6.623507519685039
 21
-5.4594898425196847
 31
0
  0
LINE
  5
12D4
330
1B
100
AcDbEntity
  8
F.Silkscreen
  6
CONTINUOUS
100
AcDbLine
 10
6.623507519685039
 20
-5.4594898425196847
 30
0
 11
6.6290879133858267
 21
-5.4650702362204724
 31
0
  0
LINE
  5
12D5
330
1B
100
AcDbEntity
  8
F.Silkscreen
  6
CONTINUOUS
100
AcDbLine
 10
6.6290879133858267
 20
-5.4650702362204724
 30
0
 11
6.6354725590551178
 21
-5.4697089370078738
 31
0
  0
LINE
  5
12D6
330
1B
100
AcDbEntity
  8
F.Silkscreen
  6
CONTINUOUS
100
AcDbLine
 10
6.6354725590551178
 20
-5.4697089370078738
 30
0
 11
6.6425042519685036
 21
-5.4732917716535434
 31
0
  0
LINE
  5
12D7
330
1B
100
AcDbEntity
  8
F.Silkscreen
  6
CONTINUOUS
100
AcDbLine
 10
6.6425042519685036
 20
-5.4732917716535434
 30
0
 11
6.650009842519685
 21
-5.4757304724409446
 31
0
  0
LINE
  5
12D8
330
1B
100
AcDbEntity
  8
F.Silkscreen
  6
CONTINUOUS
100
AcDbLine
 10
6.650009842519685
 20
-5.4757304724409446
 30
0
 11
6.6578045275590547
 21
-5.4769650393700786
 31
0
  0
LINE
  5
12D9
330
1B
100
AcDbEntity
  8
F.Silkscreen
  6
CONTINUOUS
100
AcDbLine
 10
6.6578045275590547
 20
-5.4769650393700786
 30
0
 11
6.6656964173228346
 21
-5.4769650393700786
 31
0
  0
LINE
  5
12DA
330
1B
100
AcDbEntity
  8
F.Silkscreen
  6
CONTINUOUS
100
AcDbLine
 10
6.6656964173228346
 20
-5.4769650393700786
 30
0
 11
6.6734911023622043
 21
-5.4757304724409446
 31
0
  0
LINE
  5
12DB
330
1B
100
AcDbEntity
  8
F.Silkscreen
  6
CONTINUOUS
100
AcDbLine
 10
6.6734911023622043
 20
-5.4757304724409446
 30
0
 11
6.6809966929133857
 21
-5.4732917716535434
 31
0
  0
LINE
  5
12DC
330
1B
100
AcDbEntity
  8
F.Silkscreen
  6
CONTINUOUS
100
AcDbLine
 10
6.6809966929133857
 20
-5.4732917716535434
 30
0
 11
6.6880283858267715
 21
-5.4697089370078738
 31
0
  0
LINE
  5
12DD
330
1B
100
AcDbEntity
  8
F.Silkscreen
  6
CONTINUOUS
100
AcDbLine
 10
6.6880283858267715
 20
-5.4697089370078738
 30
0
 11
6.6944130314960626
 21
-5.4650702362204724
 31
0
  0
LINE
  5
12DE
330
1B
100
AcDbEntity
  8
F.Silkscreen
  6
CONTINUOUS
100
AcDbLine
 10
6.6944130314960626
 20
-5.4650702362204724
 30
0
 11
6.6999934251968503
 21
-5.4594898425196847
 31
0
  0
LINE
  5
12DF
330
1B
100
AcDbEntity
  8
F.Silkscreen
  6
CONTINUOUS
100
AcDbLine
 10
6.6999934251968503
 20
-5.4594898425196847
 30
0
 11
6.7046321259842516
 21
-5.4531051968503936
 31
0
  0
LINE
  5
12E0
330
1B
100
AcDbEntity
  8
F.Silkscreen
  6
CONTINUOUS
100
AcDbLine
 10
6.7046321259842516
 20
-5.4531051968503936
 30
0
 11
6.7082149606299213
 21
-5.4460735039370078
 31
0
  0
LINE
  5
12E1
330
1B
100
AcDbEntity
  8
F.Silkscreen
  6
CONTINUOUS
100
AcDbLine
 10
6.7082149606299213
 20
-5.4460735039370078
 30
0
 11
6.7106536614173224
 21
-5.4385679133858265
 31
0
  0
LINE
  5
12E2
330
1B
100
AcDbEntity
  8
F.Silkscreen
  6
CONTINUOUS
100
AcDbLine
 10
6.7106536614173224
 20
-5.4385679133858265
 30
0
 11
6.7118882283464565
 21
-5.4307732283464567
 31
0
  0
LINE
  5
12E3
330
1B
100
AcDbEntity
  8
F.Silkscreen
  6
CONTINUOUS
100
AcDbLine
 10
6.7118882283464565
 20
-5.4307732283464567
 30
0
 11
6.7118882283464565
 21
-5.4228813385826768
 31
0
  0
LINE
  5
12E4
330
1B
100
AcDbEntity
  8
F.Silkscreen
  6
CONTINUOUS
100
AcDbLine
 10
6.7118882283464565
 20
-5.4228813385826768
 30
0
 11
6.7106536614173224
 21
-5.4150866535433071
 31
0
  0
LINE
  5
12E5
330
1B
100
AcDbEntity
  8
F.Silkscreen
  6
CONTINUOUS
100
AcDbLine
 10
6.7106536614173224
 20
-5.4150866535433071
 30
0
 11
6.7082149606299213
 21
-5.4075810629921257
 31
0
  0
LINE
  5
12E6
330
1B
100
AcDbEntity
  8
F.Silkscreen
  6
CONTINUOUS
100
AcDbLine
 10
6.7082149606299213
 20
-5.4075810629921257
 30
0
 11
6.7046321259842516
 21
-5.4005493700787399
 31
0
  0
LINE
  5
12E7
330
1B
100
AcDbEntity
  8
F.Silkscreen
  6
CONTINUOUS
100
AcDbLine
 10
6.7046321259842516
 20
-5.4005493700787399
 30
0
 11
6.6999934251968503
 21
-5.3941647244094488
 31
0
  0
LINE
  5
12E8
330
1B
100
AcDbEntity
  8
F.Silkscreen
  6
CONTINUOUS
100
AcDbLine
 10
6.6999934251968503
 20
-5.3941647244094488
 30
0
 11
6.6944130314960626
 21
-5.3885843307086612
 31
0
  0
LINE
  5
12E9
330
1B
100
AcDbEntity
  8
F.Silkscreen
  6
CONTINUOUS
100
AcDbLine
 10
6.6944130314960626
 20
-5.3885843307086612
 30
0
 11
6.6880283858267715
 21
-5.3839456299212598
 31
0
  0
LINE
  5
12EA
330
1B
100
AcDbEntity
  8
F.Silkscreen
  6
CONTINUOUS
100
AcDbLine
 10
6.6880283858267715
 20
-5.3839456299212598
 30
0
 11
6.6809966929133857
 21
-5.3803627952755901
 31
0
  0
LINE
  5
12EB
330
1B
100
AcDbEntity
  8
F.Silkscreen
  6
CONTINUOUS
100
AcDbLine
 10
6.6809966929133857
 20
-5.3803627952755901
 30
0
 11
6.6734911023622043
 21
-5.377924094488189
 31
0
  0
LINE
  5
12EC
330
1B
100
AcDbEntity
  8
F.Silkscreen
  6
CONTINUOUS
100
AcDbLine
 10
6.6734911023622043
 20
-5.377924094488189
 30
0
 11
6.6656964173228346
 21
-5.3766895275590549
 31
0
  0
LINE
  5
12ED
330
1B
100
AcDbEntity
  8
F.Silkscreen
  6
CONTINUOUS
100
AcDbLine
 10
6.6656964173228346
 20
-5.3766895275590549
 30
0
 11
6.6578045275590547
 21
-5.3766895275590549
 31
0
  0
LINE
  5
12EE
330
1B
100
AcDbEntity
  8
F.Silkscreen
  6
CONTINUOUS
100
AcDbLine
 10
6.6578045275590547
 20
-5.3766895275590549
 30
0
 11
6.650009842519685
 21
-5.377924094488189
 31
0
  0
LINE
  5
12EF
330
1B
100
AcDbEntity
  8
F.Silkscreen
  6
CONTINUOUS
100
AcDbLine
 10
6.650009842519685
 20
-5.377924094488189
 30
0
 11
6.6425042519685036
 21
-5.3803627952755901
 31
0
  0
LINE
  5
12F0
330
1B
100
AcDbEntity
  8
F.Silkscreen
  6
CONTINUOUS
100
AcDbLine
 10
6.6425042519685036
 20
-5.3803627952755901
 30
0
 11
6.6354725590551178
 21
-5.3839456299212598
 31
0
  0
LINE
  5
12F1
330
1B
100
AcDbEntity
  8
F.Silkscreen
  6
CONTINUOUS
100
AcDbLine
 10
6.6354725590551178
 20
-5.3839456299212598
 30
0
 11
6.6290879133858267
 21
-5.3885843307086612
 31
0
  0
LINE
  5
12F2
330
1B
100
AcDbEntity
  8
F.Silkscreen
  6
CONTINUOUS
100
AcDbLine
 10
6.6290879133858267
 20
-5.3885843307086612
 30
0
 11
6.623507519685039
 21
-5.3941647244094488
 31
0
  0
LINE
  5
12F3
330
1B
100
AcDbEntity
  8
F.Silkscreen
  6
CONTINUOUS
100
AcDbLine
 10
6.623507519685039
 20
-5.3941647244094488
 30
0
 11
6.6188688188976377
 21
-5.4005493700787399
 31
0
  0
LINE
  5
12F4
330
1B
100
AcDbEntity
  8
F.Silkscreen
  6
CONTINUOUS
100
AcDbLine
 10
6.6188688188976377
 20
-5.4005493700787399
 30
0
 11
6.615285984251968
 21
-5.4075810629921257
 31
0
  0
LINE
  5
12F5
330
1B
100
AcDbEntity
  8
F.Silkscreen
  6
CONTINUOUS
100
AcDbLine
 10
6.615285984251968
 20
-5.4075810629921257
 30
0
 11
6.6128472834645668
 21
-5.4150866535433071
 31
0
  0
LINE
  5
12F6
330
1B
100
AcDbEntity
  8
F.Silkscreen
  6
CONTINUOUS
100
AcDbLine
 10
6.6128472834645668
 20
-5.4150866535433071
 30
0
 11
6.6116127165354328
 21
-5.4228813385826768
 31
0
  0
LINE
  5
12F7
330
1B
100
AcDbEntity
  8
F.Silkscreen
  6
CONTINUOUS
100
AcDbLine
 10
6.6116127165354328
 20
-5.4228813385826768
 30
0
 11
6.6116127165354328
 21
-5.4307732283464567
 31
0
  0
LINE
  5
12F8
330
1B
100
AcDbEntity
  8
F.Silkscreen
  6
CONTINUOUS
100
AcDbLine
 10
6.6739144488188975
 20
-3.807994842519685
 30
0
 11
6.6816906692913385
 21
-3.8105214960629921
 31
0
  0
LINE
  5
12F9
330
1B
100
AcDbEntity
  8
F.Silkscreen
  6
CONTINUOUS
100
AcDbLine
 10
6.6816906692913385
 20
-3.8105214960629921
 30
0
 11
6.6889759055118105
 21
-3.8142335433070866
 31
0
  0
LINE
  5
12FA
330
1B
100
AcDbEntity
  8
F.Silkscreen
  6
CONTINUOUS
100
AcDbLine
 10
6.6889759055118105
 20
-3.8142335433070866
 30
0
 11
6.6955907874015743
 21
-3.8190394881889764
 31
0
  0
LINE
  5
12FB
330
1B
100
AcDbEntity
  8
F.Silkscreen
  6
CONTINUOUS
100
AcDbLine
 10
6.6955907874015743
 20
-3.8190394881889764
 30
0
 11
6.7013724015748029
 21
-3.8248211023622045
 31
0
  0
LINE
  5
12FC
330
1B
100
AcDbEntity
  8
F.Silkscreen
  6
CONTINUOUS
100
AcDbLine
 10
6.7013724015748029
 20
-3.8248211023622045
 30
0
 11
6.7061783464566931
 21
-3.8314359842519683
 31
0
  0
LINE
  5
12FD
330
1B
100
AcDbEntity
  8
F.Silkscreen
  6
CONTINUOUS
100
AcDbLine
 10
6.7061783464566931
 20
-3.8314359842519683
 30
0
 11
6.7098903937007872
 21
-3.8387212204724408
 31
0
  0
LINE
  5
12FE
330
1B
100
AcDbEntity
  8
F.Silkscreen
  6
CONTINUOUS
100
AcDbLine
 10
6.7098903937007872
 20
-3.8387212204724408
 30
0
 11
6.7124170472440943
 21
-3.8464974409448818
 31
0
  0
LINE
  5
12FF
330
1B
100
AcDbEntity
  8
F.Silkscreen
  6
CONTINUOUS
100
AcDbLine
 10
6.7124170472440943
 20
-3.8464974409448818
 30
0
 11
6.7136961023622046
 21
-3.8545731889763779
 31
0
  0
LINE
  5
1300
330
1B
100
AcDbEntity
  8
F.Silkscreen
  6
CONTINUOUS
100
AcDbLine
 10
6.7136961023622046
 20
-3.8545731889763779
 30
0
 11
6.7136961023622046
 21
-3.8627496456692914
 31
0
  0
LINE
  5
1301
330
1B
100
AcDbEntity
  8
F.Silkscreen
  6
CONTINUOUS
100
AcDbLine
 10
6.7136961023622046
 20
-3.8627496456692914
 30
0
 11
6.7124170472440943
 21
-3.8708253937007875
 31
0
  0
LINE
  5
1302
330
1B
100
AcDbEntity
  8
F.Silkscreen
  6
CONTINUOUS
100
AcDbLine
 10
6.7124170472440943
 20
-3.8708253937007875
 30
0
 11
6.7098903937007872
 21
-3.8786016141732285
 31
0
  0
LINE
  5
1303
330
1B
100
AcDbEntity
  8
F.Silkscreen
  6
CONTINUOUS
100
AcDbLine
 10
6.7098903937007872
 20
-3.8786016141732285
 30
0
 11
6.7061783464566931
 21
-3.8858868503937005
 31
0
  0
LINE
  5
1304
330
1B
100
AcDbEntity
  8
F.Silkscreen
  6
CONTINUOUS
100
AcDbLine
 10
6.7061783464566931
 20
-3.8858868503937005
 30
0
 11
6.7013724015748029
 21
-3.8925017322834643
 31
0
  0
LINE
  5
1305
330
1B
100
AcDbEntity
  8
F.Silkscreen
  6
CONTINUOUS
100
AcDbLine
 10
6.7013724015748029
 20
-3.8925017322834643
 30
0
 11
6.6955907874015743
 21
-3.8982833464566928
 31
0
  0
LINE
  5
1306
330
1B
100
AcDbEntity
  8
F.Silkscreen
  6
CONTINUOUS
100
AcDbLine
 10
6.6955907874015743
 20
-3.8982833464566928
 30
0
 11
6.6889759055118105
 21
-3.9030892913385826
 31
0
  0
LINE
  5
1307
330
1B
100
AcDbEntity
  8
F.Silkscreen
  6
CONTINUOUS
100
AcDbLine
 10
6.6889759055118105
 20
-3.9030892913385826
 30
0
 11
6.6816906692913385
 21
-3.9068013385826772
 31
0
  0
LINE
  5
1308
330
1B
100
AcDbEntity
  8
F.Silkscreen
  6
CONTINUOUS
100
AcDbLine
 10
6.6816906692913385
 20
-3.9068013385826772
 30
0
 11
6.6739144488188975
 21
-3.9093279921259843
 31
0
  0
LINE
  5
1309
330
1B
100
AcDbEntity
  8
F.Silkscreen
  6
CONTINUOUS
100
AcDbLine
 10
6.6739144488188975
 20
-3.9093279921259843
 30
0
 11
6.6658387007874014
 21
-3.9106070472440946
 31
0
  0
LINE
  5
130A
330
1B
100
AcDbEntity
  8
F.Silkscreen
  6
CONTINUOUS
100
AcDbLine
 10
6.6658387007874014
 20
-3.9106070472440946
 30
0
 11
6.6576622440944879
 21
-3.9106070472440946
 31
0
  0
LINE
  5
130B
330
1B
100
AcDbEntity
  8
F.Silkscreen
  6
CONTINUOUS
100
AcDbLine
 10
6.6576622440944879
 20
-3.9106070472440946
 30
0
 11
6.6495864960629918
 21
-3.9093279921259843
 31
0
  0
LINE
  5
130C
330
1B
100
AcDbEntity
  8
F.Silkscreen
  6
CONTINUOUS
100
AcDbLine
 10
6.6495864960629918
 20
-3.9093279921259843
 30
0
 11
6.6418102755905508
 21
-3.9068013385826772
 31
0
  0
LINE
  5
130D
330
1B
100
AcDbEntity
  8
F.Silkscreen
  6
CONTINUOUS
100
AcDbLine
 10
6.6418102755905508
 20
-3.9068013385826772
 30
0
 11
6.6345250393700788
 21
-3.9030892913385826
 31
0
  0
LINE
  5
130E
330
1B
100
AcDbEntity
  8
F.Silkscreen
  6
CONTINUOUS
100
AcDbLine
 10
6.6345250393700788
 20
-3.9030892913385826
 30
0
 11
6.627910157480315
 21
-3.8982833464566928
 31
0
  0
LINE
  5
130F
330
1B
100
AcDbEntity
  8
F.Silkscreen
  6
CONTINUOUS
100
AcDbLine
 10
6.627910157480315
 20
-3.8982833464566928
 30
0
 11
6.6221285433070864
 21
-3.8925017322834643
 31
0
  0
LINE
  5
1310
330
1B
100
AcDbEntity
  8
F.Silkscreen
  6
CONTINUOUS
100
AcDbLine
 10
6.6221285433070864
 20
-3.8925017322834643
 30
0
 11
6.6173225984251971
 21
-3.8858868503937005
 31
0
  0
LINE
  5
1311
330
1B
100
AcDbEntity
  8
F.Silkscreen
  6
CONTINUOUS
100
AcDbLine
 10
6.6173225984251971
 20
-3.8858868503937005
 30
0
 11
6.6136105511811021
 21
-3.8786016141732285
 31
0
  0
LINE
  5
1312
330
1B
100
AcDbEntity
  8
F.Silkscreen
  6
CONTINUOUS
100
AcDbLine
 10
6.6136105511811021
 20
-3.8786016141732285
 30
0
 11
6.611083897637795
 21
-3.8708253937007875
 31
0
  0
LINE
  5
1313
330
1B
100
AcDbEntity
  8
F.Silkscreen
  6
CONTINUOUS
100
AcDbLine
 10
6.611083897637795
 20
-3.8708253937007875
 30
0
 11
6.6098048425196847
 21
-3.8627496456692914
 31
0
  0
LINE
  5
1314
330
1B
100
AcDbEntity
  8
F.Silkscreen
  6
CONTINUOUS
100
AcDbLine
 10
6.6098048425196847
 20
-3.8627496456692914
 30
0
 11
6.6098048425196847
 21
-3.8547154724409447
 31
0
  0
LINE
  5
1315
330
1B
100
AcDbEntity
  8
F.Silkscreen
  6
CONTINUOUS
100
AcDbLine
 10
6.6098048425196847
 20
-3.8547154724409447
 30
0
 11
6.6098048425196847
 21
-3.8545731889763779
 31
0
  0
LINE
  5
1316
330
1B
100
AcDbEntity
  8
F.Silkscreen
  6
CONTINUOUS
100
AcDbLine
 10
6.6098048425196847
 20
-3.8545731889763779
 30
0
 11
6.611083897637795
 21
-3.8464974409448818
 31
0
  0
LINE
  5
1317
330
1B
100
AcDbEntity
  8
F.Silkscreen
  6
CONTINUOUS
100
AcDbLine
 10
6.611083897637795
 20
-3.8464974409448818
 30
0
 11
6.6136105511811021
 21
-3.8387212204724408
 31
0
  0
LINE
  5
1318
330
1B
100
AcDbEntity
  8
F.Silkscreen
  6
CONTINUOUS
100
AcDbLine
 10
6.6136105511811021
 20
-3.8387212204724408
 30
0
 11
6.6173225984251971
 21
-3.8314359842519683
 31
0
  0
LINE
  5
1319
330
1B
100
AcDbEntity
  8
F.Silkscreen
  6
CONTINUOUS
100
AcDbLine
 10
6.6173225984251971
 20
-3.8314359842519683
 30
0
 11
6.6221285433070864
 21
-3.8248211023622045
 31
0
  0
LINE
  5
131A
330
1B
100
AcDbEntity
  8
F.Silkscreen
  6
CONTINUOUS
100
AcDbLine
 10
6.6221285433070864
 20
-3.8248211023622045
 30
0
 11
6.627910157480315
 21
-3.8190394881889764
 31
0
  0
LINE
  5
131B
330
1B
100
AcDbEntity
  8
F.Silkscreen
  6
CONTINUOUS
100
AcDbLine
 10
6.627910157480315
 20
-3.8190394881889764
 30
0
 11
6.6345250393700788
 21
-3.8142335433070866
 31
0
  0
LINE
  5
131C
330
1B
100
AcDbEntity
  8
F.Silkscreen
  6
CONTINUOUS
100
AcDbLine
 10
6.6345250393700788
 20
-3.8142335433070866
 30
0
 11
6.6418102755905508
 21
-3.8105214960629921
 31
0
  0
LINE
  5
131D
330
1B
100
AcDbEntity
  8
F.Silkscreen
  6
CONTINUOUS
100
AcDbLine
 10
6.6418102755905508
 20
-3.8105214960629921
 30
0
 11
6.6495864960629918
 21
-3.807994842519685
 31
0
  0
LINE
  5
131E
330
1B
100
AcDbEntity
  8
F.Silkscreen
  6
CONTINUOUS
100
AcDbLine
 10
6.6495864960629918
 20
-3.807994842519685
 30
0
 11
6.6576622440944879
 21
-3.8067157874015747
 31
0
  0
LINE
  5
131F
330
1B
100
AcDbEntity
  8
F.Silkscreen
  6
CONTINUOUS
100
AcDbLine
 10
6.6576622440944879
 20
-3.8067157874015747
 30
0
 11
6.6658387007874014
 21
-3.8067157874015747
 31
0
  0
LINE
  5
1320
330
1B
100
AcDbEntity
  8
F.Silkscreen
  6
CONTINUOUS
100
AcDbLine
 10
6.6658387007874014
 20
-3.8067157874015747
 30
0
 11
6.6739144488188975
 21
-3.807994842519685
 31
0
  0
LINE
  5
1321
330
1B
100
AcDbEntity
  8
F.Silkscreen
  6
CONTINUOUS
100
AcDbLine
 10
6.6116127165354328
 20
-3.8626073622047241
 30
0
 11
6.6128472834645668
 21
-3.8704020472440943
 31
0
  0
LINE
  5
1322
330
1B
100
AcDbEntity
  8
F.Silkscreen
  6
CONTINUOUS
100
AcDbLine
 10
6.6128472834645668
 20
-3.8704020472440943
 30
0
 11
6.615285984251968
 21
-3.8779076377952757
 31
0
  0
LINE
  5
1323
330
1B
100
AcDbEntity
  8
F.Silkscreen
  6
CONTINUOUS
100
AcDbLine
 10
6.615285984251968
 20
-3.8779076377952757
 30
0
 11
6.6188688188976377
 21
-3.8849393307086615
 31
0
  0
LINE
  5
1324
330
1B
100
AcDbEntity
  8
F.Silkscreen
  6
CONTINUOUS
100
AcDbLine
 10
6.6188688188976377
 20
-3.8849393307086615
 30
0
 11
6.623507519685039
 21
-3.8913239763779526
 31
0
  0
LINE
  5
1325
330
1B
100
AcDbEntity
  8
F.Silkscreen
  6
CONTINUOUS
100
AcDbLine
 10
6.623507519685039
 20
-3.8913239763779526
 30
0
 11
6.6290879133858267
 21
-3.8969043700787402
 31
0
  0
LINE
  5
1326
330
1B
100
AcDbEntity
  8
F.Silkscreen
  6
CONTINUOUS
100
AcDbLine
 10
6.6290879133858267
 20
-3.8969043700787402
 30
0
 11
6.6354725590551178
 21
-3.9015430708661416
 31
0
  0
LINE
  5
1327
330
1B
100
AcDbEntity
  8
F.Silkscreen
  6
CONTINUOUS
100
AcDbLine
 10
6.6354725590551178
 20
-3.9015430708661416
 30
0
 11
6.6425042519685036
 21
-3.9051259055118108
 31
0
  0
LINE
  5
1328
330
1B
100
AcDbEntity
  8
F.Silkscreen
  6
CONTINUOUS
100
AcDbLine
 10
6.6425042519685036
 20
-3.9051259055118108
 30
0
 11
6.650009842519685
 21
-3.9075646062992124
 31
0
  0
LINE
  5
1329
330
1B
100
AcDbEntity
  8
F.Silkscreen
  6
CONTINUOUS
100
AcDbLine
 10
6.650009842519685
 20
-3.9075646062992124
 30
0
 11
6.6578045275590547
 21
-3.9087991732283465
 31
0
  0
LINE
  5
132A
330
1B
100
AcDbEntity
  8
F.Silkscreen
  6
CONTINUOUS
100
AcDbLine
 10
6.6578045275590547
 20
-3.9087991732283465
 30
0
 11
6.6656964173228346
 21
-3.9087991732283465
 31
0
  0
LINE
  5
132B
330
1B
100
AcDbEntity
  8
F.Silkscreen
  6
CONTINUOUS
100
AcDbLine
 10
6.6656964173228346
 20
-3.9087991732283465
 30
0
 11
6.6734911023622043
 21
-3.9075646062992124
 31
0
  0
LINE
  5
132C
330
1B
100
AcDbEntity
  8
F.Silkscreen
  6
CONTINUOUS
100
AcDbLine
 10
6.6734911023622043
 20
-3.9075646062992124
 30
0
 11
6.6809966929133857
 21
-3.9051259055118108
 31
0
  0
LINE
  5
132D
330
1B
100
AcDbEntity
  8
F.Silkscreen
  6
CONTINUOUS
100
AcDbLine
 10
6.6809966929133857
 20
-3.9051259055118108
 30
0
 11
6.6880283858267715
 21
-3.9015430708661416
 31
0
  0
LINE
  5
132E
330
1B
100
AcDbEntity
  8
F.Silkscreen
  6
CONTINUOUS
100
AcDbLine
 10
6.6880283858267715
 20
-3.9015430708661416
 30
0
 11
6.6944130314960626
 21
-3.8969043700787402
 31
0
  0
LINE
  5
132F
330
1B
100
AcDbEntity
  8
F.Silkscreen
  6
CONTINUOUS
100
AcDbLine
 10
6.6944130314960626
 20
-3.8969043700787402
 30
0
 11
6.6999934251968503
 21
-3.8913239763779526
 31
0
  0
LINE
  5
1330
330
1B
100
AcDbEntity
  8
F.Silkscreen
  6
CONTINUOUS
100
AcDbLine
 10
6.6999934251968503
 20
-3.8913239763779526
 30
0
 11
6.7046321259842516
 21
-3.8849393307086615
 31
0
  0
LINE
  5
1331
330
1B
100
AcDbEntity
  8
F.Silkscreen
  6
CONTINUOUS
100
AcDbLine
 10
6.7046321259842516
 20
-3.8849393307086615
 30
0
 11
6.7082149606299213
 21
-3.8779076377952757
 31
0
  0
LINE
  5
1332
330
1B
100
AcDbEntity
  8
F.Silkscreen
  6
CONTINUOUS
100
AcDbLine
 10
6.7082149606299213
 20
-3.8779076377952757
 30
0
 11
6.7106536614173224
 21
-3.8704020472440943
 31
0
  0
LINE
  5
1333
330
1B
100
AcDbEntity
  8
F.Silkscreen
  6
CONTINUOUS
100
AcDbLine
 10
6.7106536614173224
 20
-3.8704020472440943
 30
0
 11
6.7118882283464565
 21
-3.8626073622047241
 31
0
  0
LINE
  5
1334
330
1B
100
AcDbEntity
  8
F.Silkscreen
  6
CONTINUOUS
100
AcDbLine
 10
6.7118882283464565
 20
-3.8626073622047241
 30
0
 11
6.7118882283464565
 21
-3.8547154724409447
 31
0
  0
LINE
  5
1335
330
1B
100
AcDbEntity
  8
F.Silkscreen
  6
CONTINUOUS
100
AcDbLine
 10
6.7118882283464565
 20
-3.8547154724409447
 30
0
 11
6.7106536614173224
 21
-3.8469207874015745
 31
0
  0
LINE
  5
1336
330
1B
100
AcDbEntity
  8
F.Silkscreen
  6
CONTINUOUS
100
AcDbLine
 10
6.7106536614173224
 20
-3.8469207874015745
 30
0
 11
6.7082149606299213
 21
-3.8394151968503936
 31
0
  0
LINE
  5
1337
330
1B
100
AcDbEntity
  8
F.Silkscreen
  6
CONTINUOUS
100
AcDbLine
 10
6.7082149606299213
 20
-3.8394151968503936
 30
0
 11
6.7046321259842516
 21
-3.8323835039370078
 31
0
  0
LINE
  5
1338
330
1B
100
AcDbEntity
  8
F.Silkscreen
  6
CONTINUOUS
100
AcDbLine
 10
6.7046321259842516
 20
-3.8323835039370078
 30
0
 11
6.6999934251968503
 21
-3.8259988582677162
 31
0
  0
LINE
  5
1339
330
1B
100
AcDbEntity
  8
F.Silkscreen
  6
CONTINUOUS
100
AcDbLine
 10
6.6999934251968503
 20
-3.8259988582677162
 30
0
 11
6.6944130314960626
 21
-3.820418464566929
 31
0
  0
LINE
  5
133A
330
1B
100
AcDbEntity
  8
F.Silkscreen
  6
CONTINUOUS
100
AcDbLine
 10
6.6944130314960626
 20
-3.820418464566929
 30
0
 11
6.6880283858267715
 21
-3.8157797637795277
 31
0
  0
LINE
  5
133B
330
1B
100
AcDbEntity
  8
F.Silkscreen
  6
CONTINUOUS
100
AcDbLine
 10
6.6880283858267715
 20
-3.8157797637795277
 30
0
 11
6.6809966929133857
 21
-3.812196929133858
 31
0
  0
LINE
  5
133C
330
1B
100
AcDbEntity
  8
F.Silkscreen
  6
CONTINUOUS
100
AcDbLine
 10
6.6809966929133857
 20
-3.812196929133858
 30
0
 11
6.6734911023622043
 21
-3.8097582283464564
 31
0
  0
LINE
  5
133D
330
1B
100
AcDbEntity
  8
F.Silkscreen
  6
CONTINUOUS
100
AcDbLine
 10
6.6734911023622043
 20
-3.8097582283464564
 30
0
 11
6.6656964173228346
 21
-3.8085236614173228
 31
0
  0
LINE
  5
133E
330
1B
100
AcDbEntity
  8
F.Silkscreen
  6
CONTINUOUS
100
AcDbLine
 10
6.6656964173228346
 20
-3.8085236614173228
 30
0
 11
6.6578045275590547
 21
-3.8085236614173228
 31
0
  0
LINE
  5
133F
330
1B
100
AcDbEntity
  8
F.Silkscreen
  6
CONTINUOUS
100
AcDbLine
 10
6.6578045275590547
 20
-3.8085236614173228
 30
0
 11
6.650009842519685
 21
-3.8097582283464564
 31
0
  0
LINE
  5
1340
330
1B
100
AcDbEntity
  8
F.Silkscreen
  6
CONTINUOUS
100
AcDbLine
 10
6.650009842519685
 20
-3.8097582283464564
 30
0
 11
6.6425042519685036
 21
-3.812196929133858
 31
0
  0
LINE
  5
1341
330
1B
100
AcDbEntity
  8
F.Silkscreen
  6
CONTINUOUS
100
AcDbLine
 10
6.6425042519685036
 20
-3.812196929133858
 30
0
 11
6.6354725590551178
 21
-3.8157797637795277
 31
0
  0
LINE
  5
1342
330
1B
100
AcDbEntity
  8
F.Silkscreen
  6
CONTINUOUS
100
AcDbLine
 10
6.6354725590551178
 20
-3.8157797637795277
 30
0
 11
6.6290879133858267
 21
-3.820418464566929
 31
0
  0
LINE
  5
1343
330
1B
100
AcDbEntity
  8
F.Silkscreen
  6
CONTINUOUS
100
AcDbLine
 10
6.6290879133858267
 20
-3.820418464566929
 30
0
 11
6.623507519685039
 21
-3.8259988582677162
 31
0
  0
LINE
  5
1344
330
1B
100
AcDbEntity
  8
F.Silkscreen
  6
CONTINUOUS
100
AcDbLine
 10
6.623507519685039
 20
-3.8259988582677162
 30
0
 11
6.6188688188976377
 21
-3.8323835039370078
 31
0
  0
LINE
  5
1345
330
1B
100
AcDbEntity
  8
F.Silkscreen
  6
CONTINUOUS
100
AcDbLine
 10
6.6188688188976377
 20
-3.8323835039370078
 30
0
 11
6.615285984251968
 21
-3.8394151968503936
 31
0
  0
LINE
  5
1346
330
1B
100
AcDbEntity
  8
F.Silkscreen
  6
CONTINUOUS
100
AcDbLine
 10
6.615285984251968
 20
-3.8394151968503936
 30
0
 11
6.6128472834645668
 21
-3.8469207874015745
 31
0
  0
LINE
  5
1347
330
1B
100
AcDbEntity
  8
F.Silkscreen
  6
CONTINUOUS
100
AcDbLine
 10
6.6128472834645668
 20
-3.8469207874015745
 30
0
 11
6.6116127165354328
 21
-3.8547154724409447
 31
0
  0
LINE
  5
1348
330
1B
100
AcDbEntity
  8
F.Silkscreen
  6
CONTINUOUS
100
AcDbLine
 10
6.6116127165354328
 20
-3.8547154724409447
 30
0
 11
6.6116127165354328
 21
-3.8626073622047241
 31
0
  0
LINE
  5
1349
330
1B
100
AcDbEntity
  8
F.Silkscreen
  6
CONTINUOUS
100
AcDbLine
 10
6.6681321259842514
 20
-3.7494472834645669
 30
0
 11
6.6807694094488186
 21
-3.7509268503937006
 31
0
  0
LINE
  5
134A
330
1B
100
AcDbEntity
  8
F.Silkscreen
  6
CONTINUOUS
100
AcDbLine
 10
6.6807694094488186
 20
-3.7509268503937006
 30
0
 11
6.6931494094488189
 21
-3.7538637007874014
 31
0
  0
LINE
  5
134B
330
1B
100
AcDbEntity
  8
F.Silkscreen
  6
CONTINUOUS
100
AcDbLine
 10
6.6931494094488189
 20
-3.7538637007874014
 30
0
 11
6.7051047244094484
 21
-3.7582180708661417
 31
0
  0
LINE
  5
134C
330
1B
100
AcDbEntity
  8
F.Silkscreen
  6
CONTINUOUS
100
AcDbLine
 10
6.7051047244094484
 20
-3.7582180708661417
 30
0
 11
6.7164736220472436
 21
-3.7639311023622049
 31
0
  0
LINE
  5
134D
330
1B
100
AcDbEntity
  8
F.Silkscreen
  6
CONTINUOUS
100
AcDbLine
 10
6.7164736220472436
 20
-3.7639311023622049
 30
0
 11
6.7271023228346456
 21
-3.7709254724409447
 31
0
  0
LINE
  5
134E
330
1B
100
AcDbEntity
  8
F.Silkscreen
  6
CONTINUOUS
100
AcDbLine
 10
6.7271023228346456
 20
-3.7709254724409447
 30
0
 11
6.7368470078740152
 21
-3.7791066141732284
 31
0
  0
LINE
  5
134F
330
1B
100
AcDbEntity
  8
F.Silkscreen
  6
CONTINUOUS
100
AcDbLine
 10
6.7368470078740152
 20
-3.7791066141732284
 30
0
 11
6.7455759448818897
 21
-3.7883638582677164
 31
0
  0
LINE
  5
1350
330
1B
100
AcDbEntity
  8
F.Silkscreen
  6
CONTINUOUS
100
AcDbLine
 10
6.7455759448818897
 20
-3.7883638582677164
 30
0
 11
6.7531709842519687
 21
-3.7985719291338582
 31
0
  0
LINE
  5
1351
330
1B
100
AcDbEntity
  8
F.Silkscreen
  6
CONTINUOUS
100
AcDbLine
 10
6.7531709842519687
 20
-3.7985719291338582
 30
0
 11
6.7595294488188973
 21
-3.8095928346456693
 31
0
  0
LINE
  5
1352
330
1B
100
AcDbEntity
  8
F.Silkscreen
  6
CONTINUOUS
100
AcDbLine
 10
6.7595294488188973
 20
-3.8095928346456693
 30
0
 11
6.7645653149606302
 21
-3.8212774409448818
 31
0
  0
LINE
  5
1353
330
1B
100
AcDbEntity
  8
F.Silkscreen
  6
CONTINUOUS
100
AcDbLine
 10
6.7645653149606302
 20
-3.8212774409448818
 30
0
 11
6.7682104724409449
 21
-3.8334677559055117
 31
0
  0
LINE
  5
1354
330
1B
100
AcDbEntity
  8
F.Silkscreen
  6
CONTINUOUS
100
AcDbLine
 10
6.7682104724409449
 20
-3.8334677559055117
 30
0
 11
6.7704156299212599
 21
-3.8459988188976375
 31
0
  0
LINE
  5
1355
330
1B
100
AcDbEntity
  8
F.Silkscreen
  6
CONTINUOUS
100
AcDbLine
 10
6.7704156299212599
 20
-3.8459988188976375
 30
0
 11
6.7711509055118109
 21
-3.8587011417322832
 31
0
  0
LINE
  5
1356
330
1B
100
AcDbEntity
  8
F.Silkscreen
  6
CONTINUOUS
100
AcDbLine
 10
6.7711509055118109
 20
-3.8587011417322832
 30
0
 11
6.7711504330708658
 21
-3.8587025590551178
 31
0
  0
LINE
  5
1357
330
1B
100
AcDbEntity
  8
F.Silkscreen
  6
CONTINUOUS
100
AcDbLine
 10
6.7711504330708658
 20
-3.8587025590551178
 30
0
 11
6.7711509055118109
 21
-3.8587049606299213
 31
0
  0
LINE
  5
1358
330
1B
100
AcDbEntity
  8
F.Silkscreen
  6
CONTINUOUS
100
AcDbLine
 10
6.7711509055118109
 20
-3.8587049606299213
 30
0
 11
6.7707572047244096
 21
-4.0311579921259844
 31
0
  0
LINE
  5
1359
330
1B
100
AcDbEntity
  8
F.Silkscreen
  6
CONTINUOUS
100
AcDbLine
 10
6.7707572047244096
 20
-4.0311579921259844
 30
0
 11
6.7707572047244096
 21
-5.4299768503937003
 31
0
  0
LINE
  5
135A
330
1B
100
AcDbEntity
  8
F.Silkscreen
  6
CONTINUOUS
100
AcDbLine
 10
6.7707572047244096
 20
-5.4299768503937003
 30
0
 11
6.7707572047244096
 21
-5.429976889763779
 31
0
  0
LINE
  5
135B
330
1B
100
AcDbEntity
  8
F.Silkscreen
  6
CONTINUOUS
100
AcDbLine
 10
6.7707572047244096
 20
-5.429976889763779
 30
0
 11
6.7701259448818893
 21
-5.4412174015748027
 31
0
  0
LINE
  5
135C
330
1B
100
AcDbEntity
  8
F.Silkscreen
  6
CONTINUOUS
100
AcDbLine
 10
6.7701259448818893
 20
-5.4412174015748027
 30
0
 11
6.7682401181102358
 21
-5.4523165748031497
 31
0
  0
LINE
  5
135D
330
1B
100
AcDbEntity
  8
F.Silkscreen
  6
CONTINUOUS
100
AcDbLine
 10
6.7682401181102358
 20
-5.4523165748031497
 30
0
 11
6.7651234645669289
 21
-5.4631348425196853
 31
0
  0
LINE
  5
135E
330
1B
100
AcDbEntity
  8
F.Silkscreen
  6
CONTINUOUS
100
AcDbLine
 10
6.7651234645669289
 20
-5.4631348425196853
 30
0
 11
6.7608151181102363
 21
-5.4735361023622042
 31
0
  0
LINE
  5
135F
330
1B
100
AcDbEntity
  8
F.Silkscreen
  6
CONTINUOUS
100
AcDbLine
 10
6.7608151181102363
 20
-5.4735361023622042
 30
0
 11
6.7553692913385825
 21
-5.4833895669291337
 31
0
  0
LINE
  5
1360
330
1B
100
AcDbEntity
  8
F.Silkscreen
  6
CONTINUOUS
100
AcDbLine
 10
6.7553692913385825
 20
-5.4833895669291337
 30
0
 11
6.7488544488188973
 21
-5.4925713385826773
 31
0
  0
LINE
  5
1361
330
1B
100
AcDbEntity
  8
F.Silkscreen
  6
CONTINUOUS
100
AcDbLine
 10
6.7488544488188973
 20
-5.4925713385826773
 30
0
 11
6.7413525590551178
 21
-5.5009659448818899
 31
0
  0
LINE
  5
1362
330
1B
100
AcDbEntity
  8
F.Silkscreen
  6
CONTINUOUS
100
AcDbLine
 10
6.7413525590551178
 20
-5.5009659448818899
 30
0
 11
6.7329579527559051
 21
-5.5084678346456695
 31
0
  0
LINE
  5
1363
330
1B
100
AcDbEntity
  8
F.Silkscreen
  6
CONTINUOUS
100
AcDbLine
 10
6.7329579527559051
 20
-5.5084678346456695
 30
0
 11
6.7237761811023624
 21
-5.5149826771653538
 31
0
  0
LINE
  5
1364
330
1B
100
AcDbEntity
  8
F.Silkscreen
  6
CONTINUOUS
100
AcDbLine
 10
6.7237761811023624
 20
-5.5149826771653538
 30
0
 11
6.7139227165354329
 21
-5.5204285039370076
 31
0
  0
LINE
  5
1365
330
1B
100
AcDbEntity
  8
F.Silkscreen
  6
CONTINUOUS
100
AcDbLine
 10
6.7139227165354329
 20
-5.5204285039370076
 30
0
 11
6.7035214566929131
 21
-5.5247368503937011
 31
0
  0
LINE
  5
1366
330
1B
100
AcDbEntity
  8
F.Silkscreen
  6
CONTINUOUS
100
AcDbLine
 10
6.7035214566929131
 20
-5.5247368503937011
 30
0
 11
6.6927031889763775
 21
-5.527853503937008
 31
0
  0
LINE
  5
1367
330
1B
100
AcDbEntity
  8
F.Silkscreen
  6
CONTINUOUS
100
AcDbLine
 10
6.6927031889763775
 20
-5.527853503937008
 30
0
 11
6.6816040157480314
 21
-5.5297393307086615
 31
0
  0
LINE
  5
1368
330
1B
100
AcDbEntity
  8
F.Silkscreen
  6
CONTINUOUS
100
AcDbLine
 10
6.6816040157480314
 20
-5.5297393307086615
 30
0
 11
6.6703635039370077
 21
-5.5303705905511809
 31
0
  0
LINE
  5
1369
330
1B
100
AcDbEntity
  8
F.Silkscreen
  6
CONTINUOUS
100
AcDbLine
 10
6.6703635039370077
 20
-5.5303705905511809
 30
0
 11
5.4920170866141733
 21
-5.5303705905511809
 31
0
  0
LINE
  5
136A
330
1B
100
AcDbEntity
  8
F.Silkscreen
  6
CONTINUOUS
100
AcDbLine
 10
5.4920170866141733
 20
-5.5303705905511809
 30
0
 11
5.4920170472440946
 21
-5.5303705905511809
 31
0
  0
LINE
  5
136B
330
1B
100
AcDbEntity
  8
F.Silkscreen
  6
CONTINUOUS
100
AcDbLine
 10
5.4920170472440946
 20
-5.5303705905511809
 30
0
 11
5.4920170078740158
 21
-5.5303705511811021
 31
0
  0
LINE
  5
136C
330
1B
100
AcDbEntity
  8
F.Silkscreen
  6
CONTINUOUS
100
AcDbLine
 10
5.4920170078740158
 20
-5.5303705511811021
 30
0
 11
5.4807764566929134
 21
-5.5297396062992128
 31
0
  0
LINE
  5
136D
330
1B
100
AcDbEntity
  8
F.Silkscreen
  6
CONTINUOUS
100
AcDbLine
 10
5.4807764566929134
 20
-5.5297396062992128
 30
0
 11
5.469677165354331
 21
-5.5278539763779531
 31
0
  0
LINE
  5
136E
330
1B
100
AcDbEntity
  8
F.Silkscreen
  6
CONTINUOUS
100
AcDbLine
 10
5.469677165354331
 20
-5.5278539763779531
 30
0
 11
5.4588588188976379
 21
-5.5247374803149603
 31
0
  0
LINE
  5
136F
330
1B
100
AcDbEntity
  8
F.Silkscreen
  6
CONTINUOUS
100
AcDbLine
 10
5.4588588188976379
 20
-5.5247374803149603
 30
0
 11
5.4484574015748031
 21
-5.5204292125984251
 31
0
  0
LINE
  5
1370
330
1B
100
AcDbEntity
  8
F.Silkscreen
  6
CONTINUOUS
100
AcDbLine
 10
5.4484574015748031
 20
-5.5204292125984251
 30
0
 11
5.4386038188976373
 21
-5.5149834645669289
 31
0
  0
LINE
  5
1371
330
1B
100
AcDbEntity
  8
F.Silkscreen
  6
CONTINUOUS
100
AcDbLine
 10
5.4386038188976373
 20
-5.5149834645669289
 30
0
 11
5.4294219291338583
 21
-5.5084686220472436
 31
0
  0
LINE
  5
1372
330
1B
100
AcDbEntity
  8
F.Silkscreen
  6
CONTINUOUS
100
AcDbLine
 10
5.4294219291338583
 20
-5.5084686220472436
 30
0
 11
5.4210272440944882
 21
-5.5009666929133854
 31
0
  0
LINE
  5
1373
330
1B
100
AcDbEntity
  8
F.Silkscreen
  6
CONTINUOUS
100
AcDbLine
 10
5.4210272440944882
 20
-5.5009666929133854
 30
0
 11
5.4135253149606299
 21
-5.4925720078740152
 31
0
  0
LINE
  5
1374
330
1B
100
AcDbEntity
  8
F.Silkscreen
  6
CONTINUOUS
100
AcDbLine
 10
5.4135253149606299
 20
-5.4925720078740152
 30
0
 11
5.4070104724409447
 21
-5.4833901181102362
 31
0
  0
LINE
  5
1375
330
1B
100
AcDbEntity
  8
F.Silkscreen
  6
CONTINUOUS
100
AcDbLine
 10
5.4070104724409447
 20
-5.4833901181102362
 30
0
 11
5.4015647244094485
 21
-5.4735365354330705
 31
0
  0
LINE
  5
1376
330
1B
100
AcDbEntity
  8
F.Silkscreen
  6
CONTINUOUS
100
AcDbLine
 10
5.4015647244094485
 20
-5.4735365354330705
 30
0
 11
5.3972564566929133
 21
-5.4631351181102357
 31
0
  0
LINE
  5
1377
330
1B
100
AcDbEntity
  8
F.Silkscreen
  6
CONTINUOUS
100
AcDbLine
 10
5.3972564566929133
 20
-5.4631351181102357
 30
0
 11
5.3941399606299214
 21
-5.4523167716535434
 31
0
  0
LINE
  5
1378
330
1B
100
AcDbEntity
  8
F.Silkscreen
  6
CONTINUOUS
100
AcDbLine
 10
5.3941399606299214
 20
-5.4523167716535434
 30
0
 11
5.3922543307086617
 21
-5.4412174803149602
 31
0
  0
LINE
  5
1379
330
1B
100
AcDbEntity
  8
F.Silkscreen
  6
CONTINUOUS
100
AcDbLine
 10
5.3922543307086617
 20
-5.4412174803149602
 30
0
 11
5.3916233464566927
 21
-5.4299768503937003
 31
0
  0
LINE
  5
137A
330
1B
100
AcDbEntity
  8
F.Silkscreen
  6
CONTINUOUS
100
AcDbLine
 10
5.3916233464566927
 20
-5.4299768503937003
 30
0
 11
5.3916233464566927
 21
-4.0311579921259844
 31
0
  0
LINE
  5
137B
330
1B
100
AcDbEntity
  8
F.Silkscreen
  6
CONTINUOUS
100
AcDbLine
 10
5.3916233464566927
 20
-4.0311579921259844
 30
0
 11
5.392254606299212
 21
-4.0199174803149607
 31
0
  0
LINE
  5
137C
330
1B
100
AcDbEntity
  8
F.Silkscreen
  6
CONTINUOUS
100
AcDbLine
 10
5.392254606299212
 20
-4.0199174803149607
 30
0
 11
5.3941404330708664
 21
-4.0088183070866137
 31
0
  0
LINE
  5
137D
330
1B
100
AcDbEntity
  8
F.Silkscreen
  6
CONTINUOUS
100
AcDbLine
 10
5.3941404330708664
 20
-4.0088183070866137
 30
0
 11
5.3972570866141734
 21
-3.9980000393700785
 31
0
  0
LINE
  5
137E
330
1B
100
AcDbEntity
  8
F.Silkscreen
  6
CONTINUOUS
100
AcDbLine
 10
5.3972570866141734
 20
-3.9980000393700785
 30
0
 11
5.401565433070866
 21
-3.9875987795275591
 31
0
  0
LINE
  5
137F
330
1B
100
AcDbEntity
  8
F.Silkscreen
  6
CONTINUOUS
100
AcDbLine
 10
5.401565433070866
 20
-3.9875987795275591
 30
0
 11
5.4070112598425197
 21
-3.9777453149606297
 31
0
  0
LINE
  5
1380
330
1B
100
AcDbEntity
  8
F.Silkscreen
  6
CONTINUOUS
100
AcDbLine
 10
5.4070112598425197
 20
-3.9777453149606297
 30
0
 11
5.413526102362205
 21
-3.9685635433070865
 31
0
  0
LINE
  5
1381
330
1B
100
AcDbEntity
  8
F.Silkscreen
  6
CONTINUOUS
100
AcDbLine
 10
5.413526102362205
 20
-3.9685635433070865
 30
0
 11
5.4210279921259845
 21
-3.9601689370078739
 31
0
  0
LINE
  5
1382
330
1B
100
AcDbEntity
  8
F.Silkscreen
  6
CONTINUOUS
100
AcDbLine
 10
5.4210279921259845
 20
-3.9601689370078739
 30
0
 11
5.4294225984251971
 21
-3.9526670472440943
 31
0
  0
LINE
  5
1383
330
1B
100
AcDbEntity
  8
F.Silkscreen
  6
CONTINUOUS
100
AcDbLine
 10
5.4294225984251971
 20
-3.9526670472440943
 30
0
 11
5.4386043700787399
 21
-3.9461522047244095
 31
0
  0
LINE
  5
1384
330
1B
100
AcDbEntity
  8
F.Silkscreen
  6
CONTINUOUS
100
AcDbLine
 10
5.4386043700787399
 20
-3.9461522047244095
 30
0
 11
5.4484578346456694
 21
-3.9407063779527558
 31
0
  0
LINE
  5
1385
330
1B
100
AcDbEntity
  8
F.Silkscreen
  6
CONTINUOUS
100
AcDbLine
 10
5.4484578346456694
 20
-3.9407063779527558
 30
0
 11
5.4588590944881892
 21
-3.9363980314960627
 31
0
  0
LINE
  5
1386
330
1B
100
AcDbEntity
  8
F.Silkscreen
  6
CONTINUOUS
100
AcDbLine
 10
5.4588590944881892
 20
-3.9363980314960627
 30
0
 11
5.4696773622047239
 21
-3.9332813779527558
 31
0
  0
LINE
  5
1387
330
1B
100
AcDbEntity
  8
F.Silkscreen
  6
CONTINUOUS
100
AcDbLine
 10
5.4696773622047239
 20
-3.9332813779527558
 30
0
 11
5.4807765354330709
 21
-3.9313955511811023
 31
0
  0
LINE
  5
1388
330
1B
100
AcDbEntity
  8
F.Silkscreen
  6
CONTINUOUS
100
AcDbLine
 10
5.4807765354330709
 20
-3.9313955511811023
 30
0
 11
5.4920159842519682
 21
-3.9307643307086613
 31
0
  0
LINE
  5
1389
330
1B
100
AcDbEntity
  8
F.Silkscreen
  6
CONTINUOUS
100
AcDbLine
 10
5.4920159842519682
 20
-3.9307643307086613
 30
0
 11
5.4920162992125983
 21
-3.9307642913385825
 31
0
  0
LINE
  5
138A
330
1B
100
AcDbEntity
  8
F.Silkscreen
  6
CONTINUOUS
100
AcDbLine
 10
5.4920162992125983
 20
-3.9307642913385825
 30
0
 11
6.5523500393700784
 21
-3.9303712992125983
 31
0
  0
LINE
  5
138B
330
1B
100
AcDbEntity
  8
F.Silkscreen
  6
CONTINUOUS
100
AcDbLine
 10
6.5523500393700784
 20
-3.9303712992125983
 30
0
 11
6.5523500393700784
 21
-3.8586614173228346
 31
0
  0
LINE
  5
138C
330
1B
100
AcDbEntity
  8
F.Silkscreen
  6
CONTINUOUS
100
AcDbLine
 10
6.5523500393700784
 20
-3.8586614173228346
 30
0
 11
6.5530899212598426
 21
-3.8459593307086615
 31
0
  0
LINE
  5
138D
330
1B
100
AcDbEntity
  8
F.Silkscreen
  6
CONTINUOUS
100
AcDbLine
 10
6.5530899212598426
 20
-3.8459593307086615
 30
0
 11
6.5552996062992124
 21
-3.833429094488189
 31
0
  0
LINE
  5
138E
330
1B
100
AcDbEntity
  8
F.Silkscreen
  6
CONTINUOUS
100
AcDbLine
 10
6.5552996062992124
 20
-3.833429094488189
 30
0
 11
6.5589492125984252
 21
-3.8212401181102362
 31
0
  0
LINE
  5
138F
330
1B
100
AcDbEntity
  8
F.Silkscreen
  6
CONTINUOUS
100
AcDbLine
 10
6.5589492125984252
 20
-3.8212401181102362
 30
0
 11
6.5639893307086616
 21
-3.8095573228346455
 31
0
  0
LINE
  5
1390
330
1B
100
AcDbEntity
  8
F.Silkscreen
  6
CONTINUOUS
100
AcDbLine
 10
6.5639893307086616
 20
-3.8095573228346455
 30
0
 11
6.5703517716535433
 21
-3.7985387401574804
 31
0
  0
LINE
  5
1391
330
1B
100
AcDbEntity
  8
F.Silkscreen
  6
CONTINUOUS
100
AcDbLine
 10
6.5703517716535433
 20
-3.7985387401574804
 30
0
 11
6.5779505511811021
 21
-3.7883334251968503
 31
0
  0
LINE
  5
1392
330
1B
100
AcDbEntity
  8
F.Silkscreen
  6
CONTINUOUS
100
AcDbLine
 10
6.5779505511811021
 20
-3.7883334251968503
 30
0
 11
6.5866828346456687
 21
-3.77907937007874
 31
0
  0
LINE
  5
1393
330
1B
100
AcDbEntity
  8
F.Silkscreen
  6
CONTINUOUS
100
AcDbLine
 10
6.5866828346456687
 20
-3.77907937007874
 30
0
 11
6.5964305118110236
 21
-3.7709017716535431
 31
0
  0
LINE
  5
1394
330
1B
100
AcDbEntity
  8
F.Silkscreen
  6
CONTINUOUS
100
AcDbLine
 10
6.5964305118110236
 20
-3.7709017716535431
 30
0
 11
6.6070617322834648
 21
-3.7639112598425197
 31
0
  0
LINE
  5
1395
330
1B
100
AcDbEntity
  8
F.Silkscreen
  6
CONTINUOUS
100
AcDbLine
 10
6.6070617322834648
 20
-3.7639112598425197
 30
0
 11
6.6184326771653543
 21
-3.7582023622047243
 31
0
  0
LINE
  5
1396
330
1B
100
AcDbEntity
  8
F.Silkscreen
  6
CONTINUOUS
100
AcDbLine
 10
6.6184326771653543
 20
-3.7582023622047243
 30
0
 11
6.6303895669291339
 21
-3.7538523228346454
 31
0
  0
LINE
  5
1397
330
1B
100
AcDbEntity
  8
F.Silkscreen
  6
CONTINUOUS
100
AcDbLine
 10
6.6303895669291339
 20
-3.7538523228346454
 30
0
 11
6.6427706692913384
 21
-3.7509199606299211
 31
0
  0
LINE
  5
1398
330
1B
100
AcDbEntity
  8
F.Silkscreen
  6
CONTINUOUS
100
AcDbLine
 10
6.6427706692913384
 20
-3.7509199606299211
 30
0
 11
6.6554085039370081
 21
-3.7494449606299214
 31
0
  0
LINE
  5
1399
330
1B
100
AcDbEntity
  8
F.Silkscreen
  6
CONTINUOUS
100
AcDbLine
 10
6.6554085039370081
 20
-3.7494449606299214
 30
0
 11
6.6681321259842514
 21
-3.7494472834645669
 31
0
  0
LINE
  5
139A
330
1B
100
AcDbEntity
  8
F.Silkscreen
  6
CONTINUOUS
100
AcDbLine
 10
6.6495038188976379
 20
-3.7537314960629922
 30
0
 11
6.6374036220472439
 21
-3.7558630708661416
 31
0
  0
LINE
  5
139B
330
1B
100
AcDbEntity
  8
F.Silkscreen
  6
CONTINUOUS
100
AcDbLine
 10
6.6374036220472439
 20
-3.7558630708661416
 30
0
 11
6.6256327559055119
 21
-3.759385157480315
 31
0
  0
LINE
  5
139C
330
1B
100
AcDbEntity
  8
F.Silkscreen
  6
CONTINUOUS
100
AcDbLine
 10
6.6256327559055119
 20
-3.759385157480315
 30
0
 11
6.6143504330708662
 21
-3.7642500787401576
 31
0
  0
LINE
  5
139D
330
1B
100
AcDbEntity
  8
F.Silkscreen
  6
CONTINUOUS
100
AcDbLine
 10
6.6143504330708662
 20
-3.7642500787401576
 30
0
 11
6.6037092519685041
 21
-3.7703920472440946
 31
0
  0
LINE
  5
139E
330
1B
100
AcDbEntity
  8
F.Silkscreen
  6
CONTINUOUS
100
AcDbLine
 10
6.6037092519685041
 20
-3.7703920472440946
 30
0
 11
6.5938531496062991
 21
-3.7777279527559053
 31
0
  0
LINE
  5
139F
330
1B
100
AcDbEntity
  8
F.Silkscreen
  6
CONTINUOUS
100
AcDbLine
 10
6.5938531496062991
 20
-3.7777279527559053
 30
0
 11
6.5849154724409447
 21
-3.7861586614173226
 31
0
  0
LINE
  5
13A0
330
1B
100
AcDbEntity
  8
F.Silkscreen
  6
CONTINUOUS
100
AcDbLine
 10
6.5849154724409447
 20
-3.7861586614173226
 30
0
 11
6.577017125984252
 21
-3.7955700393700789
 31
0
  0
LINE
  5
13A1
330
1B
100
AcDbEntity
  8
F.Silkscreen
  6
CONTINUOUS
100
AcDbLine
 10
6.577017125984252
 20
-3.7955700393700789
 30
0
 11
6.5702648818897638
 21
-3.8058348031496063
 31
0
  0
LINE
  5
13A2
330
1B
100
AcDbEntity
  8
F.Silkscreen
  6
CONTINUOUS
100
AcDbLine
 10
6.5702648818897638
 20
-3.8058348031496063
 30
0
 11
6.5647501181102363
 21
-3.8168141338582675
 31
0
  0
LINE
  5
13A3
330
1B
100
AcDbEntity
  8
F.Silkscreen
  6
CONTINUOUS
100
AcDbLine
 10
6.5647501181102363
 20
-3.8168141338582675
 30
0
 11
6.5605474015748033
 21
-3.8283594881889762
 31
0
  0
LINE
  5
13A4
330
1B
100
AcDbEntity
  8
F.Silkscreen
  6
CONTINUOUS
100
AcDbLine
 10
6.5605474015748033
 20
-3.8283594881889762
 30
0
 11
6.5577136220472436
 21
-3.8403147637795274
 31
0
  0
LINE
  5
13A5
330
1B
100
AcDbEntity
  8
F.Silkscreen
  6
CONTINUOUS
100
AcDbLine
 10
6.5577136220472436
 20
-3.8403147637795274
 30
0
 11
6.5562870866141729
 21
-3.8525181496062992
 31
0
  0
LINE
  5
13A6
330
1B
100
AcDbEntity
  8
F.Silkscreen
  6
CONTINUOUS
100
AcDbLine
 10
6.5562870866141729
 20
-3.8525181496062992
 30
0
 11
6.5562870472440942
 21
-3.8586614173228346
 31
0
  0
LINE
  5
13A7
330
1B
100
AcDbEntity
  8
F.Silkscreen
  6
CONTINUOUS
100
AcDbLine
 10
6.5562870472440942
 20
-3.8586614173228346
 30
0
 11
6.5562870472440942
 21
-3.9323390944881891
 31
0
  0
LINE
  5
13A8
330
1B
100
AcDbEntity
  8
F.Silkscreen
  6
CONTINUOUS
100
AcDbLine
 10
6.5562870472440942
 20
-3.9323390944881891
 30
0
 11
6.556137440944882
 21
-3.9330909842519683
 31
0
  0
LINE
  5
13A9
330
1B
100
AcDbEntity
  8
F.Silkscreen
  6
CONTINUOUS
100
AcDbLine
 10
6.556137440944882
 20
-3.9330909842519683
 30
0
 11
6.5561374803149608
 21
-3.9330917322834646
 31
0
  0
LINE
  5
13AA
330
1B
100
AcDbEntity
  8
F.Silkscreen
  6
CONTINUOUS
100
AcDbLine
 10
6.5561374803149608
 20
-3.9330917322834646
 30
0
 11
6.556137283464567
 21
-3.9330918897637797
 31
0
  0
LINE
  5
13AB
330
1B
100
AcDbEntity
  8
F.Silkscreen
  6
CONTINUOUS
100
AcDbLine
 10
6.556137283464567
 20
-3.9330918897637797
 30
0
 11
6.5561372047244095
 21
-3.933092401574803
 31
0
  0
LINE
  5
13AC
330
1B
100
AcDbEntity
  8
F.Silkscreen
  6
CONTINUOUS
100
AcDbLine
 10
6.5561372047244095
 20
-3.933092401574803
 30
0
 11
6.5556049999999999
 21
-3.9336246062992126
 31
0
  0
LINE
  5
13AD
330
1B
100
AcDbEntity
  8
F.Silkscreen
  6
CONTINUOUS
100
AcDbLine
 10
6.5556049999999999
 20
-3.9336246062992126
 30
0
 11
6.555072519685039
 21
-3.9341574803149606
 31
0
  0
LINE
  5
13AE
330
1B
100
AcDbEntity
  8
F.Silkscreen
  6
CONTINUOUS
100
AcDbLine
 10
6.555072519685039
 20
-3.9341574803149606
 30
0
 11
6.5550720078740152
 21
-3.9341575590551181
 31
0
  0
LINE
  5
13AF
330
1B
100
AcDbEntity
  8
F.Silkscreen
  6
CONTINUOUS
100
AcDbLine
 10
6.5550720078740152
 20
-3.9341575590551181
 30
0
 11
6.5550718503937002
 21
-3.9341577559055119
 31
0
  0
LINE
  5
13B0
330
1B
100
AcDbEntity
  8
F.Silkscreen
  6
CONTINUOUS
100
AcDbLine
 10
6.5550718503937002
 20
-3.9341577559055119
 30
0
 11
6.5550711417322836
 21
-3.9341577559055119
 31
0
  0
LINE
  5
13B1
330
1B
100
AcDbEntity
  8
F.Silkscreen
  6
CONTINUOUS
100
AcDbLine
 10
6.5550711417322836
 20
-3.9341577559055119
 30
0
 11
6.5543192913385822
 21
-3.934307598425197
 31
0
  0
LINE
  5
13B2
330
1B
100
AcDbEntity
  8
F.Silkscreen
  6
CONTINUOUS
100
AcDbLine
 10
6.5543192913385822
 20
-3.934307598425197
 30
0
 11
5.4920177952755909
 21
-3.9347012992125983
 31
0
  0
LINE
  5
13B3
330
1B
100
AcDbEntity
  8
F.Silkscreen
  6
CONTINUOUS
100
AcDbLine
 10
5.4920177952755909
 20
-3.9347012992125983
 30
0
 11
5.4920173228346458
 21
-3.934701181102362
 31
0
  0
LINE
  5
13B4
330
1B
100
AcDbEntity
  8
F.Silkscreen
  6
CONTINUOUS
100
AcDbLine
 10
5.4920173228346458
 20
-3.934701181102362
 30
0
 11
5.4920170472440946
 21
-3.9347012992125983
 31
0
  0
LINE
  5
13B5
330
1B
100
AcDbEntity
  8
F.Silkscreen
  6
CONTINUOUS
100
AcDbLine
 10
5.4920170472440946
 20
-3.9347012992125983
 30
0
 11
5.4861824803149606
 21
-3.9347012992125983
 31
0
  0
LINE
  5
13B6
330
1B
100
AcDbEntity
  8
F.Silkscreen
  6
CONTINUOUS
100
AcDbLine
 10
5.4861824803149606
 20
-3.9347012992125983
 30
0
 11
5.4745984645669292
 21
-3.936107874015748
 31
0
  0
LINE
  5
13B7
330
1B
100
AcDbEntity
  8
F.Silkscreen
  6
CONTINUOUS
100
AcDbLine
 10
5.4745984645669292
 20
-3.936107874015748
 30
0
 11
5.4632684251968504
 21
-3.9389004724409449
 31
0
  0
LINE
  5
13B8
330
1B
100
AcDbEntity
  8
F.Silkscreen
  6
CONTINUOUS
100
AcDbLine
 10
5.4632684251968504
 20
-3.9389004724409449
 30
0
 11
5.4523576377952754
 21
-3.9430383858267715
 31
0
  0
LINE
  5
13B9
330
1B
100
AcDbEntity
  8
F.Silkscreen
  6
CONTINUOUS
100
AcDbLine
 10
5.4523576377952754
 20
-3.9430383858267715
 30
0
 11
5.4420251574803151
 21
-3.9484612992125983
 31
0
  0
LINE
  5
13BA
330
1B
100
AcDbEntity
  8
F.Silkscreen
  6
CONTINUOUS
100
AcDbLine
 10
5.4420251574803151
 20
-3.9484612992125983
 30
0
 11
5.4324216535433072
 21
-3.9550900787401573
 31
0
  0
LINE
  5
13BB
330
1B
100
AcDbEntity
  8
F.Silkscreen
  6
CONTINUOUS
100
AcDbLine
 10
5.4324216535433072
 20
-3.9550900787401573
 30
0
 11
5.4236872047244091
 21
-3.9628281496062989
 31
0
  0
LINE
  5
13BC
330
1B
100
AcDbEntity
  8
F.Silkscreen
  6
CONTINUOUS
100
AcDbLine
 10
5.4236872047244091
 20
-3.9628281496062989
 30
0
 11
5.4159491338582679
 21
-3.9715625984251965
 31
0
  0
LINE
  5
13BD
330
1B
100
AcDbEntity
  8
F.Silkscreen
  6
CONTINUOUS
100
AcDbLine
 10
5.4159491338582679
 20
-3.9715625984251965
 30
0
 11
5.4093203543307089
 21
-3.9811661023622045
 31
0
  0
LINE
  5
13BE
330
1B
100
AcDbEntity
  8
F.Silkscreen
  6
CONTINUOUS
100
AcDbLine
 10
5.4093203543307089
 20
-3.9811661023622045
 30
0
 11
5.4038974409448821
 21
-3.9914985826771652
 31
0
  0
LINE
  5
13BF
330
1B
100
AcDbEntity
  8
F.Silkscreen
  6
CONTINUOUS
100
AcDbLine
 10
5.4038974409448821
 20
-3.9914985826771652
 30
0
 11
5.3997595275590546
 21
-4.0024093700787402
 31
0
  0
LINE
  5
13C0
330
1B
100
AcDbEntity
  8
F.Silkscreen
  6
CONTINUOUS
100
AcDbLine
 10
5.3997595275590546
 20
-4.0024093700787402
 30
0
 11
5.3969669291338578
 21
-4.013739409448819
 31
0
  0
LINE
  5
13C1
330
1B
100
AcDbEntity
  8
F.Silkscreen
  6
CONTINUOUS
100
AcDbLine
 10
5.3969669291338578
 20
-4.013739409448819
 30
0
 11
5.3955603543307085
 21
-4.0253234251968504
 31
0
  0
LINE
  5
13C2
330
1B
100
AcDbEntity
  8
F.Silkscreen
  6
CONTINUOUS
100
AcDbLine
 10
5.3955603543307085
 20
-4.0253234251968504
 30
0
 11
5.3955603543307085
 21
-4.0311579921259844
 31
0
  0
LINE
  5
13C3
330
1B
100
AcDbEntity
  8
F.Silkscreen
  6
CONTINUOUS
100
AcDbLine
 10
5.3955603543307085
 20
-4.0311579921259844
 30
0
 11
5.3955603543307085
 21
-5.429976889763779
 31
0
  0
LINE
  5
13C4
330
1B
100
AcDbEntity
  8
F.Silkscreen
  6
CONTINUOUS
100
AcDbLine
 10
5.3955603543307085
 20
-5.429976889763779
 30
0
 11
5.3955603543307085
 21
-5.4299769291338578
 31
0
  0
LINE
  5
13C5
330
1B
100
AcDbEntity
  8
F.Silkscreen
  6
CONTINUOUS
100
AcDbLine
 10
5.3955603543307085
 20
-5.4299769291338578
 30
0
 11
5.3955601968503935
 21
-5.4358115354330705
 31
0
  0
LINE
  5
13C6
330
1B
100
AcDbEntity
  8
F.Silkscreen
  6
CONTINUOUS
100
AcDbLine
 10
5.3955601968503935
 20
-5.4358115354330705
 30
0
 11
5.3969665354330711
 21
-5.4473956692913381
 31
0
  0
LINE
  5
13C7
330
1B
100
AcDbEntity
  8
F.Silkscreen
  6
CONTINUOUS
100
AcDbLine
 10
5.3969665354330711
 20
-5.4473956692913381
 30
0
 11
5.3997589370078742
 21
-5.4587258267716532
 31
0
  0
LINE
  5
13C8
330
1B
100
AcDbEntity
  8
F.Silkscreen
  6
CONTINUOUS
100
AcDbLine
 10
5.3997589370078742
 20
-5.4587258267716532
 30
0
 11
5.4038967322834646
 21
-5.4696367716535432
 31
0
  0
LINE
  5
13C9
330
1B
100
AcDbEntity
  8
F.Silkscreen
  6
CONTINUOUS
100
AcDbLine
 10
5.4038967322834646
 20
-5.4696367716535432
 30
0
 11
5.4093195669291338
 21
-5.4799693700787397
 31
0
  0
LINE
  5
13CA
330
1B
100
AcDbEntity
  8
F.Silkscreen
  6
CONTINUOUS
100
AcDbLine
 10
5.4093195669291338
 20
-5.4799693700787397
 30
0
 11
5.4159483858267716
 21
-5.4895729527559052
 31
0
  0
LINE
  5
13CB
330
1B
100
AcDbEntity
  8
F.Silkscreen
  6
CONTINUOUS
100
AcDbLine
 10
5.4159483858267716
 20
-5.4895729527559052
 30
0
 11
5.4236864566929128
 21
-5.4983074803149607
 31
0
  0
LINE
  5
13CC
330
1B
100
AcDbEntity
  8
F.Silkscreen
  6
CONTINUOUS
100
AcDbLine
 10
5.4236864566929128
 20
-5.4983074803149607
 30
0
 11
5.4324209842519684
 21
-5.5060455511811019
 31
0
  0
LINE
  5
13CD
330
1B
100
AcDbEntity
  8
F.Silkscreen
  6
CONTINUOUS
100
AcDbLine
 10
5.4324209842519684
 20
-5.5060455511811019
 30
0
 11
5.4420245669291338
 21
-5.5126743700787397
 31
0
  0
LINE
  5
13CE
330
1B
100
AcDbEntity
  8
F.Silkscreen
  6
CONTINUOUS
100
AcDbLine
 10
5.4420245669291338
 20
-5.5126743700787397
 30
0
 11
5.4523571653543303
 21
-5.518097204724409
 31
0
  0
LINE
  5
13CF
330
1B
100
AcDbEntity
  8
F.Silkscreen
  6
CONTINUOUS
100
AcDbLine
 10
5.4523571653543303
 20
-5.518097204724409
 30
0
 11
5.4632681102362204
 21
-5.5222350000000002
 31
0
  0
LINE
  5
13D0
330
1B
100
AcDbEntity
  8
F.Silkscreen
  6
CONTINUOUS
100
AcDbLine
 10
5.4632681102362204
 20
-5.5222350000000002
 30
0
 11
5.4745982677165355
 21
-5.5250274015748033
 31
0
  0
LINE
  5
13D1
330
1B
100
AcDbEntity
  8
F.Silkscreen
  6
CONTINUOUS
100
AcDbLine
 10
5.4745982677165355
 20
-5.5250274015748033
 30
0
 11
5.4861824015748031
 21
-5.5264337401574801
 31
0
  0
LINE
  5
13D2
330
1B
100
AcDbEntity
  8
F.Silkscreen
  6
CONTINUOUS
100
AcDbLine
 10
5.4861824015748031
 20
-5.5264337401574801
 30
0
 11
5.4920170078740158
 21
-5.5264335826771651
 31
0
  0
LINE
  5
13D3
330
1B
100
AcDbEntity
  8
F.Silkscreen
  6
CONTINUOUS
100
AcDbLine
 10
5.4920170078740158
 20
-5.5264335826771651
 30
0
 11
5.4920170472440946
 21
-5.5264335826771651
 31
0
  0
LINE
  5
13D4
330
1B
100
AcDbEntity
  8
F.Silkscreen
  6
CONTINUOUS
100
AcDbLine
 10
5.4920170472440946
 20
-5.5264335826771651
 30
0
 11
6.6703635039370077
 21
-5.5264335826771651
 31
0
  0
LINE
  5
13D5
330
1B
100
AcDbEntity
  8
F.Silkscreen
  6
CONTINUOUS
100
AcDbLine
 10
6.6703635039370077
 20
-5.5264335826771651
 30
0
 11
6.6761980708661417
 21
-5.5264335826771651
 31
0
  0
LINE
  5
13D6
330
1B
100
AcDbEntity
  8
F.Silkscreen
  6
CONTINUOUS
100
AcDbLine
 10
6.6761980708661417
 20
-5.5264335826771651
 30
0
 11
6.6877820866141731
 21
-5.5250270078740158
 31
0
  0
LINE
  5
13D7
330
1B
100
AcDbEntity
  8
F.Silkscreen
  6
CONTINUOUS
100
AcDbLine
 10
6.6877820866141731
 20
-5.5250270078740158
 30
0
 11
6.6991121259842519
 21
-5.5222344094488189
 31
0
  0
LINE
  5
13D8
330
1B
100
AcDbEntity
  8
F.Silkscreen
  6
CONTINUOUS
100
AcDbLine
 10
6.6991121259842519
 20
-5.5222344094488189
 30
0
 11
6.7100229133858269
 21
-5.5180964960629924
 31
0
  0
LINE
  5
13D9
330
1B
100
AcDbEntity
  8
F.Silkscreen
  6
CONTINUOUS
100
AcDbLine
 10
6.7100229133858269
 20
-5.5180964960629924
 30
0
 11
6.7203553937007872
 21
-5.5126735826771656
 31
0
  0
LINE
  5
13DA
330
1B
100
AcDbEntity
  8
F.Silkscreen
  6
CONTINUOUS
100
AcDbLine
 10
6.7203553937007872
 20
-5.5126735826771656
 30
0
 11
6.7299588976377951
 21
-5.5060448031496065
 31
0
  0
LINE
  5
13DB
330
1B
100
AcDbEntity
  8
F.Silkscreen
  6
CONTINUOUS
100
AcDbLine
 10
6.7299588976377951
 20
-5.5060448031496065
 30
0
 11
6.7386933464566932
 21
-5.4983067322834644
 31
0
  0
LINE
  5
13DC
330
1B
100
AcDbEntity
  8
F.Silkscreen
  6
CONTINUOUS
100
AcDbLine
 10
6.7386933464566932
 20
-5.4983067322834644
 30
0
 11
6.7464314173228344
 21
-5.4895722834645664
 31
0
  0
LINE
  5
13DD
330
1B
100
AcDbEntity
  8
F.Silkscreen
  6
CONTINUOUS
100
AcDbLine
 10
6.7464314173228344
 20
-5.4895722834645664
 30
0
 11
6.7530601968503934
 21
-5.4799687795275593
 31
0
  0
LINE
  5
13DE
330
1B
100
AcDbEntity
  8
F.Silkscreen
  6
CONTINUOUS
100
AcDbLine
 10
6.7530601968503934
 20
-5.4799687795275593
 30
0
 11
6.7584831102362202
 21
-5.4696362992125982
 31
0
  0
LINE
  5
13DF
330
1B
100
AcDbEntity
  8
F.Silkscreen
  6
CONTINUOUS
100
AcDbLine
 10
6.7584831102362202
 20
-5.4696362992125982
 30
0
 11
6.7626210236220468
 21
-5.4587255118110232
 31
0
  0
LINE
  5
13E0
330
1B
100
AcDbEntity
  8
F.Silkscreen
  6
CONTINUOUS
100
AcDbLine
 10
6.7626210236220468
 20
-5.4587255118110232
 30
0
 11
6.7654136220472436
 21
-5.4473954724409444
 31
0
  0
LINE
  5
13E1
330
1B
100
AcDbEntity
  8
F.Silkscreen
  6
CONTINUOUS
100
AcDbLine
 10
6.7654136220472436
 20
-5.4473954724409444
 30
0
 11
6.7668201968503938
 21
-5.435811456692913
 31
0
  0
LINE
  5
13E2
330
1B
100
AcDbEntity
  8
F.Silkscreen
  6
CONTINUOUS
100
AcDbLine
 10
6.7668201968503938
 20
-5.435811456692913
 30
0
 11
6.7668201968503938
 21
-5.429976889763779
 31
0
  0
LINE
  5
13E3
330
1B
100
AcDbEntity
  8
F.Silkscreen
  6
CONTINUOUS
100
AcDbLine
 10
6.7668201968503938
 20
-5.429976889763779
 30
0
 11
6.7668201968503938
 21
-5.4299768503937003
 31
0
  0
LINE
  5
13E4
330
1B
100
AcDbEntity
  8
F.Silkscreen
  6
CONTINUOUS
100
AcDbLine
 10
6.7668201968503938
 20
-5.4299768503937003
 30
0
 11
6.7668201968503938
 21
-4.0311579921259844
 31
0
  0
LINE
  5
13E5
330
1B
100
AcDbEntity
  8
F.Silkscreen
  6
CONTINUOUS
100
AcDbLine
 10
6.7668201968503938
 20
-4.0311579921259844
 30
0
 11
6.7668206299212601
 21
-4.0311557480314963
 31
0
  0
LINE
  5
13E6
330
1B
100
AcDbEntity
  8
F.Silkscreen
  6
CONTINUOUS
100
AcDbLine
 10
6.7668206299212601
 20
-4.0311557480314963
 30
0
 11
6.7668201968503938
 21
-4.0311535039370074
 31
0
  0
LINE
  5
13E7
330
1B
100
AcDbEntity
  8
F.Silkscreen
  6
CONTINUOUS
100
AcDbLine
 10
6.7668201968503938
 20
-4.0311535039370074
 30
0
 11
6.7672138976377951
 21
-3.8586959448818896
 31
0
  0
LINE
  5
13E8
330
1B
100
AcDbEntity
  8
F.Silkscreen
  6
CONTINUOUS
100
AcDbLine
 10
6.7672138976377951
 20
-3.8586959448818896
 30
0
 11
6.7672138976377951
 21
-3.8586959055118109
 31
0
  0
LINE
  5
13E9
330
1B
100
AcDbEntity
  8
F.Silkscreen
  6
CONTINUOUS
100
AcDbLine
 10
6.7672138976377951
 20
-3.8586959055118109
 30
0
 11
6.7672161023622044
 21
-3.8525564566929131
 31
0
  0
LINE
  5
13EA
330
1B
100
AcDbEntity
  8
F.Silkscreen
  6
CONTINUOUS
100
AcDbLine
 10
6.7672161023622044
 20
-3.8525564566929131
 30
0
 11
6.7657939763779522
 21
-3.8403525196850392
 31
0
  0
LINE
  5
13EB
330
1B
100
AcDbEntity
  8
F.Silkscreen
  6
CONTINUOUS
100
AcDbLine
 10
6.7657939763779522
 20
-3.8403525196850392
 30
0
 11
6.7629645275590553
 21
-3.8283962598425196
 31
0
  0
LINE
  5
13EC
330
1B
100
AcDbEntity
  8
F.Silkscreen
  6
CONTINUOUS
100
AcDbLine
 10
6.7629645275590553
 20
-3.8283962598425196
 30
0
 11
6.758766023622047
 21
-3.81684937007874
 31
0
  0
LINE
  5
13ED
330
1B
100
AcDbEntity
  8
F.Silkscreen
  6
CONTINUOUS
100
AcDbLine
 10
6.758766023622047
 20
-3.81684937007874
 30
0
 11
6.7532552755905506
 21
-3.8058680314960629
 31
0
  0
LINE
  5
13EE
330
1B
100
AcDbEntity
  8
F.Silkscreen
  6
CONTINUOUS
100
AcDbLine
 10
6.7532552755905506
 20
-3.8058680314960629
 30
0
 11
6.7465067322834642
 21
-3.7956007874015749
 31
0
  0
LINE
  5
13EF
330
1B
100
AcDbEntity
  8
F.Silkscreen
  6
CONTINUOUS
100
AcDbLine
 10
6.7465067322834642
 20
-3.7956007874015749
 30
0
 11
6.7386118110236222
 21
-3.7861865354330706
 31
0
  0
LINE
  5
13F0
330
1B
100
AcDbEntity
  8
F.Silkscreen
  6
CONTINUOUS
100
AcDbLine
 10
6.7386118110236222
 20
-3.7861865354330706
 30
0
 11
6.7296771653543308
 21
-3.7777526377952757
 31
0
  0
LINE
  5
13F1
330
1B
100
AcDbEntity
  8
F.Silkscreen
  6
CONTINUOUS
100
AcDbLine
 10
6.7296771653543308
 20
-3.7777526377952757
 30
0
 11
6.7198237401574801
 21
-3.7704131102362202
 31
0
  0
LINE
  5
13F2
330
1B
100
AcDbEntity
  8
F.Silkscreen
  6
CONTINUOUS
100
AcDbLine
 10
6.7198237401574801
 20
-3.7704131102362202
 30
0
 11
6.709184803149606
 21
-3.7642672834645667
 31
0
  0
LINE
  5
13F3
330
1B
100
AcDbEntity
  8
F.Silkscreen
  6
CONTINUOUS
100
AcDbLine
 10
6.709184803149606
 20
-3.7642672834645667
 30
0
 11
6.6979042519685041
 21
-3.7593982677165352
 31
0
  0
LINE
  5
13F4
330
1B
100
AcDbEntity
  8
F.Silkscreen
  6
CONTINUOUS
100
AcDbLine
 10
6.6979042519685041
 20
-3.7593982677165352
 30
0
 11
6.6861346850393701
 21
-3.7558719291338583
 31
0
  0
LINE
  5
13F5
330
1B
100
AcDbEntity
  8
F.Silkscreen
  6
CONTINUOUS
100
AcDbLine
 10
6.6861346850393701
 20
-3.7558719291338583
 30
0
 11
6.6740352362204725
 21
-3.7537359448818899
 31
0
  0
LINE
  5
13F6
330
1B
100
AcDbEntity
  8
F.Silkscreen
  6
CONTINUOUS
100
AcDbLine
 10
6.6740352362204725
 20
-3.7537359448818899
 30
0
 11
6.661769645669291
 21
-3.7530192519685039
 31
0
  0
LINE
  5
13F7
330
1B
100
AcDbEntity
  8
F.Silkscreen
  6
CONTINUOUS
100
AcDbLine
 10
6.661769645669291
 20
-3.7530192519685039
 30
0
 11
6.6495038188976379
 21
-3.7537314960629922
 31
0
  0
ENDSEC
  0
SECTION
  2
OBJECTS
  0
DICTIONARY
  5
21
330
0
100
AcDbDictionary
281
1
  3
ACAD_GROUP
350
13F8
  3
ACAD_LAYOUT
350
22
  3
ACAD_PLOTSTYLENAME
350
11
  0
DICTIONARY
  5
13F8
330
21
100
AcDbDictionary
281
1
  0
ACDBDICTIONARYWDFLT
  5
11
330
21
100
AcDbDictionary
281
1
  3
Normal
350
10
100
AcDbDictionaryWithDefault
340
10
  0
ACDBPLACEHOLDER
  5
10
330
11
  0
DICTIONARY
  5
22
330
21
100
AcDbDictionary
281
1
  3
Model
350
1E
  3
Layout1
350
1F
  3
Layout2
350
20
  0
LAYOUT
  5
1E
330
22
100
AcDbPlotSettings
  1

  2
none_device
  4
A3
  6

 40
0.0
 41
0.0
 42
0.0
 43
0.0
 44
420.0
 45
297.0
 46
0.0
 47
0.0
 48
0.0
 49
0.0
140
0.0
141
0.0
142
1.0
143
1.0
 70
1024
 72
1
 73
0
 74
5
  7

 75
16
 76
0
 77
2
 78
300
147
1.0
148
0.0
149
0.0
100
AcDbLayout
  1
Model
 70
1
 71
0
 10
0.0
 20
0.0
 11
420.0
 21
297.0
 12
0.0
 22
0.0
 32
0.0
 14
1e+20
 24
1e+20
 34
1e+20
 15
-1e+20
 25
-1e+20
 35
-1e+20
146
0.0
 13
0.0
 23
0.0
 33
0.0
 16
1.0
 26
0.0
 36
0.0
 17
0.0
 27
1.0
 37
0.0
 76
0
330
1B
  0
LAYOUT
  5
1F
330
22
100
AcDbPlotSettings
  1

  2
none_device
  4
A3
  6

 40
0.0
 41
0.0
 42
0.0
 43
0.0
 44
420.0
 45
297.0
 46
0.0
 47
0.0
 48
0.0
 49
0.0
140
0.0
141
0.0
142
1.0
143
1.0
 70
0
 72
1
 73
0
 74
5
  7

 75
16
 76
0
 77
2
 78
300
147
1.0
148
0.0
149
0.0
100
AcDbLayout
  1
Layout1
 70
1
 71
1
 10
0.0
 20
0.0
 11
420.0
 21
297.0
 12
0.0
 22
0.0
 32
0.0
 14
1e+20
 24
1e+20
 34
1e+20
 15
-1e+20
 25
-1e+20
 35
-1e+20
146
0.0
 13
0.0
 23
0.0
 33
0.0
 16
1.0
 26
0.0
 36
0.0
 17
0.0
 27
1.0
 37
0.0
 76
0
330
1C
  0
LAYOUT
  5
20
330
22
100
AcDbPlotSettings
  1

  2
none_device
  4
A3
  6

 40
0.0
 41
0.0
 42
0.0
 43
0.0
 44
420.0
 45
297.0
 46
0.0
 47
0.0
 48
0.0
 49
0.0
140
0.0
141
0.0
142
1.0
143
1.0
 70
0
 72
1
 73
0
 74
5
  7

 75
16
 76
0
 77
2
 78
300
147
1.0
148
0.0
149
0.0
100
AcDbLayout
  1
Layout2
 70
1
 71
2
 10
0.0
 20
0.0
 11
420.0
 21
297.0
 12
0.0
 22
0.0
 32
0.0
 14
1e+20
 24
1e+20
 34
1e+20
 15
-1e+20
 25
-1e+20
 35
-1e+20
146
0.0
 13
0.0
 23
0.0
 33
0.0
 16
1.0
 26
0.0
 36
0.0
 17
0.0
 27
1.0
 37
0.0
 76
0
330
1D
  0
ENDSEC
  0
EOF
